filename,latitude,longitude,heading,status
streetview_0.png,40.81086734874652,-73.90089566662917,46.69469855968879,saved
streetview_1.png,40.78839512062447,-73.92803177191422,213.7516323508623,saved
streetview_2.png,40.82896510000001,-73.8421252,260.01766061362343,saved
streetview_3.png,40.8043340894442,-73.97189407207098,209.7160164253736,saved
streetview_4.png,40.75576007849432,-73.85217743349509,9.684549944644573,saved
streetview_5.png,40.701512300000005,-74.01196820000001,253.60006496462975,saved
streetview_6.png,40.887967514605904,-73.8023758133576,217.5778211402081,saved
streetview_7.png,40.63122507371124,-74.04017600694897,18.83031382963037,saved
streetview_8.png,40.84072080970563,-73.94601903693163,202.74939836260364,saved
streetview_9.png,40.60921265863041,-74.03637061578694,66.97212980636289,saved
streetview_10.png,40.735254249354526,-73.91803719208798,84.98482661926477,saved
streetview_11.png,40.86809342220662,-73.95405392134309,5.185136094990696,saved
streetview_12.png,40.76152486376287,-73.85903670092728,318.3139880804049,saved
streetview_13.png,40.6967749058684,-73.9629152401973,29.173501912827646,saved
streetview_14.png,40.727064074974,-74.01887943214484,102.60765608877485,saved
streetview_15.png,40.82642513123751,-73.93116449633642,186.31217353509007,saved
streetview_16.png,40.8341680944047,-73.82309808260936,147.24617457057923,saved
streetview_17.png,40.7295378960546,-73.76249154808735,131.893212534927,saved
,40.69883711040875,-74.01461712940271,164.31892230290123,failed_404
streetview_19.png,40.6841392269353,-73.70831535292604,303.43410970448934,saved
streetview_20.png,40.59716172239778,-74.00391720210851,300.0503770485041,saved
streetview_21.png,40.81863412361547,-73.80787146904878,288.64290970071744,saved
streetview_22.png,40.6061130870309,-74.04582394910764,66.97116260955363,saved
streetview_23.png,40.89986978548133,-73.89111610659744,250.70712193108693,saved
streetview_24.png,40.863776708229054,-73.9740299628811,355.93936445176354,saved
streetview_25.png,40.82116882347887,-73.93089382165634,176.8819378216847,saved
streetview_26.png,40.72863775756672,-73.92754488165234,37.16592078621642,saved
streetview_27.png,40.776577329215314,-73.99086597419839,208.93099877833225,saved
streetview_28.png,40.73142106463254,-73.91769116392656,110.79605334532556,saved
streetview_29.png,40.84407239491184,-73.93039725793844,17.66087005657357,saved
streetview_30.png,40.85051698078951,-73.94648441925898,284.5655671308272,saved
streetview_31.png,40.74684624017619,-73.83543503800637,210.63747042148975,saved
streetview_32.png,40.64671658746876,-73.8014337271762,320.1692493567276,saved
streetview_33.png,40.819248704422414,-73.93076009805021,177.20801269900358,saved
streetview_34.png,40.66506754668026,-73.8242905545116,274.1483548739403,saved
streetview_35.png,40.60564990534761,-74.03127465318535,129.4645197053356,saved
streetview_36.png,40.76598920848012,-73.90358478616245,342.46057016200643,saved
streetview_37.png,40.86790133220676,-74.00463108376127,224.9996809692276,saved
streetview_38.png,40.72911935569279,-73.97187744423475,168.27439286522906,saved
streetview_39.png,40.68719606881912,-73.71727747201818,286.9250222264808,saved
streetview_40.png,40.821825585998745,-73.81753569674068,289.6224537410148,saved
streetview_41.png,40.63998214787965,-74.02513148582744,275.8689559174732,saved
streetview_42.png,40.90529448658466,-73.93526252668434,208.30329887949077,saved
streetview_43.png,40.8275343,-73.8484773,257.8580090193234,saved
streetview_44.png,40.7397165,-73.97293080000001,13.364292951768334,saved
streetview_45.png,40.66732819128824,-73.76963697138464,278.17073447015844,saved
streetview_46.png,40.665799,-73.8019455,193.58595740994105,saved
streetview_47.png,40.73096792199016,-73.87435237978099,248.3672189046924,saved
streetview_48.png,40.77126989476737,-73.8706037485264,112.45365363425628,saved
streetview_49.png,40.73396764140861,-73.97446839809656,349.0535388985328,saved
streetview_50.png,40.76180888772512,-73.84390484831772,56.31187229109014,saved
streetview_51.png,40.88356280961919,-73.94626450703359,33.01770819614961,saved
streetview_52.png,40.75017049125672,-73.8351605402705,159.61537701789337,saved
streetview_53.png,40.889892920699765,-73.81532990510593,348.59497417168814,saved
streetview_54.png,40.71389969373722,-73.97704209049671,201.52913898967637,saved
streetview_55.png,40.767072786442746,-74.02127355922518,356.8345167255049,saved
streetview_56.png,40.86664473888763,-74.0070332712969,241.76454454240985,saved
streetview_57.png,40.60492185086154,-74.02971357068698,110.2473721234411,saved
streetview_58.png,40.66648392539727,-73.79525948543687,266.772877787777,saved
streetview_59.png,40.7668033454131,-74.02103357957876,90.29088453810976,saved
streetview_60.png,40.66097634864656,-73.85195218554203,48.81758501084039,saved
streetview_61.png,40.85044924226832,-73.83630493991504,184.14561915471185,saved
streetview_62.png,40.72496947596303,-73.72457956348065,189.23022797634948,saved
streetview_63.png,40.86774365501401,-74.05130636293556,281.18682835263587,saved
streetview_64.png,40.74054584883048,-73.8372061067718,347.40893420101906,saved
streetview_65.png,40.58439796250047,-73.91712454147368,258.1215650187929,saved
streetview_66.png,40.76270223345905,-74.00858162426702,299.05686215909526,saved
streetview_67.png,40.7875058,-73.9285758,33.80178065913572,saved
streetview_68.png,40.75779271716487,-73.95927560391439,31.098864922268376,saved
streetview_69.png,40.729455040612415,-73.87873267523533,241.53928693477215,saved
streetview_70.png,40.66509004615891,-73.82667090489703,94.81473774376592,saved
streetview_71.png,40.72833277507299,-74.0256068191234,282.0607892376624,saved
streetview_72.png,40.72595442725228,-73.7608259802752,279.4583761697986,saved
streetview_73.png,40.649453545385086,-73.975485902197,162.09171809657175,saved
streetview_74.png,40.75897557396176,-73.73620310562643,232.66171726217829,saved
streetview_75.png,40.8738311,-73.9058807,200.7114831728464,saved
streetview_76.png,40.76598806062228,-73.89276395969308,86.17070978634484,saved
streetview_77.png,40.72620450858626,-74.01248534618718,103.4598413815924,saved
streetview_78.png,40.76042729999999,-73.8576518,116.77244496169936,saved
streetview_79.png,40.72418899222701,-74.0087309201007,134.73579606084962,saved
streetview_80.png,40.65406631842009,-74.00797347295715,38.94452783902017,saved
streetview_81.png,40.837299613945206,-73.87351713266695,196.15213703892957,saved
streetview_82.png,40.63105453260728,-73.88529200817372,229.27451595769853,saved
streetview_83.png,40.76575847650101,-73.90359752951608,162.3595931601252,saved
streetview_84.png,40.72048418974752,-73.78008653912705,60.2440541792692,saved
streetview_85.png,40.60181296491719,-74.01215675926238,295.3355437988039,saved
streetview_86.png,40.70999336662467,-73.99004785739913,258.8531608062957,saved
streetview_87.png,40.81518616940947,-73.89564325209702,217.58021318693596,saved
streetview_88.png,40.66121753881179,-74.0005253075742,38.31390578199148,saved
streetview_89.png,40.7864790662972,-73.77503037436081,320.18946778346947,saved
streetview_90.png,40.7695702131608,-73.91373111354012,101.83601973184408,saved
streetview_91.png,40.894578474558514,-73.8823514075528,35.92617532206066,saved
streetview_92.png,40.80254274634847,-73.93017869165686,349.23238896278986,saved
streetview_93.png,40.82379982334529,-73.87645717236583,80.46130637831232,saved
streetview_94.png,40.74608362550247,-73.73013897517181,212.47389077919652,saved
streetview_95.png,40.743873226037785,-73.83746459393772,16.521007737326443,saved
streetview_96.png,40.71637739655461,-73.82538506673843,79.47183350827027,saved
streetview_97.png,40.72244344498923,-73.8357702672444,330.7740773078255,saved
streetview_98.png,40.8951127,-73.8168527,166.44277314234307,saved
streetview_99.png,40.84502656911112,-73.90969529189957,93.80775088393432,saved
streetview_100.png,40.89017135136147,-73.81540420329861,348.53953681830694,saved
streetview_101.png,40.89503102242418,-73.88191761822844,35.926460147855096,saved
streetview_102.png,40.62310204692571,-74.02041392192777,31.342980515129057,saved
streetview_103.png,40.7894118813213,-73.78559298580538,84.37907244515662,saved
streetview_104.png,40.82917930000001,-73.8356796,73.47963615712615,saved
streetview_105.png,40.73840400000001,-73.9029572,64.47905594645965,saved
streetview_106.png,40.83324208613446,-73.86026216378711,291.43437653087085,saved
streetview_107.png,40.78472593444996,-73.94146586859048,236.5660369869708,saved
streetview_108.png,40.70727359999999,-73.9577028,23.336859283587444,saved
streetview_109.png,40.69740860000002,-73.8719126,77.08806323562749,saved
streetview_110.png,40.90071772142851,-73.87888275815855,7.065771383695221,saved
streetview_111.png,40.8754919,-73.8184567,0.6268199804178494,saved
streetview_112.png,40.74272010601249,-73.73005788168172,299.9535821027094,saved
streetview_113.png,40.85889020329052,-73.93759203227499,212.36472476538736,saved
streetview_114.png,40.7914396567085,-73.98092090242541,27.80911154229335,saved
streetview_115.png,40.85709491277521,-73.91747702438953,197.52882690549325,saved
streetview_116.png,40.87368406994446,-73.95142506572782,199.8681958630105,saved
streetview_117.png,40.85822666871756,-73.96081344770745,25.04113158413384,saved
streetview_118.png,40.84639132236244,-73.93168080165682,299.28505191089243,saved
streetview_119.png,40.8266281609285,-73.85501764607324,259.887383811964,saved
streetview_120.png,40.71041564341047,-73.95614604205112,198.5036682043357,saved
streetview_121.png,40.636585065629625,-74.01892073429376,126.90344018320523,saved
streetview_122.png,40.760344545282805,-74.00354327881202,119.05949064695405,saved
streetview_123.png,40.71386314829127,-73.82430942999444,332.7835558035692,saved
streetview_124.png,40.8868394777704,-73.81169217297489,276.1015552238291,saved
streetview_125.png,40.89922227407012,-73.8852494284435,152.02160416701872,saved
streetview_126.png,40.72193300604209,-73.9412012487229,46.394691354086376,saved
streetview_127.png,40.887592892580905,-73.88764671517701,170.9476024467391,saved
streetview_128.png,40.86721455005722,-74.02924753232593,275.45468241095386,saved
streetview_129.png,40.89651649999998,-73.7976314,5.519174088584123,saved
streetview_130.png,40.86494909736015,-73.87202395238093,178.5905569581671,saved
streetview_131.png,40.873632176064696,-73.95121657952456,20.434800923983687,saved
streetview_132.png,40.73377088547692,-73.74518180529074,225.6058474453941,saved
streetview_133.png,40.807654689563016,-73.90539881172167,46.69174179610803,saved
streetview_134.png,40.59056003882563,-73.90794382847908,5.56645869695393,saved
streetview_135.png,40.58513639484013,-73.92915643168719,291.59897726947213,saved
streetview_136.png,40.645662515770944,-73.78487638488356,59.75641480879534,saved
streetview_137.png,40.65353894654447,-74.00840896785198,38.13462521066231,saved
streetview_138.png,40.73421730000001,-73.8441701,342.3715427426619,saved
streetview_139.png,40.73200564583511,-73.74736874786136,220.133445926785,saved
streetview_140.png,40.80406164478882,-73.97189995579137,29.650282460266112,saved
streetview_141.png,40.80761813147144,-73.79360606325805,359.5138352011719,saved
streetview_142.png,40.70201190000001,-74.00958920000001,317.0490351652033,saved
streetview_143.png,40.8446867,-73.8717044,189.70885013021564,saved
streetview_144.png,40.86586679999999,-73.8719651,153.16061115259367,saved
streetview_145.png,40.74135771609628,-73.78468792227079,70.1027376763804,saved
streetview_146.png,40.696122722129786,-73.97299637240583,272.8123740241764,saved
streetview_147.png,40.77861803915866,-73.826982327482,203.92101136884008,saved
streetview_148.png,40.78643987390854,-73.80631051609804,276.8652175306688,saved
streetview_149.png,40.74243304638357,-73.95971187155331,293.47364804672264,saved
streetview_150.png,40.72828750453749,-73.97164471045005,1.2100257220711228,saved
streetview_151.png,40.78623351802977,-73.80376570927115,275.60233121408555,saved
streetview_152.png,40.77946335591455,-73.78481290742046,173.1964032499568,saved
streetview_153.png,40.61975573368375,-74.02313040138264,33.10682304876747,saved
streetview_154.png,40.86693432943422,-74.03647657833336,88.58375706830532,saved
streetview_155.png,40.86738888927907,-74.04794181391094,276.21132318516976,saved
streetview_156.png,40.85699245758563,-73.97347724969853,126.4995745661584,saved
streetview_157.png,40.59143927534815,-73.99397137867307,327.0570845452932,saved
streetview_158.png,40.82987851482177,-73.83746148936089,165.77614966577096,saved
streetview_159.png,40.74630139027838,-73.89493127197017,160.59208984497582,saved
streetview_160.png,40.5838857,-73.9672561,86.05830086872288,saved
streetview_161.png,40.74033360235703,-73.94368303376807,298.68445458003384,saved
streetview_162.png,40.718776031812816,-73.79333862085075,70.86435442965922,saved
streetview_163.png,40.79769294201814,-73.91981904660933,29.77624583719773,saved
streetview_164.png,40.88844548843835,-73.80197400261444,210.67838785964284,saved
streetview_165.png,40.87430790080905,-73.90544732347495,21.96362701023241,saved
streetview_166.png,40.87163427175096,-73.87208328755185,187.8231702508668,saved
streetview_167.png,40.796284444629634,-73.8259491746148,333.8147212701099,saved
streetview_168.png,40.74316823586352,-73.96122665445483,311.98282224997223,saved
streetview_169.png,40.83721423879185,-73.82469305926847,347.83827781118595,saved
streetview_170.png,40.711983532135214,-73.96666199106379,291.0839373513252,saved
streetview_171.png,40.865530762017215,-74.0161985114251,276.75907695982386,saved
streetview_172.png,40.76550616552496,-73.89439228625997,45.13343278769378,saved
streetview_173.png,40.6669238058093,-73.78448384094112,262.8736378694539,saved
streetview_174.png,40.7866064,-73.8091362,98.38437307529476,saved
streetview_175.png,40.859429106388085,-73.97597265171576,188.2714922631172,saved
streetview_176.png,40.70956439864452,-73.99291094500107,258.8770078206527,saved
streetview_177.png,40.7405873395708,-73.94433047605698,293.9682643813967,saved
streetview_178.png,40.88006615141193,-73.81740800547905,194.62899033115843,saved
streetview_179.png,40.74249280759904,-73.97227890409646,15.30953762803682,saved
streetview_180.png,40.81074541235156,-73.93497300888582,189.78825238204715,saved
streetview_181.png,40.63187730460724,-74.04000256340291,198.96467520385085,saved
streetview_182.png,40.698027058189226,-73.86976319425473,54.39982019613291,saved
streetview_183.png,40.639935703308346,-74.0245130035021,82.119667814232,saved
streetview_184.png,40.84217792541719,-73.88902145402048,306.38826479026375,saved
streetview_185.png,40.73201669999999,-73.8708619,248.3821301714368,saved
streetview_186.png,40.813741615426274,-73.96485899912682,25.021365556964668,saved
streetview_187.png,40.73021856021376,-73.92670608467077,207.1048358718375,saved
streetview_188.png,40.72686735509248,-73.9718459102966,6.484064860558419,saved
streetview_189.png,40.85868985399209,-73.97478580257965,300.0919163581248,saved
streetview_190.png,40.82898229999999,-73.8371547,166.2781145131645,saved
streetview_191.png,40.65659756835268,-73.79229227228453,328.4701907186765,saved
streetview_192.png,40.640412943453896,-73.87757877399365,20.91226677865092,saved
streetview_193.png,40.79397034462387,-73.79364722495443,179.54530566354174,saved
streetview_194.png,40.77019774384524,-73.86831189990893,129.8402690492705,saved
streetview_195.png,40.8434230216537,-73.89297789623015,100.71633883199615,saved
streetview_196.png,40.75090359866233,-73.74986885080874,253.3659946175472,saved
streetview_197.png,40.85191739845022,-73.95352622084128,284.5652241610669,saved
streetview_198.png,40.7840879,-74.0475729,349.1288530953707,saved
streetview_199.png,40.79118928788902,-73.98109338825137,27.545701854477784,saved
streetview_200.png,40.6878255,-73.7235819,69.8499374778973,saved
streetview_201.png,40.88625640770095,-73.81788051034845,251.0097329742855,saved
streetview_202.png,40.72569546983321,-74.05340422877974,14.660582559786915,saved
streetview_203.png,40.7676423611488,-73.83788279675923,32.75754961864442,saved
streetview_204.png,40.72358989999999,-73.7756777,230.1946822884764,saved
streetview_205.png,40.856596391700336,-73.92277961174042,359.3939040233048,saved
streetview_206.png,40.70348915581731,-73.72736537683956,178.08366639298356,saved
streetview_207.png,40.86860177925694,-74.05505687960485,121.42253767822262,saved
streetview_208.png,40.75548894319439,-73.77636244280836,346.56484531933336,saved
streetview_209.png,40.7198558668324,-73.94462479420586,51.42562511643848,saved
streetview_210.png,40.83865729242538,-73.8255056601112,358.66066278164124,saved
streetview_211.png,40.78937590000001,-73.78596330000002,82.68681201419605,saved
streetview_212.png,40.88899450099073,-73.86575381239201,18.80160036092053,saved
streetview_213.png,40.89229154448322,-73.81609189553147,169.1295783366253,saved
streetview_214.png,40.66421004267367,-73.78993106702758,210.6773126122769,saved
streetview_215.png,40.86133710422232,-73.91352034679835,224.93115771439076,saved
streetview_216.png,40.778077729823885,-74.04569397152238,346.3739241776637,saved
streetview_217.png,40.65613729149948,-73.98085816543282,308.9630686822805,saved
streetview_218.png,40.73225510068668,-73.87006752077006,248.45762856198775,saved
streetview_219.png,40.86638363063837,-73.83166171506895,157.6103810791476,saved
streetview_220.png,40.76688833424956,-73.715797902605,222.32984761610865,saved
streetview_221.png,40.74554996615411,-73.84779102419934,157.69416594733457,saved
streetview_222.png,40.845055960781735,-73.92693418912977,107.63116314905886,saved
streetview_223.png,40.86348877971536,-73.97402657694516,359.49045734875307,saved
streetview_224.png,40.64124005578755,-74.02118801382954,28.54875296379652,saved
streetview_225.png,40.88681612747452,-73.80400833188645,240.1040969116572,saved
streetview_226.png,40.776634374260354,-73.92447713840619,125.93956864422154,saved
streetview_227.png,40.76857520000001,-73.8370368,37.97081903969638,saved
streetview_228.png,40.617556391060695,-74.04045836626115,350.32749931759696,saved
streetview_229.png,40.73810585343542,-73.79730766735048,83.94827401355042,saved
streetview_230.png,40.88128427660947,-73.83090471806983,225.54463635787445,saved
streetview_231.png,40.70550225383936,-73.9587172610958,23.114265715265333,saved
streetview_232.png,40.76344679999999,-73.8610553,147.16149875821918,saved
streetview_233.png,40.64171029562787,-74.02081378128783,38.51246798294113,saved
streetview_234.png,40.60767864307177,-74.04133717946934,66.9689955182672,saved
streetview_235.png,40.707929426369546,-73.84583917231687,87.48897302575091,saved
streetview_236.png,40.76264035582896,-73.84298000930013,238.28782321361555,saved
streetview_237.png,40.725649811816886,-73.89175097736027,252.3725050651167,saved
streetview_238.png,40.71472594771715,-73.97661205057935,201.52942135293125,saved
streetview_239.png,40.828833983558965,-73.84478567379671,274.87741192946294,saved
streetview_240.png,40.682347405266434,-73.72722257233363,25.145848506368623,saved
streetview_241.png,40.73857812385529,-73.80803571894769,272.64572961648105,saved
streetview_242.png,40.61326760000001,-74.029279,87.57254320396885,saved
streetview_243.png,40.76636742504115,-73.75919277227817,345.1022010423964,saved
streetview_244.png,40.828255355474525,-73.95280885293865,215.132027181777,saved
streetview_245.png,40.665605,-73.7921002,309.3349850579551,saved
streetview_246.png,40.70805737504912,-73.84497951842975,262.0057084724232,saved
streetview_247.png,40.746901374940585,-73.73659941031794,141.4249686056882,saved
streetview_248.png,40.75200744777909,-73.83621958915397,332.52884020320096,saved
streetview_249.png,40.83624831185839,-73.87266480537195,95.469186525213,saved
streetview_250.png,40.66715570000002,-73.7395915,211.2572203777761,saved
streetview_251.png,40.76251117744032,-73.9021539767307,342.4045745387714,saved
streetview_252.png,40.73552250473918,-73.74273397131954,39.579968702739336,saved
streetview_253.png,40.87139441019694,-73.90684393284607,19.32957887250524,saved
streetview_254.png,40.85611140000001,-73.8723097,298.62844615533595,saved
streetview_255.png,40.71082798724397,-73.98041377758163,78.44446195784906,saved
streetview_256.png,40.66639160000001,-73.801915,272.5536534054846,saved
streetview_257.png,40.82889003617105,-73.93495562741221,173.48332677936764,saved
streetview_258.png,40.78740514572968,-73.93821333805508,25.348615280371405,saved
streetview_259.png,40.76197421791731,-74.00741551061134,119.05694810632924,saved
streetview_260.png,40.88647969867745,-73.8113946119751,103.41077369348808,saved
streetview_261.png,40.6680495207389,-73.73832601178813,28.93836128973629,saved
streetview_262.png,40.766790802297805,-73.90391929519858,342.4604237388551,saved
streetview_263.png,40.87404462557692,-73.99512946489642,61.506180133514135,saved
streetview_264.png,40.8941653,-73.8623816,38.58262360012549,saved
streetview_265.png,40.84423577477897,-73.92725914596998,203.73797918588951,saved
streetview_266.png,40.88744879082106,-73.91184672046185,209.0566824786486,saved
streetview_267.png,40.6224784813777,-74.04130790706697,357.78691586264256,saved
streetview_268.png,40.830117172485686,-73.81965526972263,147.27459216429298,saved
streetview_269.png,40.613180876176,-74.02913138720683,45.458876841992776,saved
streetview_270.png,40.665746976063886,-73.75381311590571,89.84046383504881,saved
streetview_271.png,40.84926325984317,-73.87143824672115,180.25908554909356,saved
streetview_272.png,40.8426986,-73.8376946,14.527312754402942,saved
streetview_273.png,40.81219015679823,-73.89904130405522,46.695916135839184,saved
streetview_274.png,40.839028619204086,-73.94705401123882,33.61847041666567,saved
streetview_275.png,40.89611749437489,-73.93976974828885,25.272346866020317,saved
streetview_276.png,40.78910738840205,-74.05099051766591,316.5830307391642,saved
streetview_277.png,40.66543904473708,-73.79175653124261,294.40844121464784,saved
streetview_278.png,40.85828488211354,-73.97911447853872,74.95008730808246,saved
streetview_279.png,40.68647686582394,-73.80742441635789,337.40492058337554,saved
streetview_280.png,40.73639939585558,-73.7418183097412,37.10286047735406,saved
streetview_281.png,40.72715033136968,-73.97180347128489,6.348573603752129,saved
streetview_282.png,40.75801109561668,-73.99937038764594,119.04021555525604,saved
streetview_283.png,40.843707288605735,-74.00543297756995,283.6453265455567,saved
streetview_284.png,40.666085451669154,-73.83357819629092,291.04902494112326,saved
streetview_285.png,40.75099551175385,-73.85138807312822,158.65402095367142,saved
streetview_286.png,40.7580565,-73.8543306,153.62429867418768,saved
streetview_287.png,40.662811501938336,-73.81381515938229,88.02783245035374,saved
streetview_288.png,40.8280607,-73.8452504,74.19815643717936,saved
streetview_289.png,40.78360483677889,-73.92957917765023,336.4635843993504,saved
streetview_290.png,40.87281650662079,-73.99803177452753,232.1608565474937,saved
streetview_291.png,40.78608184995485,-73.80330148430086,95.21171239218324,saved
streetview_292.png,40.67474244414842,-73.80199547176308,160.6720348023183,saved
streetview_293.png,40.866840465714965,-74.04127992949941,88.50034110922923,saved
streetview_294.png,40.65279950022172,-73.97710506535266,337.0444412327564,saved
streetview_295.png,40.75927049096776,-73.71804857668964,243.0422770755817,saved
streetview_296.png,40.81105632316876,-73.90063076220302,46.69487250064549,saved
streetview_297.png,40.70755130434468,-74.00058778317832,236.8551119123137,saved
streetview_298.png,40.667414459928224,-73.7748326450674,89.18432913543495,saved
streetview_299.png,40.76661141281127,-73.88929670632133,257.42624225728446,saved
streetview_300.png,40.84302342431334,-73.9938926763463,37.11889280478039,saved
streetview_301.png,40.79756460577294,-73.92913033155918,2.736739020724997,saved
streetview_302.png,40.64611247385276,-74.01634575389605,218.341744134158,saved
streetview_303.png,40.667248085221296,-73.76891086309452,278.27570564831274,saved
streetview_304.png,40.583265100000006,-73.9726208,254.8388398229908,saved
streetview_305.png,40.82516621203574,-73.86604970727493,81.15250053176834,saved
streetview_306.png,40.86032568797775,-73.97513189472717,191.4479370466308,saved
streetview_307.png,40.86241706555223,-73.95682441573672,37.95973832540568,saved
streetview_308.png,40.60268498542984,-74.05695579878838,246.87762943219457,saved
streetview_309.png,40.7257187717538,-73.90020349877129,96.88130659645788,saved
streetview_310.png,40.831788704321625,-73.83036336278617,50.357627755887,saved
streetview_311.png,40.75348231530669,-73.72397302541421,228.6472071249841,saved
streetview_312.png,40.86312154536783,-73.82658399113278,212.9001087344148,saved
streetview_313.png,40.610918607694266,-73.89732666473982,10.556909612157256,saved
streetview_314.png,40.72980097435525,-74.03737765825741,89.27633470868614,saved
streetview_315.png,40.80010445153796,-73.92740077275633,119.17315634161884,saved
streetview_316.png,40.89823614816744,-73.86133814646101,167.92523784576338,saved
streetview_317.png,40.61170514055384,-74.03680887983784,140.70087924412542,saved
streetview_318.png,40.7397962684198,-73.9424086398664,299.0958312773352,saved
streetview_319.png,40.76081406154575,-73.73165061377487,239.17577114416804,saved
streetview_320.png,40.90388721399894,-73.87853491454877,187.09485106349376,saved
streetview_321.png,40.8674737839496,-73.97624684741399,153.91980242060072,saved
streetview_322.png,40.60893169203771,-74.03708816881628,66.99159277993715,saved
streetview_323.png,40.67393257006902,-73.73414543058034,31.929162349917988,saved
streetview_324.png,40.89442516027773,-73.86210734377077,38.58262360012549,saved
streetview_325.png,40.700724200000025,-73.9951562,54.206979575124365,saved
streetview_326.png,40.7649540692376,-74.0144959207242,119.05858420705084,saved
streetview_327.png,40.84740542934639,-73.98948590713124,37.23035298748243,saved
streetview_328.png,40.74606125403169,-73.84807644836258,157.09773913520507,saved
streetview_329.png,40.81414655875161,-73.89648503082736,37.63039416177065,saved
streetview_330.png,40.69513642355837,-73.81250624262064,158.39604779389538,saved
streetview_331.png,40.8951264,-73.8169538,177.88903788870675,saved
streetview_332.png,40.85245427765598,-73.94153364322523,30.508945828313244,saved
streetview_333.png,40.71399351639273,-73.83179022636644,54.67724092378705,saved
streetview_334.png,40.83091452515786,-73.93519770387411,176.5034919322137,saved
streetview_335.png,40.88402742416867,-73.898971056047,213.50969266548137,saved
streetview_336.png,40.86150054111794,-73.97444267127004,10.119038844807848,saved
streetview_337.png,40.84234500392734,-73.88932114196908,305.75309601818674,saved
streetview_338.png,40.69444692210977,-73.87626263380054,35.60915733337373,saved
streetview_339.png,40.63161703627288,-74.04012041381667,198.70969527699188,saved
streetview_340.png,40.62366679767772,-73.8959001267961,214.59920238809943,saved
streetview_341.png,40.66363162961164,-73.989970863001,310.7634597130755,saved
streetview_342.png,40.80988397134266,-73.83469959337063,334.07231888804625,saved
streetview_343.png,40.76214339999999,-73.75676450000002,327.6515861414645,saved
streetview_344.png,40.86165412077074,-73.82781112313832,212.03669938430536,saved
streetview_345.png,40.82289019999999,-73.8205114,123.5318352802724,saved
streetview_346.png,40.8995821,-73.8943116,97.47469371063062,saved
streetview_347.png,40.742952691638905,-73.73091397788586,120.85049136795392,saved
streetview_348.png,40.70035740000001,-73.8153067,339.8342444014577,saved
streetview_349.png,40.83705581708045,-73.93434974763613,203.0237599898205,saved
streetview_350.png,40.651120267797786,-74.01091173019739,38.13226669621923,saved
streetview_351.png,40.74574262062534,-73.96537006465404,131.99615971467472,saved
streetview_352.png,40.689063719790845,-73.80908869205025,156.625325747111,saved
streetview_353.png,40.76494391119187,-73.83982246598737,199.71351443549432,saved
streetview_354.png,40.75477363217645,-73.74278378686897,229.4890310710579,saved
streetview_355.png,40.69586355483326,-73.9689546525212,92.92444293942124,saved
streetview_356.png,40.88396500652423,-73.82544102759734,63.60643174672191,saved
streetview_357.png,40.74214066922441,-73.84110499740123,238.8913060161809,saved
streetview_358.png,40.65432859999999,-74.0078103,218.19078011803177,saved
streetview_359.png,40.89328031156424,-73.90815973991059,359.8287478290431,saved
streetview_360.png,40.86694571713208,-73.97591560235435,155.76538706744566,saved
streetview_361.png,40.73171069360372,-73.97402587165118,162.22229158558105,saved
streetview_362.png,40.69568176098333,-73.72685878623415,358.04790183259803,saved
streetview_363.png,40.89419969126362,-73.88531278011088,22.23602789376679,saved
streetview_364.png,40.68047160809861,-73.72866148874131,208.5356147439853,saved
streetview_365.png,40.58492549999998,-73.94393050000001,52.96413544545561,saved
streetview_366.png,40.69848513923864,-73.81431937240997,337.53059772351355,saved
streetview_367.png,40.75970472762374,-73.75103478408931,295.4655521249423,saved
streetview_368.png,40.61478475958688,-74.0397835669869,156.9197721106218,saved
streetview_369.png,40.6962400141571,-73.97835271161605,93.49903642107596,saved
streetview_370.png,40.840452922465225,-73.93221328743309,23.66108498136913,saved
streetview_371.png,40.76861577917279,-73.90633626978273,284.6395414957196,saved
streetview_372.png,40.68675533747428,-73.71466748361755,287.5087800705072,saved
streetview_373.png,40.85618859084403,-73.83271635431414,225.5802776050838,saved
streetview_374.png,40.64472670000001,-73.7966529,277.5559867529718,saved
streetview_375.png,40.82288289999998,-73.8201205,293.1604518869925,saved
streetview_376.png,40.892332213996745,-73.886482254795,202.30441140395004,saved
streetview_377.png,40.79516615522069,-73.92182824773026,33.71500188154289,saved
streetview_378.png,40.89798932003297,-73.90776103497815,14.452416287497556,saved
streetview_379.png,40.727282826222336,-73.83243320822295,338.05952921075266,saved
streetview_380.png,40.87010615575802,-73.8721684603181,4.529164398496505,saved
streetview_381.png,40.76992434975693,-73.7611812346607,322.3974470193132,saved
streetview_382.png,40.71875861380203,-73.82632211712911,182.48033425982032,saved
streetview_383.png,40.85186852910024,-73.87134405018283,353.5999091787342,saved
streetview_384.png,40.74395024907835,-73.73249211620117,308.3343308900499,saved
streetview_385.png,40.83017779150498,-73.83756100206593,165.87774166048587,saved
streetview_386.png,40.63591035827445,-74.01775145745857,129.4938291957996,saved
streetview_387.png,40.80314752709643,-73.93057907840469,162.50206173549532,saved
streetview_388.png,40.83648496622864,-73.94910876386857,16.810502456488962,saved
streetview_389.png,40.60994528349918,-74.03530416809761,153.09313159789565,saved
streetview_390.png,40.88618578969813,-73.80996073101728,106.4693940728032,saved
streetview_391.png,40.6517680136528,-73.80583926440225,333.5295400647387,saved
streetview_392.png,40.76951084759885,-73.83595151542238,44.02229708198684,saved
streetview_393.png,40.804627708255886,-73.91171370605534,54.12385552328129,saved
streetview_394.png,40.85129324924669,-73.95109866361454,104.53339406885442,saved
streetview_395.png,40.75322909175518,-73.7240345096365,46.66696293509631,saved
streetview_396.png,40.841680874905904,-73.9991156674119,108.6336831769338,saved
streetview_397.png,40.72676207176877,-73.83229291954187,148.99742474539835,saved
streetview_398.png,40.655724426091055,-73.85909052767211,226.6949212682411,saved
streetview_399.png,40.86241747901076,-73.8269603289375,31.70861369265845,saved
streetview_400.png,40.78011887406629,-74.0472149693072,181.89771918770347,saved
streetview_401.png,40.831223451645,-73.831265953543,50.39720384612457,saved
streetview_402.png,40.83522833220109,-73.82489611109516,20.615302064042908,saved
streetview_403.png,40.61377587319227,-73.89720832773982,180.4459846911648,saved
streetview_404.png,40.68726974681557,-73.80806615219632,156.31910275730002,saved
streetview_405.png,40.739769595421286,-73.7250777914111,319.6315529587431,saved
streetview_406.png,40.7668865662983,-73.95048844025862,32.82235760624354,saved
streetview_407.png,40.811136054311305,-73.79397328763028,170.44667823807163,saved
streetview_408.png,40.74392561004886,-73.89504508346248,30.11825036035765,saved
streetview_409.png,40.74607369999999,-73.973633,297.0527311591229,saved
streetview_410.png,40.77035719664212,-73.76163918027142,318.316467203667,saved
streetview_411.png,40.726088041386994,-73.93115532575479,232.93247246777065,saved
streetview_412.png,40.68667130300275,-73.71431618744654,287.5087800705072,saved
streetview_413.png,40.745187643884506,-73.8368562192354,211.8450085874008,saved
streetview_414.png,40.736176391273865,-73.74204091799233,37.10286047735406,saved
streetview_415.png,40.84528433064289,-73.87157452700528,188.6953257045709,saved
streetview_416.png,40.78573911257566,-73.78723713250307,320.6595271013958,saved
streetview_417.png,40.662832084862266,-73.98921182140111,143.53585576173646,saved
streetview_418.png,40.80862673736883,-73.90427469235057,226.70370816110744,saved
streetview_419.png,40.633928422476586,-74.01591431369506,351.0206814720759,saved
streetview_420.png,40.75636672837683,-73.7215165348069,25.125521385209023,saved
streetview_421.png,40.72889615746925,-74.0522760102763,17.461724211692285,saved
streetview_422.png,40.73390281773781,-73.92180338719191,135.57481359366977,saved
streetview_423.png,40.7674304,-73.9500185,34.47957886815544,saved
streetview_424.png,40.75119816474266,-73.83583401755712,152.5344553014478,saved
streetview_425.png,40.88139950607592,-73.81694785447951,194.61273283037312,saved
streetview_426.png,40.6918437,-73.999254,345.9800951430151,saved
streetview_427.png,40.66982886065107,-73.99733016752378,335.5946898211667,saved
streetview_428.png,40.887782334717805,-73.89374845466143,240.63699419007344,saved
streetview_429.png,40.86697080149611,-74.04715691931374,94.82847381274132,saved
streetview_430.png,40.6665719750028,-73.81331433200076,255.6969185468288,saved
streetview_431.png,40.81211821673379,-73.89936958319889,226.43619147170077,saved
streetview_432.png,40.748403812795765,-73.75942505752735,237.08144897151425,saved
streetview_433.png,40.640442257697885,-74.02727526930295,120.44922991657216,saved
streetview_434.png,40.79359519999999,-73.8243973,14.001263843941445,saved
streetview_435.png,40.64184602840143,-73.87702616633015,201.16171617988945,saved
streetview_436.png,40.84675128870882,-73.8261441208557,336.8019565873475,saved
streetview_437.png,40.681029045807904,-73.89667063920565,185.0013140567735,saved
streetview_438.png,40.787791938790086,-74.04961954456752,325.4791243638746,saved
streetview_439.png,40.74804621978523,-73.83469951860505,7.562849360059602,saved
streetview_440.png,40.82603995571434,-73.82914048377894,112.67471230495846,saved
streetview_441.png,40.734166991118606,-73.74464788761212,225.60619801308272,saved
streetview_442.png,40.66669881805132,-73.76395505151947,278.3631001466615,saved
streetview_443.png,40.71581556728072,-73.80824594291846,90.66834567050417,saved
streetview_444.png,40.62523863009953,-74.04131305219734,1.9880566822610604,saved
streetview_445.png,40.76076225332139,-73.77815140099207,162.81038770213172,saved
streetview_446.png,40.74758660863916,-73.96808228862301,131.09206583801415,saved
streetview_447.png,40.6815520414825,-74.0026907059497,201.88824861393508,saved
streetview_448.png,40.82836895032729,-73.84381089605652,74.53676198197934,saved
streetview_449.png,40.7441817085372,-73.83750334137378,196.61296512229072,saved
streetview_450.png,40.67714360152952,-74.00183928559561,333.4367942605052,saved
streetview_451.png,40.83785829659343,-73.93389993658377,202.8942782805013,saved
streetview_452.png,40.666504879618046,-73.80526501804975,272.55145372313063,saved
streetview_453.png,40.76600310974898,-74.02336487687786,211.4850755729938,saved
streetview_454.png,40.70556408682815,-74.00406913556742,229.8682063879555,saved
streetview_455.png,40.6664211692512,-73.80606500707768,92.57424280060305,saved
streetview_456.png,40.81446627788891,-73.83656801788807,180.26217835589995,saved
streetview_457.png,40.62308465603781,-74.02053218568334,212.6842337826127,saved
streetview_458.png,40.85408767734008,-73.96537634332174,103.76934885211516,saved
streetview_459.png,40.864796253344494,-73.83080099843781,157.58778544524057,saved
streetview_460.png,40.74733905634197,-73.73706936254395,139.27404547209403,saved
streetview_461.png,40.66950258924398,-73.99729902492506,154.83236176697528,saved
streetview_462.png,40.74084923324924,-73.73743057796263,235.76011040055155,saved
streetview_463.png,40.8590029,-73.8271493,26.582185379059467,saved
streetview_464.png,40.74335179698049,-73.96149589628807,311.982645464785,saved
streetview_465.png,40.68597815419973,-74.00041062314371,20.165737881033408,saved
streetview_466.png,40.7463690365876,-73.96620231185517,131.86017824154987,saved
streetview_467.png,40.86178515848472,-73.91271384923324,43.58579381605495,saved
streetview_468.png,40.80928108173989,-73.92904695550017,314.90745653854776,saved
streetview_469.png,40.82588558165457,-73.93107611172317,4.186528872447752,saved
streetview_470.png,40.70009240000003,-73.9616663,18.140763912346245,saved
streetview_471.png,40.85021362692838,-73.94498089537382,285.91264236852464,saved
streetview_472.png,40.73907324040357,-73.7244328430871,327.9369566978729,saved
streetview_473.png,40.89913054860588,-73.81571013690437,188.53765040131395,saved
streetview_474.png,40.78012904194144,-73.82609718522981,203.92159255193792,saved
streetview_475.png,40.76522462317724,-74.01513881235263,119.05816207683404,saved
streetview_476.png,40.8066858,-73.9242889,117.62730352876632,saved
streetview_477.png,40.74075324117437,-73.72664394390542,129.86283518924762,saved
streetview_478.png,40.61240911082076,-74.02909086646069,31.77090962704625,saved
,40.85273497782264,-73.95782247024307,284.4279128126826,failed_404
streetview_480.png,40.87442129475362,-73.98342646672415,307.2736086650761,saved
streetview_481.png,40.61250687328736,-74.03779862254837,135.35523190458326,saved
streetview_482.png,40.84616150000002,-73.9309682,289.9439655950018,saved
streetview_483.png,40.88655851210716,-73.88721769886554,354.7414775068783,saved
streetview_484.png,40.66448048754516,-73.78645803437263,314.39203676318385,saved
streetview_485.png,40.66188068566077,-73.85053244017024,52.82843226401326,saved
streetview_486.png,40.87145041676128,-73.99980632030926,46.56876056693108,saved
streetview_487.png,40.73029861061975,-73.9728411330124,136.9800539977682,saved
streetview_488.png,40.82046850608112,-73.89006732167395,225.84984747538144,saved
streetview_489.png,40.75749858580364,-73.77717550754419,167.41031366998914,saved
streetview_490.png,40.73495100000001,-73.8362505,351.8120474223551,saved
streetview_491.png,40.8767556702976,-73.87068551092403,194.24523931309196,saved
streetview_492.png,40.71700720994188,-73.79904186450445,69.06819668840285,saved
streetview_493.png,40.83215094539106,-73.8297855212494,50.35723492546822,saved
streetview_494.png,40.705019401395305,-73.72723840337721,358.0910317062702,saved
streetview_495.png,40.73027363279988,-73.91350480671827,107.30996428199164,saved
streetview_496.png,40.8748672827057,-73.92716352796205,223.9104215355726,saved
streetview_497.png,40.640992945170304,-74.02134787912955,26.146340264073217,saved
streetview_498.png,40.66345734267594,-73.81979241892594,98.72336787043434,saved
streetview_499.png,40.65420029894721,-73.78806530292528,128.0879846684786,saved
streetview_500.png,40.745274317771,-73.76909851691087,63.0949004156144,saved
streetview_501.png,40.80360719136288,-73.97243459965561,208.48902250387383,saved
streetview_502.png,40.66489773921695,-73.80223486454892,193.9758599817322,saved
streetview_503.png,40.85630521538791,-73.97260404959204,131.98555037140142,saved
streetview_504.png,40.6394401090718,-74.03630914263333,202.47430053875644,saved
streetview_505.png,40.86592850000001,-73.8238492,34.93659401114667,saved
streetview_506.png,40.72592519999999,-73.761671,71.25463993101653,saved
streetview_507.png,40.841460700157576,-73.82551089853285,357.2266278713605,saved
streetview_508.png,40.72017912385004,-73.97470696236228,5.315185006796298,saved
streetview_509.png,40.664764239385306,-73.84490435473985,239.8396256094896,saved
streetview_510.png,40.72569983889663,-73.93142923928247,53.75462512181935,saved
streetview_511.png,40.7480593,-73.728893,198.966054617276,saved
streetview_512.png,40.89135237692851,-73.80004187880556,22.14292953464997,saved
streetview_513.png,40.73198237718128,-74.04776727624632,274.3816237808586,saved
streetview_514.png,40.847242400000006,-73.8714529,124.75789541473024,saved
streetview_515.png,40.82884785375037,-73.83604270639316,290.4669195951067,saved
streetview_516.png,40.80864720436756,-73.83390519276331,334.0728404804964,saved
streetview_517.png,40.7282627434821,-73.83931560082115,152.02469969718845,saved
streetview_518.png,40.67057485064462,-73.99780689206098,333.3377474173067,saved
streetview_519.png,40.73697349117749,-73.90639743676199,60.50639028863543,saved
streetview_520.png,40.86999493160335,-73.87231755580558,183.19246446467525,saved
streetview_521.png,40.720099000000005,-73.7258839,180.70218492897067,saved
streetview_522.png,40.67516652723851,-73.73310152129767,34.35529746747744,saved
streetview_523.png,40.62185365544067,-74.02133950274843,32.55543349937568,saved
streetview_524.png,40.72757556957024,-74.02095480840087,282.85303166572425,saved
streetview_525.png,40.85995218387435,-73.91535761174724,225.02921261974552,saved
streetview_526.png,40.75578166469,-73.89970587753912,158.68026811346408,saved
streetview_527.png,40.60495647616151,-74.04993891016227,246.9871407133765,saved
streetview_528.png,40.82873630013316,-73.93477365549626,354.751091189398,saved
streetview_529.png,40.64620637523907,-74.01601404201158,37.82574760094582,saved
streetview_530.png,40.62682021878236,-74.01838288355172,197.1201068479952,saved
streetview_531.png,40.69922383648334,-73.72700049245586,358.4369213715481,saved
streetview_532.png,40.74444939140271,-73.9634740782797,131.9974046264795,saved
streetview_533.png,40.65832537420093,-74.0034188350827,38.36357414713194,saved
streetview_534.png,40.82820605337757,-73.84056892308257,79.91954332918283,saved
streetview_535.png,40.75966271703938,-73.70977459882359,279.82731397175905,saved
,40.68468453039949,-74.00690631548032,157.38917003030633,failed_404
streetview_537.png,40.86584947862744,-74.02088850475829,101.01453692733251,saved
streetview_538.png,40.6453703,-73.7868328,350.91889305053263,saved
streetview_539.png,40.6954868,-73.8754275,40.906338903106416,saved
streetview_540.png,40.767453800000006,-73.9501457,16.64473885803079,saved
streetview_541.png,40.84206968281749,-73.9952922204203,239.38168043694063,saved
streetview_542.png,40.70143190074442,-74.01537125848266,347.25303001322675,saved
streetview_543.png,40.818066008991735,-73.93417487970413,174.2857077948513,saved
streetview_544.png,40.8352230318155,-73.86692785628769,291.59956397380296,saved
streetview_545.png,40.68178970000001,-74.0057595,167.1267514859073,saved
,40.69155313955768,-74.01170043804322,340.3133079579286,failed_404
streetview_547.png,40.67927786903815,-74.00349991841779,327.7254006240087,saved
streetview_548.png,40.68771715238106,-73.7239154043168,66.80756619616392,saved
streetview_549.png,40.79868499999999,-73.9237419,131.308914886968,saved
streetview_550.png,40.83319350643663,-73.87405829921155,176.4496605881286,saved
streetview_551.png,40.88656856329119,-73.81594567351466,75.94845704552176,saved
streetview_552.png,40.60248770333332,-73.89997404760082,27.033435227621,saved
streetview_553.png,40.84324543394054,-73.87203099416762,190.0338120091989,saved
streetview_554.png,40.798720153339374,-73.91918949083701,209.0637680401924,saved
streetview_555.png,40.7042648,-73.8172947,160.773423638767,saved
streetview_556.png,40.72503920106068,-73.93397185096799,250.76741318899505,saved
streetview_557.png,40.78770039381288,-73.78982343932896,313.255849404349,saved
streetview_558.png,40.60391875288745,-74.05295951259627,66.90683186414054,saved
streetview_559.png,40.6332728525652,-74.01614078889045,187.4027388660536,saved
streetview_560.png,40.60614214997678,-74.04626098428676,246.99926681520023,saved
streetview_561.png,40.59832413720434,-74.00618606372073,129.81132223732237,saved
streetview_562.png,40.71666429147805,-73.82107116706331,100.93795090975756,saved
streetview_563.png,40.84163083576547,-73.99620034160198,73.91669997601338,saved
streetview_564.png,40.79735305243924,-73.79351821215866,359.6451448406055,saved
streetview_565.png,40.76706663329319,-73.90414678226745,162.35923252309283,saved
streetview_566.png,40.80166969999999,-73.9170459,12.475448950624523,saved
streetview_567.png,40.84176270652867,-73.83820545655063,192.98491633192563,saved
streetview_568.png,40.58677180632677,-73.91101856099021,53.84498063543492,saved
streetview_569.png,40.7088137,-73.8417546,54.8033090527133,saved
streetview_570.png,40.7646309,-73.8399327,190.14448721499863,saved
streetview_571.png,40.60488919181593,-74.05028641426273,246.9917198077551,saved
streetview_572.png,40.6633402,-73.80190690000002,10.372388470494116,saved
streetview_573.png,40.77158830826427,-73.872069128996,102.03131290960675,saved
streetview_574.png,40.713535727100535,-73.72901751754932,352.83592041411526,saved
streetview_575.png,40.765886753514295,-73.83909082646109,23.562581058228545,saved
streetview_576.png,40.74970953299983,-73.8507063424515,153.56580674010706,saved
streetview_577.png,40.66454535270199,-73.79240964869453,100.5934258011846,saved
streetview_578.png,40.662516057330606,-73.78135573857833,113.6792044609075,saved
streetview_579.png,40.743403561170354,-73.8344899640555,277.0343609521127,saved
streetview_580.png,40.725536946170536,-74.01053400735341,133.8519871100325,saved
streetview_581.png,40.784332515374864,-73.78602247672764,335.23416771640825,saved
streetview_582.png,40.846798154408255,-73.94517838754403,176.7944206264924,saved
streetview_583.png,40.87179411327218,-73.97975434571444,318.401228837671,saved
streetview_584.png,40.88704530642662,-73.88753123379537,170.93511292093945,saved
streetview_585.png,40.76026506390433,-74.00279081707545,299.060664438204,saved
streetview_586.png,40.86793465894899,-74.0524068187442,287.2774580742987,saved
streetview_587.png,40.73477959474924,-73.97481264433083,169.0287975370563,saved
streetview_588.png,40.72280643038672,-73.72508877589269,191.98233101936185,saved
streetview_589.png,40.66058192763,-73.98729622732571,331.1494384432918,saved
streetview_590.png,40.86638716829335,-74.0239094917916,280.9343987993855,saved
streetview_591.png,40.76471251301562,-74.01335789337817,299.0605699875143,saved
streetview_592.png,40.65579486493139,-74.00615961046802,37.6848902910113,saved
streetview_593.png,40.90019910000002,-73.7958867,205.4546418849292,saved
streetview_594.png,40.836240100000005,-73.8251058,180.6751207266476,saved
streetview_595.png,40.736232661216,-73.84484107536639,353.64197491570786,saved
streetview_596.png,40.85426466473905,-73.96874156316217,109.863602087681,saved
streetview_597.png,40.60477329922492,-74.02328673600988,95.63551245826466,saved
streetview_598.png,40.65739258735415,-73.85657079994571,44.55759331472734,saved
streetview_599.png,40.6682655940384,-73.9962460730032,337.3854605541884,saved
streetview_600.png,40.60456767204853,-74.05128367364115,246.99106498642465,saved
streetview_601.png,40.75492727083404,-73.85234597652429,6.888670495743668,saved
streetview_602.png,40.75473095829849,-73.89890745547234,332.0379574452972,saved
streetview_603.png,40.775571854837736,-73.92347717840357,330.18398897179634,saved
streetview_604.png,40.76941774095401,-73.91209593575576,280.88418550101045,saved
streetview_605.png,40.89885759999999,-73.86133480000001,358.6088847562035,saved
streetview_606.png,40.69596153902457,-73.97148516824483,92.92278136048624,saved
streetview_607.png,40.851724136649096,-73.92136950171303,35.93648456756813,saved
streetview_608.png,40.75900571257111,-73.71869997340569,238.15592581143892,saved
streetview_609.png,40.76548968930571,-73.86238061022038,328.0269089238108,saved
streetview_610.png,40.61030693727928,-74.0328676187692,68.52697097406173,saved
streetview_611.png,40.72543907264496,-73.89537951229914,276.8252489967162,saved
streetview_612.png,40.729457711283175,-74.03499554529972,106.75148386671036,saved
streetview_613.png,40.75993148982289,-73.75169320450618,291.0679195318244,saved
streetview_614.png,40.61404020484729,-74.03931627194626,150.13092862459882,saved
streetview_615.png,40.8345121969964,-73.94969190980576,12.56315540090918,saved
streetview_616.png,40.65546889847292,-73.79061135502734,301.014885388658,saved
streetview_617.png,40.74258709485205,-73.78069852695872,250.42399236516457,saved
streetview_618.png,40.76071291205071,-74.00579525603901,119.03599693592793,saved
streetview_619.png,40.60972146570168,-74.03502871624542,67.39565436866803,saved
streetview_620.png,40.75728042108711,-73.72109146863832,213.2062339411004,saved
streetview_621.png,40.76020873333744,-74.00322060138197,119.05970251745129,saved
streetview_622.png,40.64133803152874,-74.03384958605233,69.90385886259395,saved
streetview_623.png,40.86547271013187,-73.90976659374445,199.3479645646578,saved
streetview_624.png,40.80291355571994,-73.79356351847142,359.6478190498641,saved
streetview_625.png,40.82859493922067,-73.84312267160391,257.60973377837263,saved
streetview_626.png,40.69644998368281,-74.0137333184081,164.35492457201372,saved
streetview_627.png,40.84470375060867,-73.92348608352542,85.70676443082857,saved
streetview_628.png,40.83448235001532,-73.86489491611668,111.510468364647,saved
streetview_629.png,40.76165658033059,-73.84486305981837,230.69932648855328,saved
streetview_630.png,40.5838400159845,-73.9856480639838,106.0084549455844,saved
streetview_631.png,40.804855532487736,-73.91167675176136,237.941392867333,saved
streetview_632.png,40.74410014282157,-73.77139539357347,340.2275981095261,saved
streetview_633.png,40.67654400000002,-74.0016227,155.49656617426194,saved
streetview_634.png,40.8342754,-73.9353609,182.7502439160403,saved
streetview_635.png,40.72300630701099,-73.93952913022773,54.206979575124365,saved
streetview_636.png,40.65680405881759,-74.00500617502738,38.36253189860776,saved
streetview_637.png,40.800520504332944,-73.91772351975747,29.07932279816299,saved
streetview_638.png,40.88098004158685,-73.91762854465145,41.40594270268616,saved
streetview_639.png,40.63056961521986,-74.04056575705052,195.3459192521654,saved
streetview_640.png,40.59779672309924,-74.00510419026777,309.2359178513835,saved
streetview_641.png,40.88939667833049,-73.88849076370344,242.70358413133897,saved
streetview_642.png,40.76653679309559,-73.894543731527,281.4851924202817,saved
streetview_643.png,40.75655212954989,-73.72164152560975,203.7760801584533,saved
streetview_644.png,40.84204368675221,-73.99513212354256,51.94115583806132,saved
streetview_645.png,40.884045070201246,-73.8987571850619,34.892251612143355,saved
streetview_646.png,40.60789306597447,-74.04067278753439,66.96943177189502,saved
streetview_647.png,40.875448018194085,-73.99067215555269,75.50474247026477,saved
streetview_648.png,40.77143750221212,-73.78353430362299,340.6683350891257,saved
streetview_649.png,40.709832623364434,-73.99112154794395,258.81484904186294,saved
streetview_650.png,40.74734452403031,-73.89532529757967,335.3951023133592,saved
streetview_651.png,40.705838955998125,-73.81809980331194,156.39335664068858,saved
streetview_652.png,40.64149045415415,-74.03355862922236,249.57777622801024,saved
streetview_653.png,40.6787763,-74.0030761,327.1203655334708,saved
streetview_654.png,40.60910489833543,-74.0367045646448,66.97191053453543,saved
streetview_655.png,40.80538599578148,-73.83199353180399,154.09641082812072,saved
streetview_656.png,40.71879396167269,-73.94659825555658,231.33099005137723,saved
streetview_657.png,40.663191166927,-73.81748945847177,98.53447619539668,saved
streetview_658.png,40.73902988664264,-73.76899310796344,340.2625126765032,saved
streetview_659.png,40.73886936973058,-73.97328683286388,20.909903020102437,saved
streetview_660.png,40.6672767,-73.7702274,97.78866581961672,saved
streetview_661.png,40.70189958264651,-73.81620561856244,160.78159267040292,saved
streetview_662.png,40.74738998109342,-73.96741959198846,311.9787559514097,saved
,40.85261025719811,-73.95788012033111,104.5639080667504,failed_404
streetview_664.png,40.78152906087662,-73.82507004701829,16.43958510596724,saved
streetview_665.png,40.74051188638597,-73.73772086531223,55.758274212753975,saved
streetview_666.png,40.905080102739205,-73.93499809759732,24.53260878984986,saved
streetview_667.png,40.851949791564046,-73.92115325944093,36.821627866813856,saved
streetview_668.png,40.69164644349101,-73.8105566487655,156.6968543398973,saved
streetview_669.png,40.76092730132349,-73.8581578645846,305.6282635663067,saved
streetview_670.png,40.76569767153436,-74.0176450882777,119.05179186899534,saved
streetview_671.png,40.60705726816405,-74.04304938810039,66.96774441319309,saved
streetview_672.png,40.7325845111711,-73.84337059829568,150.6280796789913,saved
streetview_673.png,40.58513132439656,-73.98931471518117,124.67664292004696,saved
streetview_674.png,40.621009323879015,-74.0222204325743,33.80266687573544,saved
streetview_675.png,40.78731787420634,-73.81355141224479,282.93686811345884,saved
streetview_676.png,40.84481051899357,-73.92394825115342,269.3836329846519,saved
streetview_677.png,40.60179921144522,-74.01253608892377,115.59575069765587,saved
streetview_678.png,40.79648202859089,-73.82624850206336,154.08668118021933,saved
streetview_679.png,40.88968753924105,-73.88757494418812,51.66407573367178,saved
streetview_680.png,40.88529496023078,-73.82099526101771,70.43818375066911,saved
streetview_681.png,40.84606979999998,-73.9303025,293.7180333079611,saved
streetview_682.png,40.78619916466536,-73.98366724989498,204.10796150649875,saved
streetview_683.png,40.87535070272396,-73.9915222086283,252.2505614159379,saved
streetview_684.png,40.87583959851572,-73.98703225490145,278.5211035692147,saved
streetview_685.png,40.78768365051022,-73.79184827838516,238.30487486202705,saved
streetview_686.png,40.69230872625143,-73.88156228781322,82.55130736704876,saved
streetview_687.png,40.83214931313164,-73.83001724454263,230.4769421657064,saved
streetview_688.png,40.67814778276561,-73.73023661572013,34.60588598098917,saved
streetview_689.png,40.77990732702156,-73.82587258309704,22.260161773603784,saved
streetview_690.png,40.724908600000006,-73.9344658,250.39985810990672,saved
streetview_691.png,40.75600470000002,-73.995113,119.02357097898494,saved
streetview_692.png,40.8668075,-73.931991,24.850073768577037,saved
streetview_693.png,40.75714748092938,-73.74732585573412,323.53936188440366,saved
streetview_694.png,40.682933077186,-73.72703925170289,205.0369811254964,saved
streetview_695.png,40.75011274230053,-73.75386695746683,252.47533265956685,saved
streetview_696.png,40.74330450644452,-73.77638948185101,259.2858848460908,saved
streetview_697.png,40.87517090000001,-73.9845657,298.9908522942352,saved
streetview_698.png,40.737281621571206,-73.9334414292503,101.84445962805997,saved
streetview_699.png,40.88634864483926,-73.817538121202,250.38735657412772,saved
streetview_700.png,40.7478520058974,-73.96871753818144,114.86489556174104,saved
streetview_701.png,40.70938203655561,-73.72766859122471,173.33625215989775,saved
streetview_702.png,40.72201991711968,-73.777787444243,225.16037084496125,saved
streetview_703.png,40.86610858865599,-74.00653867000383,54.68171823930595,saved
streetview_704.png,40.6092857237192,-74.03635362653824,66.37390837880315,saved
streetview_705.png,40.80245785358016,-73.82994836407165,334.0089371169681,saved
streetview_706.png,40.77165860174526,-73.87470736214385,84.93274646363483,saved
streetview_707.png,40.638363250682914,-74.02121626157754,331.93990718414864,saved
streetview_708.png,40.85319492549038,-73.92016537412445,215.32046765078056,saved
streetview_709.png,40.8719844,-73.9804364,137.71344630066395,saved
streetview_710.png,40.66665057949589,-73.78711638822145,261.840710959881,saved
streetview_711.png,40.74865229696509,-73.75860583304978,60.579767468331,saved
streetview_712.png,40.68306833439996,-73.70695178540541,135.19058085980453,saved
streetview_713.png,40.7671184454313,-74.01907487765168,299.0570247363535,saved
streetview_714.png,40.66689290274735,-73.83777565047622,92.91670188384892,saved
streetview_715.png,40.73844016322295,-73.79587389676868,254.48984732351653,saved
streetview_716.png,40.7449725451086,-73.89450199926948,3.41911567774622,saved
streetview_717.png,40.708003850738514,-73.84570920048378,264.75556504678866,saved
streetview_718.png,40.758067853192266,-73.90108869003897,121.16624258583984,saved
streetview_719.png,40.894134105718535,-73.88550465453982,202.2697312876482,saved
streetview_720.png,40.72750883928396,-73.8388294165825,157.07898522324422,saved
streetview_721.png,40.72872763738303,-73.92768331684057,36.82111811048941,saved
streetview_722.png,40.80015312455088,-73.9272554964255,299.18087643248026,saved
streetview_723.png,40.63946987798823,-74.02159785163353,353.9124725754576,saved
streetview_724.png,40.66356997311348,-73.81068056853586,59.130162977472594,saved
streetview_725.png,40.643211870990285,-74.01922265531,37.297856234555525,saved
streetview_726.png,40.792911391578656,-73.933766157886,229.91413460815676,saved
streetview_727.png,40.867208307734366,-74.04491478887842,272.9766732182849,saved
streetview_728.png,40.77799824810359,-74.04580863300878,164.34686942862834,saved
streetview_729.png,40.870527488660215,-73.95331593828097,26.396246348871443,saved
streetview_730.png,40.72554517236995,-73.89150731883525,68.84489341859211,saved
streetview_731.png,40.7033553725527,-74.00754060968461,231.2188052374918,saved
streetview_732.png,40.58337046525975,-73.98276437886108,283.4337383080533,saved
streetview_733.png,40.88460269240032,-73.81585981573032,193.2570148602964,saved
streetview_734.png,40.65991476735181,-73.8536295531234,223.4697253670052,saved
streetview_735.png,40.73286063571959,-73.92045036751205,135.33290301467673,saved
streetview_736.png,40.82755202576884,-73.8335297118999,116.67069600683487,saved
streetview_737.png,40.89482417067464,-73.81683408006263,354.16365371698294,saved
streetview_738.png,40.585156,-73.9548371,271.5225225424525,saved
streetview_739.png,40.834225382723496,-73.9499183127753,192.53354367302484,saved
streetview_740.png,40.87543263188014,-73.90503304356099,201.4439461981586,saved
streetview_741.png,40.74568109999999,-73.9724756,59.79264460990424,saved
streetview_742.png,40.783443634227424,-74.04754058561207,166.4601749922508,saved
streetview_743.png,40.87457560142846,-73.90530454580025,21.96372075477842,saved
streetview_744.png,40.84558493513277,-73.87152588877237,186.97825184589323,saved
streetview_745.png,40.60635766868539,-74.0455922311022,246.99970592612576,saved
streetview_746.png,40.70781098594973,-73.72736506165337,358.02188316269434,saved
streetview_747.png,40.84647800322703,-74.01669616033472,303.9558794780953,saved
streetview_748.png,40.76572201030387,-73.90347328493978,342.4606433760351,saved
streetview_749.png,40.754598481209065,-73.96247954790981,212.9014424640297,saved
streetview_750.png,40.73829096310736,-73.80392282239372,92.6573504715771,saved
streetview_751.png,40.66566254413033,-73.74738356606225,93.46809417626172,saved
streetview_752.png,40.84527402660999,-74.01473396389463,125.20663477221092,saved
streetview_753.png,40.75403121611717,-73.74481880254486,147.79761016055943,saved
streetview_754.png,40.87497450000002,-73.9846807,121.72453972977236,saved
streetview_755.png,40.86705790000146,-74.0289552505602,275.8125050162595,saved
streetview_756.png,40.7599371067272,-74.00257525046952,119.06012626306811,saved
streetview_757.png,40.76223476609389,-73.83941844945129,157.67848751189297,saved
streetview_758.png,40.77018347721861,-73.76164055426922,141.0877422916326,saved
streetview_759.png,40.666511136460095,-73.79450113953209,267.81045046859833,saved
streetview_760.png,40.84880697733585,-73.93722331779165,285.60644899191,saved
streetview_761.png,40.8446442901924,-73.83722650656628,194.42345162844472,saved
streetview_762.png,40.87253294206582,-73.99816065341716,52.39781405283537,saved
streetview_763.png,40.74535164093079,-73.97066326968888,212.1527956395983,saved
streetview_764.png,40.68183760914213,-73.80514023412196,339.8488174225722,saved
streetview_765.png,40.8521728959977,-73.92093243046118,36.821627866813856,saved
streetview_766.png,40.60894869484887,-74.03756969400045,247.05363985743185,saved
streetview_767.png,40.73353686947617,-73.76623850761591,334.2468612290878,saved
streetview_768.png,40.66685910088047,-73.76643534966196,297.8078287340133,saved
streetview_769.png,40.716350300000016,-73.827364,53.7783740795831,saved
streetview_770.png,40.76658878406657,-73.88838472559769,74.09388288177013,saved
streetview_771.png,40.85458403111156,-73.96677084158702,275.6381219217591,saved
streetview_772.png,40.880858834818376,-73.94810035289085,23.254290397419936,saved
streetview_773.png,40.76047891466844,-73.85724527358342,300.1176386490006,saved
streetview_774.png,40.86424809999999,-73.8253734,33.98060282213157,saved
streetview_775.png,40.881090381239325,-73.83116609189398,224.21883917716755,saved
streetview_776.png,40.88260422055796,-73.81638934505175,14.648985168258264,saved
streetview_777.png,40.83704674178898,-73.87913409325465,291.1343314826077,saved
streetview_778.png,40.78079829055978,-73.76968159846363,323.7882761165268,saved
streetview_779.png,40.86717852762061,-74.03332563758256,268.60586557876826,saved
streetview_780.png,40.61701075844241,-74.04034713917862,351.7281137312268,saved
streetview_781.png,40.7870367321534,-73.78904465913826,133.46378570837504,saved
streetview_782.png,40.76626915510562,-74.02313673935026,213.00237402605697,saved
streetview_783.png,40.836381800000005,-73.8245637,358.5630370883468,saved
streetview_784.png,40.88984140077772,-73.90840688622684,19.52209495662487,saved
streetview_785.png,40.7571252,-73.9001494,333.84478785710064,saved
streetview_786.png,40.76757398372111,-73.90135452679357,281.8826142130547,saved
streetview_787.png,40.799980647652895,-73.92684749496529,299.18087643248026,saved
streetview_788.png,40.634636267903446,-74.01636827539602,160.89618924201568,saved
streetview_789.png,40.60619500318556,-74.04572077627127,66.96599034229803,saved
streetview_790.png,40.7665313,-73.89356200000002,244.5931693569439,saved
streetview_791.png,40.86668431037893,-73.97520560771812,335.2998734835617,saved
streetview_792.png,40.7567449,-73.8536104,163.53961003170957,saved
streetview_793.png,40.82562411030951,-73.86162811115794,80.83690200825652,saved
streetview_794.png,40.72307804452571,-73.72501366324427,191.8369497138205,saved
streetview_795.png,40.737756032613866,-73.85080969940972,247.18861732147167,saved
streetview_796.png,40.81081113258018,-73.93116266722456,150.74252312379303,saved
streetview_797.png,40.80577409340914,-73.97078153345356,210.7114979684285,saved
streetview_798.png,40.6657446,-73.99626690000001,199.37734593719676,saved
streetview_799.png,40.63369086114481,-74.03914681438407,200.33833686101343,saved
streetview_800.png,40.750429700000005,-73.7277261,30.187613858243992,saved
streetview_801.png,40.71103739275744,-73.83694890480662,45.50308450875349,saved
streetview_802.png,40.7945998,-73.9783159,221.40901455303649,saved
streetview_803.png,40.777834741074415,-73.92539185022346,150.01267355889183,saved
streetview_804.png,40.73687493314691,-73.85364667163002,76.87078726726435,saved
streetview_805.png,40.83182769567577,-73.8380339734912,168.79500777557848,saved
streetview_806.png,40.825083250817,-73.86767930038317,259.85756629393387,saved
streetview_807.png,40.755318251604,-73.72205752860232,21.5262502101275,saved
streetview_808.png,40.78538499883424,-73.94022579195473,223.05976800553557,saved
streetview_809.png,40.81760914021819,-73.96190860310139,38.515768718617096,saved
streetview_810.png,40.71168819999999,-73.9551004,25.48763390140516,saved
streetview_811.png,40.60405375247188,-74.05220778490373,67.089063884501,saved
streetview_812.png,40.58479910000001,-73.9519506,282.55244408213247,saved
streetview_813.png,40.67606914783828,-74.00124158255217,334.7036326649874,saved
streetview_814.png,40.7819159322855,-73.92850211709107,150.010631358963,saved
streetview_815.png,40.727830780217694,-74.02349742782899,102.06959399081302,saved
streetview_816.png,40.88002000000001,-73.9187402,224.2869994798332,saved
streetview_817.png,40.615962633549856,-74.0266834803341,217.18673679828785,saved
streetview_818.png,40.6459545,-73.8743512,30.36534892464749,saved
streetview_819.png,40.88968474691345,-73.90864605009246,212.22984881274232,saved
streetview_820.png,40.87390904221537,-73.99544558515183,60.43745404311608,saved
streetview_821.png,40.88589599999999,-73.819254,250.87738347775888,saved
streetview_822.png,40.670269593076114,-73.99777418524336,154.83204978318213,saved
streetview_823.png,40.74337628583242,-73.83596913071295,91.83007081957952,saved
streetview_824.png,40.88239560897518,-73.86849629740642,16.02170703987383,saved
streetview_825.png,40.68544536503906,-74.00081200060448,200.09944456873677,saved
streetview_826.png,40.66739766836182,-73.73935727810773,216.2872209766973,saved
streetview_827.png,40.76644207137615,-74.01803188931717,119.0562624642174,saved
streetview_828.png,40.826290164237534,-73.85752186873954,259.8857395222731,saved
streetview_829.png,40.663053912584296,-73.81199745202996,67.65960028365447,saved
streetview_830.png,40.812727661212,-73.93457533089573,184.4183158449915,saved
streetview_831.png,40.85934891489329,-73.97509002616584,359.1913933697124,saved
streetview_832.png,40.76441295056368,-74.01321015313687,119.05942845176588,saved
streetview_833.png,40.69798437677949,-73.87000066492786,238.97254410993543,saved
streetview_834.png,40.584109,-73.965808,80.21826406877108,saved
streetview_835.png,40.73196774544244,-74.04625479308572,269.1098310177621,saved
streetview_836.png,40.8290364226527,-73.93148995524459,336.3139379644582,saved
streetview_837.png,40.69396599999999,-73.8118926,156.34536351474185,saved
streetview_838.png,40.688585680099614,-73.7266282186508,171.98536270728323,saved
streetview_839.png,40.829352129188685,-73.87319240684027,170.68597770065844,saved
,40.68675728773081,-74.00804537957114,328.9664664422724,failed_404
streetview_841.png,40.849222668509775,-73.98765980623655,37.24616741597657,saved
streetview_842.png,40.66439944400594,-73.99705081177426,38.94726196441792,saved
streetview_843.png,40.67913290829821,-74.0034592049132,326.9871031204155,saved
streetview_844.png,40.68460604472149,-73.70931547043212,299.65669953472104,saved
streetview_845.png,40.88618208533482,-73.80718108113749,272.78824486727274,saved
streetview_846.png,40.840792373319694,-73.93238759481018,203.81420548182243,saved
streetview_847.png,40.64806156603802,-73.87192331904807,45.26104828833621,saved
streetview_848.png,40.74165663040016,-73.84606725297552,166.75112309674455,saved
streetview_849.png,40.86860249074012,-74.00351672108437,222.5694515959837,saved
streetview_850.png,40.75379505992274,-73.74462246607627,147.7977390813736,saved
streetview_851.png,40.63996331562393,-74.02559456325422,96.44251238280732,saved
streetview_852.png,40.78784144733305,-73.77687163072245,306.3837926135209,saved
streetview_853.png,40.689052920719774,-73.89082240301147,31.469676669484898,saved
streetview_854.png,40.86691254970166,-73.97567613607382,155.5107990270676,saved
streetview_855.png,40.83119446117986,-73.93522024526966,176.5134267888477,saved
streetview_856.png,40.61112524920893,-74.03103180382311,44.84475088572185,saved
streetview_857.png,40.617899994681856,-73.89743240920737,174.89187352059503,saved
streetview_858.png,40.82593441161075,-73.82880663478217,112.67493151286465,saved
streetview_859.png,40.58599375583822,-73.99033175073528,317.3324556746004,saved
streetview_860.png,40.87408026273958,-73.99588297915712,239.3626556383064,saved
streetview_861.png,40.892361875603896,-73.86409444189687,28.962950980613755,saved
streetview_862.png,40.71450202325206,-73.974737568625,291.79735918371284,saved
streetview_863.png,40.89062391385017,-73.81562971043897,168.61252709175417,saved
streetview_864.png,40.87587275354938,-73.9892803144917,261.01638843245814,saved
streetview_865.png,40.726519747562094,-73.83210076914519,145.0537015095127,saved
streetview_866.png,40.81332015162155,-73.83654094442463,174.20800044512828,saved
streetview_867.png,40.851216646021726,-73.94996035337218,284.56362602764466,saved
streetview_868.png,40.8538787,-73.8719097,298.62844615533595,saved
streetview_869.png,40.66748270000001,-73.7717118,273.6661089679451,saved
streetview_870.png,40.8671584845223,-74.034414399235,268.60515069474087,saved
streetview_871.png,40.76650767787385,-73.86362651625183,144.28526939709877,saved
streetview_872.png,40.84193060167552,-73.99978200472141,118.93472906125214,saved
streetview_873.png,40.70418189536502,-73.7272015815073,358.0910558842536,saved
streetview_874.png,40.73327195595388,-73.86696987037496,246.24302013754695,saved
streetview_875.png,40.67332286020312,-73.99952162532006,334.7650811111201,saved
streetview_876.png,40.70390272408944,-73.72718940990931,358.10695764811607,saved
streetview_877.png,40.88649730000001,-73.8153806,189.0885076255212,saved
streetview_878.png,40.73894721848424,-73.79346546930937,70.13286154229871,saved
streetview_879.png,40.900126431291554,-73.9063945353834,220.792901414582,saved
streetview_880.png,40.60306557627656,-74.05540220113731,66.89743173095093,saved
streetview_881.png,40.72736281253383,-74.02064197745241,102.60649878100072,saved
streetview_882.png,40.755768102945375,-73.96118825162522,220.1557856078375,saved
streetview_883.png,40.678352415385845,-73.80346822014228,339.7510097614443,saved
streetview_884.png,40.81827466883704,-73.80605806158945,283.7801312903812,saved
streetview_885.png,40.90101030637656,-73.8788347773673,7.065802888809742,saved
streetview_886.png,40.633513177832285,-73.8819228693226,35.94138442024297,saved
streetview_887.png,40.66396129659263,-73.78558961800316,303.2490329219824,saved
streetview_888.png,40.77269113955085,-73.83144971323522,226.31013598725528,saved
streetview_889.png,40.83326571715138,-73.93525629984164,359.3557390045162,saved
streetview_890.png,40.73487724721597,-73.86173913894645,248.51787780521784,saved
streetview_891.png,40.726433794556726,-73.88981189812358,234.84461895891573,saved
streetview_892.png,40.674180083768846,-73.80152994341225,343.0857350477707,saved
streetview_893.png,40.64033588128338,-74.02687630363329,300.03484669282176,saved
streetview_894.png,40.699425800000014,-73.8150054,158.20062385313827,saved
streetview_895.png,40.7103459,-73.9617571,292.2383538082621,saved
streetview_896.png,40.82124716651133,-73.81704070152836,118.39274965643244,saved
streetview_897.png,40.8226727579612,-73.8361636484119,179.6032462710798,saved
streetview_898.png,40.842112060670615,-73.94530831592675,12.722785046460617,saved
streetview_899.png,40.7883169200756,-73.7777804138508,302.466067324,saved
streetview_900.png,40.735225160165655,-73.83630256085523,354.694656245951,saved
streetview_901.png,40.82404429292647,-73.87463939672175,79.63211051844706,saved
streetview_902.png,40.75066900135472,-73.96601861975132,211.79309242352957,saved
streetview_903.png,40.65854270315991,-74.00319206632338,38.36372303996751,saved
streetview_904.png,40.77496796272266,-74.04400093442946,140.03428432271562,saved
streetview_905.png,40.86493125091523,-74.01065206891572,78.42487891424986,saved
streetview_906.png,40.77010483083332,-73.78309031258085,157.9250365290626,saved
streetview_907.png,40.71578359589443,-73.81675821762624,89.54603803798858,saved
streetview_908.png,40.76011679529225,-73.95724099517942,47.57338435611172,saved
streetview_909.png,40.72079878577995,-73.97475022948291,185.2778468627514,saved
streetview_910.png,40.89156080502772,-73.8157924651959,347.200488803647,saved
streetview_911.png,40.71855545071098,-73.83239628597634,322.8365292815216,saved
streetview_912.png,40.77305213451728,-73.76479723234108,325.1226636589624,saved
streetview_913.png,40.88035041179883,-73.94838931873517,23.25410066401838,saved
streetview_914.png,40.72898405217936,-73.83988167745275,148.54668371361493,saved
streetview_915.png,40.7468855639202,-73.96913144494144,217.76449976503656,saved
streetview_916.png,40.58260842011485,-73.9759770766223,82.21100618354956,saved
streetview_917.png,40.76928042529658,-73.91066248402288,279.6285097861547,saved
streetview_918.png,40.87006459620308,-74.00180058411209,221.5459739100164,saved
,40.851222933769726,-73.9507400814135,104.53362951484472,failed_404
streetview_920.png,40.73086119358667,-74.04931756406569,92.44229130166023,saved
streetview_921.png,40.88659381673903,-73.9448782641262,196.34489618155536,saved
streetview_922.png,40.75774180658303,-73.73821530881747,229.49757769800232,saved
streetview_923.png,40.7674299,-73.9501703,299.1268271504134,saved
streetview_924.png,40.64437875923397,-73.8753789759006,27.72309253243992,saved
streetview_925.png,40.78896344339307,-73.98253815256109,198.53042644020013,saved
streetview_926.png,40.75239423388351,-73.7432544978137,327.19919835215524,saved
streetview_927.png,40.714225583785804,-73.97446460334342,111.89146126176098,saved
streetview_928.png,40.76017257751546,-74.00451024066247,119.03684068772054,saved
streetview_929.png,40.67857999188861,-73.7301421718091,215.34976452777428,saved
streetview_930.png,40.74304574638728,-73.77819732776697,259.37954879045964,saved
streetview_931.png,40.78295129043365,-73.78533083512603,343.812522337614,saved
streetview_932.png,40.80014735074424,-73.79371103233062,179.69518189256553,saved
streetview_933.png,40.666212596061314,-73.79995760426485,92.57326394287008,saved
streetview_934.png,40.87247561095238,-73.9285071852852,26.655317228743115,saved
streetview_935.png,40.73325030000001,-73.8355363,338.548726479858,saved
streetview_936.png,40.74463414035994,-73.96374492896946,131.99722679159345,saved
streetview_937.png,40.84087870017505,-73.8254736317032,357.22665234028244,saved
streetview_938.png,40.819963083144266,-73.95983902149433,213.77782404859695,saved
streetview_939.png,40.64973999063145,-73.97560790544158,162.09171809657175,saved
streetview_940.png,40.70965681008501,-73.72772236428885,171.5619566876412,saved
streetview_941.png,40.8677988914629,-74.05167570507741,282.4903427983603,saved
streetview_942.png,40.83373092208746,-73.87390940041456,0.044256686585129,saved
streetview_943.png,40.87004452266645,-73.83352781623408,160.80964793774365,saved
streetview_944.png,40.86643878057714,-74.02489612487007,100.80664172718258,saved
streetview_945.png,40.74878903797215,-73.75828576504118,62.32287995883098,saved
streetview_946.png,40.77572740746472,-73.7669622494628,155.6522143291695,saved
streetview_947.png,40.7168370710144,-73.94940683288706,49.24965009341446,saved
streetview_948.png,40.58511393405109,-73.91413084487249,54.83082593015757,saved
streetview_949.png,40.78679920076395,-73.77564553818377,138.32814249981624,saved
streetview_950.png,40.722941221003495,-73.97401050084899,25.496513869522744,saved
streetview_951.png,40.84701586989239,-74.01826500889645,118.05704032119962,saved
streetview_952.png,40.8742732,-73.9941448,63.54508671003271,saved
streetview_953.png,40.61212492823469,-74.02923006537057,36.87011076664271,saved
streetview_954.png,40.63593914430971,-74.03789916269605,21.64439752488869,saved
streetview_955.png,40.75525864466828,-73.89909170703496,341.3156010427924,saved
streetview_956.png,40.58529505260533,-73.9418711628417,259.5201699906115,saved
streetview_957.png,40.60355157754571,-74.05428342521512,246.86870851977977,saved
streetview_958.png,40.7646207960468,-74.0237264887147,26.45240539169913,saved
streetview_959.png,40.69389581288564,-73.81159565665179,337.4011978879136,saved
streetview_960.png,40.838315400000006,-73.9334654,346.931250762132,saved
streetview_961.png,40.69142165809385,-73.88564510332324,253.41174055651769,saved
streetview_962.png,40.7257330202367,-73.76995435056592,256.07326424732184,saved
streetview_963.png,40.81013132405114,-73.83485847703489,334.0722145611298,saved
streetview_964.png,40.68451398463277,-73.89498686198927,214.8253053017291,saved
streetview_965.png,40.80708150000001,-73.9335118,326.2925313302818,saved
streetview_966.png,40.7305645,-74.0363332,316.4676364237805,saved
streetview_967.png,40.754645200000006,-73.9979154,140.03428432271562,saved
streetview_968.png,40.71687333759338,-73.82163156793477,273.6844198497073,saved
streetview_969.png,40.78437666121532,-73.94215745768494,235.7358268852152,saved
streetview_970.png,40.77312590276663,-73.94448735554322,214.69692543131012,saved
streetview_971.png,40.7785702782323,-73.76837721948154,160.5608916638945,saved
streetview_972.png,40.75391790509212,-73.8524732310982,353.4185212139046,saved
streetview_973.png,40.62170681892331,-74.02161793261772,33.36599520788525,saved
streetview_974.png,40.8446845902609,-74.01350808562917,117.79737160469097,saved
streetview_975.png,40.797977420287765,-73.97533396257415,14.12052734858372,saved
streetview_976.png,40.85126964164766,-73.92599103576394,204.9730119122916,saved
streetview_977.png,40.82987365815726,-73.81944845685469,147.27472795871904,saved
streetview_978.png,40.65142767372807,-73.9763513039657,337.5968714456392,saved
streetview_979.png,40.72879658942775,-74.03032732400578,276.5139508531528,saved
streetview_980.png,40.82879743011201,-73.84518180447002,281.21722280206154,saved
streetview_981.png,40.76724901373112,-73.88651836541985,248.59252111169428,saved
streetview_982.png,40.77115948312704,-73.87025097074827,115.59016669296705,saved
streetview_983.png,40.7573397093369,-73.72077639447454,36.72441799856114,saved
streetview_984.png,40.82684020000001,-73.8728596,176.11339207121887,saved
streetview_985.png,40.71097040000001,-73.9801685,259.52861176996214,saved
streetview_986.png,40.69506334619054,-73.8759807226595,201.10324862109343,saved
streetview_987.png,40.820526850347306,-73.81271311565733,302.1417995783294,saved
streetview_988.png,40.82673139141615,-73.81685404630868,338.83855478562805,saved
streetview_989.png,40.78036749798191,-73.94386880471899,348.85233445641165,saved
streetview_990.png,40.8444556,-74.012093,92.58058197610052,saved
streetview_991.png,40.72551559707524,-74.00722748292198,316.02402860601296,saved
streetview_992.png,40.64290044245425,-73.876457227408,203.1833655813286,saved
streetview_993.png,40.82848995595308,-73.8383699064709,85.59253565731922,saved
streetview_994.png,40.83673230557217,-73.87774127002766,284.0191282141958,saved
streetview_995.png,40.89819094221471,-73.79684117266783,197.1417359946136,saved
,40.689825487402594,-74.01053797218584,328.52765386194767,failed_404
streetview_997.png,40.84916170778282,-73.83620723574334,3.062276401619613,saved
streetview_998.png,40.7300160361495,-74.03550378168592,310.692604967657,saved
streetview_999.png,40.58463056613961,-73.94729196828612,84.5058149205164,saved
streetview_1000.png,40.74867729008151,-73.77377212555365,160.24621672930562,saved
streetview_1001.png,40.7159109496812,-73.95077129512117,46.69516894648888,saved
streetview_1002.png,40.87472780000001,-73.9937553,245.54229350588813,saved
streetview_1003.png,40.74314703153277,-73.73100003343703,303.7260192360966,saved
streetview_1004.png,40.80730332316541,-73.90620919210326,235.35818293840384,saved
streetview_1005.png,40.86944584309642,-73.87235359087511,181.46829804359265,saved
streetview_1006.png,40.85287406269914,-73.95853719898007,284.42744351538613,saved
streetview_1007.png,40.70168686747286,-74.0111882652307,253.5517577161445,saved
streetview_1008.png,40.74711072648318,-73.76316341601932,250.17751233793985,saved
streetview_1009.png,40.78327657410491,-74.04731811929562,346.62480897170167,saved
streetview_1010.png,40.74106892571245,-73.7862363034811,250.0708815751416,saved
streetview_1011.png,40.78406622901562,-73.92999712886252,161.8087050310114,saved
streetview_1012.png,40.66506667455899,-73.82630511645273,94.40307851123224,saved
streetview_1013.png,40.76361201868902,-73.84057709130936,36.6577336295104,saved
streetview_1014.png,40.758564430527166,-73.95877025640718,208.42725062069655,saved
streetview_1015.png,40.72727164490388,-73.83261605745547,156.17367394944654,saved
streetview_1016.png,40.60884117568205,-74.03790421541879,246.95568764131863,saved
streetview_1017.png,40.66523180138394,-73.84381882239587,241.20828246691391,saved
streetview_1018.png,40.76576508507608,-74.02145708381886,10.434003167984995,saved
streetview_1019.png,40.72586932472625,-73.90012397692786,276.8221337172399,saved
streetview_1020.png,40.67793020058384,-73.80354646273821,159.84836941407127,saved
streetview_1021.png,40.738365971501295,-73.79622672992303,256.8320772065371,saved
streetview_1022.png,40.88595015226643,-73.88730011779174,170.93526467396202,saved
streetview_1023.png,40.73095612808661,-74.03685550508455,306.5962069240836,saved
streetview_1024.png,40.750916426563,-73.96581616706935,211.7932253584977,saved
streetview_1025.png,40.64774195553788,-73.97485387396664,352.14130254778,saved
streetview_1026.png,40.77099582904168,-73.76262640176023,136.68478217096515,saved
streetview_1027.png,40.7132909,-73.9540603,262.7168993284461,saved
streetview_1028.png,40.58823783945765,-73.90947263716284,212.85927812034305,saved
streetview_1029.png,40.7198239,-73.7852487,271.27334368945503,saved
streetview_1030.png,40.84798133519465,-73.92492300677763,209.53536850566377,saved
streetview_1031.png,40.72353759970528,-73.82809145210936,321.8726445850055,saved
streetview_1032.png,40.8493002,-73.9413586,104.5063711951887,saved
streetview_1033.png,40.87333879371913,-73.98174418155462,312.3903878783899,saved
streetview_1034.png,40.586090669972464,-73.9323296686972,284.86412400094633,saved
streetview_1035.png,40.72330212571912,-73.82789288431432,327.4179891550916,saved
streetview_1036.png,40.895709841094224,-73.88126692316676,35.92688738924585,saved
streetview_1037.png,40.73837019840517,-73.80617657418104,92.65587062658835,saved
streetview_1038.png,40.85713316256864,-73.83156060178965,219.0074090942242,saved
streetview_1039.png,40.665274,-73.801566,85.3853651688986,saved
streetview_1040.png,40.66440436431683,-73.78963815762354,31.589406961425937,saved
streetview_1041.png,40.64169095332033,-74.0320715150829,265.277413591176,saved
streetview_1042.png,40.788640520414,-74.05067204508548,140.83417698698406,saved
streetview_1043.png,40.83370058949658,-73.82270058229352,147.24643557342995,saved
streetview_1044.png,40.83484596017914,-73.86565972147784,291.4448735009313,saved
streetview_1045.png,40.64625390493915,-74.01608605441926,39.54910421202192,saved
streetview_1046.png,40.62786615649643,-74.04121697281794,185.4491787917513,saved
streetview_1047.png,40.85058824565742,-73.92243700709737,35.407608125526906,saved
streetview_1048.png,40.64821010151035,-74.01405898537863,38.23703787659701,saved
streetview_1049.png,40.74598670304095,-73.96990052116819,37.861596514671305,saved
streetview_1050.png,40.59922681255667,-74.00761240546392,129.81057299167708,saved
streetview_1051.png,40.78758285262328,-73.79180550770403,58.13122299312244,saved
streetview_1052.png,40.5871157294228,-73.91042299757378,48.44811283243223,saved
streetview_1053.png,40.75315114216248,-73.77584223376644,163.5583944730796,saved
streetview_1054.png,40.74498450273271,-73.76972938911594,57.6480860247404,saved
streetview_1055.png,40.69857187611443,-74.01451891741209,164.3189867863175,saved
streetview_1056.png,40.72107156965876,-73.82642940256943,340.5229675314573,saved
streetview_1057.png,40.84600062029993,-73.83661651350674,10.383576834080486,saved
streetview_1058.png,40.876905084567305,-73.95022397680937,193.93678948891437,saved
streetview_1059.png,40.88644049695869,-73.81719556520603,250.47178396272653,saved
streetview_1060.png,40.60266114047714,-74.0156379057746,109.5238819463811,saved
streetview_1061.png,40.65884479444987,-73.80697171042745,197.81486699796864,saved
streetview_1062.png,40.60215279498068,-74.0586311779067,248.6024432782918,saved
streetview_1063.png,40.80714311395,-73.9065155330806,240.257016385688,saved
streetview_1064.png,40.84175170012257,-73.82552953219222,357.22661563643805,saved
streetview_1065.png,40.72119980000001,-74.0079995,140.03428432271562,saved
streetview_1066.png,40.72622569555079,-73.93057949067958,43.879501619508005,saved
streetview_1067.png,40.68474116669226,-73.8947784445161,214.82544214668368,saved
streetview_1068.png,40.83393434212653,-73.82289933175316,147.24630507529537,saved
streetview_1069.png,40.8590350722482,-73.82995116898478,211.9037581242792,saved
streetview_1070.png,40.640522823403856,-73.87772078575084,202.1618343597539,saved
streetview_1071.png,40.68439862089191,-73.70931085228564,120.22434779618531,saved
streetview_1072.png,40.81568978226716,-73.93414634504396,4.588573028299891,saved
streetview_1073.png,40.82151757119736,-73.83601648159392,359.5043498774819,saved
streetview_1074.png,40.73528060000002,-73.8448267,165.30828640692857,saved
streetview_1075.png,40.71780271487711,-73.97519782351155,192.4481769532968,saved
streetview_1076.png,40.71042284281651,-73.8211774679697,146.09247471603828,saved
streetview_1077.png,40.86785835224622,-73.82218812501779,216.853331959396,saved
streetview_1078.png,40.8443293,-74.0092815,98.4795885166884,saved
streetview_1079.png,40.79257262270449,-73.82376443964439,160.96697371792425,saved
streetview_1080.png,40.682435161707,-73.72734890435676,205.476788280392,saved
streetview_1081.png,40.64594970000001,-73.7845186,243.07875052561096,saved
streetview_1082.png,40.78520120000002,-73.9405145,236.63934330956704,saved
streetview_1083.png,40.73567323690301,-73.84472021776102,349.6927141024874,saved
streetview_1084.png,40.64572584268453,-73.80034390455663,126.29637238354616,saved
streetview_1085.png,40.82817985525296,-73.93125409714867,168.41131505032695,saved
streetview_1086.png,40.80107962870874,-73.9299947732483,169.75410221707568,saved
streetview_1087.png,40.77413120000001,-74.0429816,135.78231580206415,saved
streetview_1088.png,40.89544010515161,-73.88487408906062,196.78011938308148,saved
streetview_1089.png,40.6856345,-73.7116975,299.56620380659604,saved
streetview_1090.png,40.70679356381027,-73.72751122546975,178.08357062830032,saved
streetview_1091.png,40.899840219280776,-73.87902923892074,7.440852872389655,saved
streetview_1092.png,40.64686481726002,-73.78661800643646,21.821594212991727,saved
streetview_1093.png,40.74539930438566,-73.73493447588447,137.49456184561097,saved
streetview_1094.png,40.72213953380154,-73.72511185831473,13.216642936364678,saved
streetview_1095.png,40.6651826,-73.8175691,177.8830346090283,saved
streetview_1096.png,40.65157681977063,-73.80590056955624,152.40578476146027,saved
streetview_1097.png,40.81578498370517,-73.96363239771979,31.02978618769555,saved
streetview_1098.png,40.68880354107966,-73.89102370451718,31.469676669484898,saved
streetview_1099.png,40.60853717418636,-74.03868006615814,66.8988031200891,saved
streetview_1100.png,40.84511136878922,-73.9450766950429,177.52329829794508,saved
streetview_1101.png,40.70474023272996,-73.72722612931778,358.091039766086,saved
streetview_1102.png,40.84065120000002,-73.872619,190.37760256740373,saved
streetview_1103.png,40.74239342274817,-73.82626518554962,106.02854678851782,saved
streetview_1104.png,40.84752114795901,-73.82657790905317,337.7357937560282,saved
streetview_1105.png,40.76566711407531,-73.83881973746008,25.80395379003716,saved
streetview_1106.png,40.90303887053932,-73.87867461647339,187.0947593340948,saved
streetview_1107.png,40.73155433009305,-73.76487602143219,143.24839944985217,saved
streetview_1108.png,40.73673460961829,-73.90707137317509,66.68337319230659,saved
streetview_1109.png,40.73538878189572,-73.844640175172,347.96382409655405,saved
,40.85254033440577,-73.95752431373877,104.56414168815576,failed_404
streetview_1111.png,40.6802209500625,-74.0033423004862,197.2445895492966,saved
streetview_1112.png,40.89118364957498,-73.88680605676915,17.20968250958333,saved
streetview_1113.png,40.766462045145445,-73.71593935914711,42.16633021540628,saved
streetview_1114.png,40.63543078669937,-74.01678164662367,318.40132734403585,saved
streetview_1115.png,40.60488594497625,-74.04997117381448,66.90805083300825,saved
streetview_1116.png,40.752566000000016,-73.8975415,337.5966211545289,saved
streetview_1117.png,40.82929068844814,-73.84135027016657,255.82749389295523,saved
streetview_1118.png,40.85667950000001,-73.9725496,323.5180142277019,saved
streetview_1119.png,40.62476232035503,-73.89478512465175,221.9109373722744,saved
streetview_1120.png,40.73648274551668,-73.90813579065255,75.73698165224027,saved
streetview_1121.png,40.885986259616494,-73.81891069891343,250.81982334448784,saved
streetview_1122.png,40.76779454869635,-73.8842247898155,63.0380065690606,saved
,40.85163123816729,-73.95289889611819,104.56694514175206,failed_404
streetview_1124.png,40.76590099228374,-74.01674606427505,119.05710674281228,saved
streetview_1125.png,40.82051340000002,-73.8137184,128.8064564959219,saved
streetview_1126.png,40.74104143097372,-73.89849995867554,42.9095153868688,saved
streetview_1127.png,40.66160864243562,-73.85121765821141,230.97533768498303,saved
streetview_1128.png,40.849335027280986,-73.94103113273775,105.10024761831043,saved
streetview_1129.png,40.84489366623362,-73.92541376265677,281.06262271176234,saved
streetview_1130.png,40.76752322122229,-73.90169343981144,101.920187938013,saved
streetview_1131.png,40.870499394403446,-73.97879846516021,143.34262761901027,saved
streetview_1132.png,40.66512733539716,-73.8253774054208,274.51375709565764,saved
streetview_1133.png,40.7279685089508,-73.88650537338252,64.95190872827624,saved
streetview_1134.png,40.72205556418207,-73.82706133099705,334.0716102616671,saved
streetview_1135.png,40.82183010854599,-73.95815435013328,30.22993607039132,saved
streetview_1136.png,40.60153846691921,-73.90078802201623,36.16796577628924,saved
streetview_1137.png,40.7359752274676,-73.85752836956165,68.51309991881402,saved
streetview_1138.png,40.88425319266803,-73.86777029497735,17.014894388961466,saved
streetview_1139.png,40.77150746243766,-73.87581193099714,77.71404096551873,saved
streetview_1140.png,40.75046272139463,-73.85086327445838,337.39481111684506,saved
streetview_1141.png,40.74347259999998,-73.8367622,262.7582204983952,saved
streetview_1142.png,40.88059948083061,-73.81722388336655,194.6291112253541,saved
streetview_1143.png,40.74111233571727,-73.7272115258094,129.86264884977652,saved
streetview_1144.png,40.689716900532666,-73.72658504542002,350.54895068874265,saved
streetview_1145.png,40.86801110770902,-73.83234110095827,338.96495314343474,saved
,40.69314381621928,-74.01234314630703,344.4451415429231,failed_404
streetview_1147.png,40.8182377842226,-73.9306114669355,4.866273190956122,saved
streetview_1148.png,40.74159349999999,-73.9502822,89.2673929701769,saved
streetview_1149.png,40.76805895841955,-73.9045449562649,335.93778669070355,saved
streetview_1150.png,40.807571016270266,-73.7937632112922,179.6951489015247,saved
streetview_1151.png,40.73782674278694,-73.90446804067638,60.86229870933738,saved
streetview_1152.png,40.66513352352618,-73.99649221474475,27.15745609458452,saved
streetview_1153.png,40.76005021296454,-73.83863558434149,3.528276532543714,saved
streetview_1154.png,40.60520883651742,-74.04897532707346,67.03903000438947,saved
streetview_1155.png,40.70989399037921,-73.9900125545216,79.67369608485444,saved
streetview_1156.png,40.73811832588083,-73.79912946487427,92.76323343008649,saved
streetview_1157.png,40.61133973809987,-74.03624723035051,323.5606599123621,saved
streetview_1158.png,40.79435479999999,-73.9786013,220.0760003494612,saved
streetview_1159.png,40.60942034514032,-74.03482233763101,334.2751669004082,saved
streetview_1160.png,40.79499822676147,-73.92212262618686,213.5420730942267,saved
streetview_1161.png,40.84836085001096,-73.87119350001707,0.3909487497677446,saved
streetview_1162.png,40.73076659330474,-74.0365865659981,312.92338643667347,saved
streetview_1163.png,40.744602841623205,-73.73389462520734,131.9657766424957,saved
streetview_1164.png,40.8548576,-73.9667061,279.95298641051386,saved
streetview_1165.png,40.83411543043037,-73.82611585313678,52.30033900555861,saved
streetview_1166.png,40.77802664758416,-73.9898080705851,208.9316933993597,saved
streetview_1167.png,40.78892337543864,-73.92732470322488,33.621098890893165,saved
streetview_1168.png,40.83211923738835,-73.83792453246146,349.9779113890776,saved
streetview_1169.png,40.77038564923427,-73.834772073578,48.73643263278132,saved
streetview_1170.png,40.71664422835859,-73.82677235389427,270.556305836742,saved
streetview_1171.png,40.67581927255737,-73.73285016755769,215.8530903513222,saved
streetview_1172.png,40.748364625996594,-73.7287832919917,195.2276334602381,saved
streetview_1173.png,40.7647567,-73.758627,345.1025725271616,saved
streetview_1174.png,40.76211001807754,-74.00773820514782,119.05673623122948,saved
streetview_1175.png,40.7260517158352,-74.00957828835969,277.1686995794448,saved
streetview_1176.png,40.73725531397351,-73.90575237566063,59.55857466419173,saved
streetview_1177.png,40.72628295842204,-74.01319994673138,96.68945443162704,saved
streetview_1178.png,40.83451550181999,-73.83854166950519,174.3708628403674,saved
streetview_1179.png,40.84502919113349,-73.91778287799958,86.49167950980939,saved
streetview_1180.png,40.72629828295062,-73.76696387168764,257.3164101016638,saved
streetview_1181.png,40.72866323831803,-73.75146663002691,230.0537052477739,saved
streetview_1182.png,40.89162830000001,-73.9081485,359.70532025230494,saved
streetview_1183.png,40.7893103992593,-74.05124423277903,315.18879253394687,saved
streetview_1184.png,40.82434047788304,-73.83613055791186,353.9880792577623,saved
streetview_1185.png,40.75261381858367,-73.74364175268444,147.33368760568624,saved
streetview_1186.png,40.72702826301577,-73.83228081275075,335.5974112069714,saved
streetview_1187.png,40.717376325405695,-74.05595015967455,0.6873256893175608,saved
streetview_1188.png,40.60944939027932,-74.03498518985539,154.85199288967306,saved
streetview_1189.png,40.68838921189092,-73.89147857014643,211.50835773954444,saved
streetview_1190.png,40.85100072624118,-73.94894579164007,284.5639509866746,saved
streetview_1191.png,40.735163516884406,-73.91990180530901,258.3008380880423,saved
streetview_1192.png,40.7072112,-74.0010614,56.390970131380016,saved
streetview_1193.png,40.73295970101725,-73.84340903104535,332.4959893422848,saved
streetview_1194.png,40.81652925364239,-73.93405732128201,4.588631485087035,saved
streetview_1195.png,40.74777479627244,-73.83477284928941,11.567412726985992,saved
streetview_1196.png,40.88619614036254,-73.80756282461843,277.3755626988068,saved
streetview_1197.png,40.72686670020106,-73.88872829996978,51.43966408325838,saved
streetview_1198.png,40.830036000000014,-73.8348202,272.1785705842954,saved
streetview_1199.png,40.73667920230099,-73.90777199563782,255.1049611781139,saved
streetview_1200.png,40.63712208425884,-73.87939160775083,202.73929081342283,saved
streetview_1201.png,40.65650583596666,-73.98174728243355,128.48821576082247,saved
streetview_1202.png,40.73998840633624,-73.73885576671967,223.40265524559945,saved
streetview_1203.png,40.88678814097464,-73.81532283704945,186.154250623183,saved
streetview_1204.png,40.770795068573264,-73.76237646047363,136.68494628618475,saved
streetview_1205.png,40.73957741134991,-73.73934497205212,217.37836989788124,saved
streetview_1206.png,40.82345466851218,-73.87911863929084,80.0526874825506,saved
streetview_1207.png,40.7176161,-73.9858243,230.1597127037591,saved
streetview_1208.png,40.78611732210523,-73.80194406685679,274.7656650413531,saved
streetview_1209.png,40.83366881946782,-73.86169883045379,291.4334332098969,saved
streetview_1210.png,40.77723763056454,-73.78462936160244,178.12203357984686,saved
streetview_1211.png,40.70525272571263,-73.85244162217937,34.37521943393625,saved
streetview_1212.png,40.65038456240679,-73.86841113886831,234.90777670384088,saved
streetview_1213.png,40.84563430000001,-73.9293861,284.561000711408,saved
streetview_1214.png,40.65577569905601,-73.79146239328762,125.34145520318896,saved
streetview_1215.png,40.8106973786963,-73.93086455683758,326.5384764530556,saved
streetview_1216.png,40.743459987535154,-73.77530482643718,259.2865970482794,saved
streetview_1217.png,40.760145,-73.8984622,27.70008440001368,saved
streetview_1218.png,40.85393653210617,-73.83506697664605,207.4378332841256,saved
streetview_1219.png,40.705502791402616,-73.95889427992388,203.2829835332912,saved
streetview_1220.png,40.60308585642226,-73.89980930003492,205.2977201173196,saved
streetview_1221.png,40.67952971647325,-74.003709652197,327.7252629138822,saved
streetview_1222.png,40.75477733608403,-73.77636470713323,166.6994808640668,saved
streetview_1223.png,40.69621260000002,-73.9638699,239.47195749575752,saved
streetview_1224.png,40.71932328634387,-73.94573390667439,230.88567639263795,saved
streetview_1225.png,40.866254416716544,-74.02456407848321,100.7980196618023,saved
streetview_1226.png,40.8178421936727,-73.89267708879953,38.37503818159337,saved
streetview_1227.png,40.68768122730299,-73.89205091523769,211.77215593516576,saved
streetview_1228.png,40.60630364564465,-73.89868277441735,6.633309305913372,saved
streetview_1229.png,40.90408026491702,-73.93612887326152,204.91348882183075,saved
streetview_1230.png,40.73210005009966,-73.91933480958636,125.02911678662484,saved
streetview_1231.png,40.814583225234415,-73.89604021645061,37.63068622078646,saved
streetview_1232.png,40.84619665153533,-73.93144063421491,111.12126657542932,saved
streetview_1233.png,40.744023510895744,-73.89514373882132,213.86166653031148,saved
streetview_1234.png,40.72969789999999,-74.0360486,106.7507924249138,saved
streetview_1235.png,40.69635353179151,-73.97845318351366,273.3823165872826,saved
streetview_1236.png,40.66498839106988,-73.83033837729201,100.98150622390716,saved
streetview_1237.png,40.765860064618415,-73.95146999943057,213.58487496843267,saved
streetview_1238.png,40.85455128301792,-73.82633757965914,179.52459154432813,saved
streetview_1239.png,40.75377426077652,-73.83743216895205,332.8848689532306,saved
streetview_1240.png,40.8096692,-73.9295614,315.05296791091155,saved
streetview_1241.png,40.595599817710806,-73.99925025405626,124.1163390056497,saved
streetview_1242.png,40.854570430412245,-73.87207668656465,148.77984090339032,saved
streetview_1243.png,40.72742255680675,-74.02099448841018,102.60626730944703,saved
streetview_1244.png,40.61018910986543,-74.03547440544185,152.0747241735021,saved
streetview_1245.png,40.78038087504371,-73.82594965761554,203.92168941407368,saved
streetview_1246.png,40.73541670971083,-73.74313002666347,220.6959321788779,saved
streetview_1247.png,40.85888959874572,-74.01169164420556,13.03038503714322,saved
streetview_1248.png,40.76381048853998,-73.84002633659418,174.46960255100475,saved
streetview_1249.png,40.87188505308454,-73.99979935829741,226.59365955421956,saved
streetview_1250.png,40.81989188854967,-73.9306481900325,357.12674804403593,saved
streetview_1251.png,40.88464349999999,-73.9145851,45.02252991286264,saved
streetview_1252.png,40.73952679619861,-73.84528692142479,349.6575590127956,saved
streetview_1253.png,40.77885634028424,-73.92598196556376,329.9967966430002,saved
streetview_1254.png,40.88920947072677,-73.80148061090635,204.80204858807963,saved
streetview_1255.png,40.61854434487447,-74.04084033283443,170.2381635479012,saved
streetview_1256.png,40.72520541187421,-73.89365084852678,85.22490756803256,saved
streetview_1257.png,40.84504421886936,-73.82585885558866,177.6725152205954,saved
streetview_1258.png,40.766665300000014,-73.8381825,25.694451871131264,saved
streetview_1259.png,40.72821674038147,-74.02489020969685,282.06125976708347,saved
streetview_1260.png,40.73122154674228,-73.91698826444042,110.36010851308303,saved
streetview_1261.png,40.87192486968284,-73.83389539202707,349.06234119289235,saved
streetview_1262.png,40.88516969155936,-73.88697573245412,352.4479567062128,saved
streetview_1263.png,40.72784628787692,-73.75946612506475,121.38550813814362,saved
streetview_1264.png,40.738339,-73.9738156,209.12695398705424,saved
streetview_1265.png,40.60735933965078,-74.04264349594915,246.9626922422981,saved
streetview_1266.png,40.89318869999998,-73.8836838,35.96494169781806,saved
streetview_1267.png,40.58495081594985,-73.91444916959847,55.99071300210329,saved
streetview_1268.png,40.6850593,-73.7263857,181.6254446400534,saved
streetview_1269.png,40.58594798253505,-73.9125650646384,54.91873872420405,saved
streetview_1270.png,40.71406092982045,-73.97416156878417,111.88971192711584,saved
streetview_1271.png,40.78851378301516,-73.79088156617013,320.1593341484692,saved
streetview_1272.png,40.66647060494641,-73.74031211091899,232.1789009897104,saved
streetview_1273.png,40.73925221217004,-73.81657733674464,111.21305566193148,saved
streetview_1274.png,40.66586760289712,-73.7511160000792,269.86585840944986,saved
streetview_1275.png,40.74238882806856,-73.7296370926324,120.0304062143565,saved
streetview_1276.png,40.6131471158226,-73.89704638783347,0.7067404742454073,saved
streetview_1277.png,40.79651426969576,-73.79351134989075,359.6451493444699,saved
streetview_1278.png,40.7713408475792,-73.87652758285844,72.50509948631998,saved
streetview_1279.png,40.73550093250588,-73.83633635727855,356.10089390517726,saved
streetview_1280.png,40.607919470977045,-74.04037793092577,66.96949853935212,saved
streetview_1281.png,40.87438502759512,-73.81862365616097,182.2074986432102,saved
streetview_1282.png,40.65663756223978,-73.80737048800636,4.434613041805108,saved
streetview_1283.png,40.70285854174979,-74.01580502121185,177.48246394264265,saved
streetview_1284.png,40.81866200141363,-73.80869869856457,111.19782819687292,saved
streetview_1285.png,40.64712674897267,-74.01507223754128,37.82636599043076,saved
streetview_1286.png,40.76111815351752,-74.00675903125348,119.0353641142516,saved
streetview_1287.png,40.74340816164031,-73.77566637880429,259.286359646454,saved
streetview_1288.png,40.768718500000006,-73.9078784,100.79215145784508,saved
streetview_1289.png,40.8279774857597,-73.84628931657238,254.09093161371243,saved
streetview_1290.png,40.79481349572989,-73.79365606357494,179.545299860074,saved
streetview_1291.png,40.9055839,-73.8782555,187.09503452590928,saved
streetview_1292.png,40.79544504357997,-73.9770147802218,44.359997714116105,saved
streetview_1293.png,40.71736948911503,-73.79820417983912,249.0681601898756,saved
streetview_1294.png,40.71463919818012,-73.97582265773005,111.89056954641865,saved
streetview_1295.png,40.747655075848414,-73.96830084648428,32.19963471115477,saved
streetview_1296.png,40.88537998768717,-73.81549671657235,10.872487376943468,saved
streetview_1297.png,40.59729997917857,-74.00423194249922,303.9960346775734,saved
streetview_1298.png,40.61662650035328,-74.02601350144391,212.1614712048661,saved
streetview_1299.png,40.798751023430505,-73.79352964965614,359.6451373287767,saved
streetview_1300.png,40.76115051990463,-73.75528398058961,306.4205676013505,saved
streetview_1301.png,40.76145536676195,-73.83900585296786,163.9972501415814,saved
streetview_1302.png,40.75498825017392,-73.7455776179168,149.39143287520608,saved
streetview_1303.png,40.60513723338399,-74.04884768573861,66.96917716961394,saved
streetview_1304.png,40.82924677533224,-73.83528314088063,257.32363631753367,saved
streetview_1305.png,40.81630740000002,-73.7983963,126.0766016129594,saved
streetview_1306.png,40.8488670068838,-73.82710338069336,352.44896467404266,saved
streetview_1307.png,40.72267915512053,-73.94011951702288,53.446860647289895,saved
streetview_1308.png,40.738211582270885,-73.80168029509932,92.76155851813188,saved
streetview_1309.png,40.87358919792432,-73.99578147544936,59.55079193659458,saved
streetview_1310.png,40.7502044870899,-73.850712385224,336.1233960547441,saved
,40.85135666694946,-73.95067287723037,284.5631581832636,failed_404
streetview_1312.png,40.79763264666229,-73.79352049961972,359.64514333544633,saved
streetview_1313.png,40.74482026308512,-73.96364988436503,311.9812311500537,saved
streetview_1314.png,40.84458119999999,-73.9449217,2.4946961916068062,saved
streetview_1315.png,40.67232697870175,-73.99888852674023,334.2082271898321,saved
streetview_1316.png,40.58350170000001,-73.9834833,96.67130614205148,saved
streetview_1317.png,40.70353475362235,-74.00724627152917,231.2040167079548,saved
streetview_1318.png,40.73330036221259,-73.92442078655424,217.44731670930344,saved
streetview_1319.png,40.82601329577885,-73.82854722500058,292.5773206621987,saved
streetview_1320.png,40.713419442291226,-73.9713901560669,291.90620013188254,saved
streetview_1321.png,40.74660141753571,-73.77278799569363,160.24583213114715,saved
streetview_1322.png,40.7060221318299,-74.00315435188055,49.81507452804533,saved
streetview_1323.png,40.85099886181047,-73.9496810349258,104.56438767413728,saved
streetview_1324.png,40.72627975432623,-73.7568730172725,137.0375808880387,saved
streetview_1325.png,40.7559056,-73.9953727,227.37228876995252,saved
streetview_1326.png,40.86585473965088,-73.8313740559225,157.7921854924025,saved
streetview_1327.png,40.72576045984457,-73.76045833846162,94.9241816794106,saved
streetview_1328.png,40.7238701487451,-73.83697005995654,155.28892261673388,saved
streetview_1329.png,40.77547573982661,-73.76681186144972,155.16725311102925,saved
streetview_1330.png,40.76962369327296,-73.83623386893505,221.99553755135645,saved
streetview_1331.png,40.69077431819505,-73.88885863336647,246.419881420498,saved
streetview_1332.png,40.85742600501156,-73.92281781200063,357.703160127454,saved
streetview_1333.png,40.87419806294444,-73.99519602067488,241.1916986381512,saved
streetview_1334.png,40.8744269,-73.9941637,45.74306789337385,saved
streetview_1335.png,40.72141163871508,-73.94218129208495,232.91048120785075,saved
streetview_1336.png,40.75973986482632,-73.8388421825609,185.8442559163818,saved
streetview_1337.png,40.811120732596414,-73.83549402350172,334.0717972640074,saved
streetview_1338.png,40.60379085653678,-73.89924492345189,16.250660388807205,saved
streetview_1339.png,40.70155405621668,-74.01507485206427,309.92013773207947,saved
streetview_1340.png,40.792342691721885,-73.8234267468684,334.1953273989559,saved
streetview_1341.png,40.69604137380093,-73.97081280551703,272.813807783154,saved
streetview_1342.png,40.7339702,-73.8647818,248.7959128143856,saved
streetview_1343.png,40.602599056879285,-74.0147576314057,289.9635571393901,saved
streetview_1344.png,40.82901488363787,-73.84175382074773,259.9540814542304,saved
streetview_1345.png,40.88533009999999,-73.8214162,250.4577970605367,saved
streetview_1346.png,40.7648104,-74.0240757,201.80496397734944,saved
streetview_1347.png,40.8306042,-73.8200689,147.27432057352507,saved
streetview_1348.png,40.85044154157484,-73.82733811404283,186.28915719933835,saved
streetview_1349.png,40.72699274100405,-73.83854343949217,157.83696204943055,saved
streetview_1350.png,40.83588769283286,-73.9308025145124,12.024172346677346,saved
streetview_1351.png,40.82566766306918,-73.86127128916668,80.8628762361385,saved
streetview_1352.png,40.84497319835096,-73.92104096595384,265.6666121583464,saved
streetview_1353.png,40.85126074690317,-73.87148321999702,177.22417766512103,saved
streetview_1354.png,40.84357869798759,-73.8933537103881,278.53003438813573,saved
streetview_1355.png,40.8708746,-73.8338893,162.17917979187337,saved
streetview_1356.png,40.71712904345957,-73.98344201699229,291.803835712607,saved
streetview_1357.png,40.78769565239723,-73.92864909540138,213.7512270141434,saved
streetview_1358.png,40.7200902,-73.7814369,73.46424428112505,saved
streetview_1359.png,40.88902484152205,-73.94415221472694,195.62144374446325,saved
streetview_1360.png,40.87261766146196,-73.87170812777516,10.446417666008529,saved
streetview_1361.png,40.83270117752351,-73.8382259122389,171.13221833534203,saved
streetview_1362.png,40.71989840043515,-73.78557506811246,257.0745590378179,saved
streetview_1363.png,40.66484072176996,-73.8193439319782,81.60247321870133,saved
streetview_1364.png,40.79926710000001,-73.91882340000001,204.67859882303463,saved
streetview_1365.png,40.722766085886725,-74.00692420316247,134.12260120093163,saved
streetview_1366.png,40.79820299999998,-73.919426,29.0782049568179,saved
streetview_1367.png,40.6667390793068,-73.8358020252728,286.22668637458776,saved
streetview_1368.png,40.85290052606189,-73.95852907456286,284.56193927023344,saved
streetview_1369.png,40.85531960000002,-73.9703435,117.51267103702128,saved
,40.69018673084316,-74.01101685418243,150.0017067291459,failed_404
streetview_1371.png,40.68911400037315,-73.89089200155445,211.58675411986425,saved
streetview_1372.png,40.870036998508034,-73.97792978343242,324.4476446517523,saved
streetview_1373.png,40.6235772214152,-74.02003324736086,30.00686836569895,saved
streetview_1374.png,40.65506538551679,-74.00682018917362,38.36134081714232,saved
streetview_1375.png,40.781667674371135,-73.78524364892395,171.3064058543681,saved
streetview_1376.png,40.80839586744854,-73.7937690096731,179.6951450932903,saved
streetview_1377.png,40.82327217242079,-73.93436853944115,356.6849185083824,saved
streetview_1378.png,40.582596868453145,-73.9781394935475,93.64532793059492,saved
streetview_1379.png,40.75748960025194,-73.90038564870756,333.84478785710064,saved
streetview_1380.png,40.60654625528717,-74.03225844726151,313.37362899586526,saved
,40.69168204352944,-74.01193870013074,159.09694139624844,failed_404
streetview_1382.png,40.84492264518092,-73.9196596690414,85.63086912579456,saved
streetview_1383.png,40.587714389573904,-73.9096244021236,39.31445389315559,saved
streetview_1384.png,40.79131126084928,-73.82333739708154,173.66314963406853,saved
streetview_1385.png,40.68854741028838,-73.80879439374634,156.62551898148467,saved
streetview_1386.png,40.84901548567696,-73.93828149519507,284.0980778153639,saved
streetview_1387.png,40.621927028638815,-74.04127148901235,356.57468590511,saved
streetview_1388.png,40.75728105405813,-73.85386154627524,159.69051207883842,saved
streetview_1389.png,40.887134487448165,-73.9447187537847,192.50954909330807,saved
streetview_1390.png,40.7413886,-73.9533573,80.60568737139727,saved
streetview_1391.png,40.87940640000001,-73.9196995,228.0189608570037,saved
streetview_1392.png,40.78590258102154,-73.80003008635776,93.02201773609818,saved
streetview_1393.png,40.58409039193765,-73.91966582700718,265.3196384404965,saved
streetview_1394.png,40.647523619438616,-73.8727606450939,221.58082115830268,saved
streetview_1395.png,40.746344676173166,-73.96582171925002,312.0169822693379,saved
streetview_1396.png,40.64235207356733,-74.0201290274126,38.6942064388121,saved
streetview_1397.png,40.75522831297653,-73.7457655858124,149.32675124974912,saved
streetview_1398.png,40.74670896649959,-73.8482296855431,334.99508490543974,saved
streetview_1399.png,40.78713461235506,-73.79276043095737,58.34556890589983,saved
streetview_1400.png,40.61954950080639,-74.02358860324462,212.5794190952076,saved
streetview_1401.png,40.841499800000015,-73.9456414,199.528961973382,saved
streetview_1402.png,40.760129657035655,-74.00246911799057,299.0608756648959,saved
streetview_1403.png,40.7703859128368,-73.86823317252528,308.9185601264684,saved
streetview_1404.png,40.7777850952193,-73.98998439105195,208.9315776245301,saved
streetview_1405.png,40.8857467927808,-73.80732683212723,89.46680330872834,saved
streetview_1406.png,40.71585648676727,-73.80968894031454,92.29401655615284,saved
streetview_1407.png,40.7563418,-73.9001856,72.50298766957565,saved
streetview_1408.png,40.72644429050821,-73.76444748477556,276.1497113516819,saved
streetview_1409.png,40.86765115612069,-73.97615625015548,153.082589203103,saved
streetview_1410.png,40.86975981598941,-74.00160888366477,41.47398356495904,saved
streetview_1411.png,40.87219013963504,-73.90647480749124,19.329821240987087,saved
streetview_1412.png,40.770558309900544,-73.86851510072532,308.9185601264684,saved
streetview_1413.png,40.65312954092154,-73.78675971902827,332.23958499319576,saved
streetview_1414.png,40.65517353006561,-74.00693213179387,218.2539786348576,saved
streetview_1415.png,40.66661806167933,-73.80861504747337,272.5492540386347,saved
streetview_1416.png,40.85459670565513,-73.94075004135706,205.1287259300904,saved
streetview_1417.png,40.77161815990829,-73.87507782495136,81.7973246499962,saved
streetview_1418.png,40.71194974167701,-73.96699596446103,112.24965451003708,saved
streetview_1419.png,40.58561610000002,-73.9131873,54.9183301609138,saved
streetview_1420.png,40.84773604126878,-74.01971379197866,293.23694399100805,saved
streetview_1421.png,40.84781182796343,-74.0203127564361,114.58896007188208,saved
streetview_1422.png,40.77059430755662,-73.76212652069398,136.68511039265115,saved
streetview_1423.png,40.66732333972076,-73.77925584332436,264.9823205340526,saved
streetview_1424.png,40.66760599999999,-73.9962831,168.05808760103127,saved
streetview_1425.png,40.80348931441954,-73.91527289187736,262.3598521787253,saved
streetview_1426.png,40.8329177682639,-73.87403568804679,174.42093157022214,saved
streetview_1427.png,40.81003020073927,-73.9302380313998,135.23703487121537,saved
streetview_1428.png,40.83485120045234,-73.87406706017737,180.16630013075917,saved
streetview_1429.png,40.83287407694231,-73.93535549762622,176.51333798545272,saved
streetview_1430.png,40.65971346043329,-73.85388111213177,223.09302093177055,saved
streetview_1431.png,40.737127745227774,-73.90635979918535,242.15979071526544,saved
streetview_1432.png,40.858352800000006,-73.830317,31.78192359008773,saved
streetview_1433.png,40.82093245507864,-73.8142945399897,135.31116940903905,saved
streetview_1434.png,40.82832944928404,-73.84064387272456,79.92599907072156,saved
streetview_1435.png,40.68481235274941,-73.71027224631952,119.57488826089076,saved
streetview_1436.png,40.7493003,-73.73976640000001,128.242914025299,saved
streetview_1437.png,40.66674712339634,-73.7849233751605,82.21335977326004,saved
streetview_1438.png,40.813013524357935,-73.93454614678367,184.41833500717652,saved
streetview_1439.png,40.76169410787841,-73.90189574203005,349.0475375612371,saved
streetview_1440.png,40.86704146474629,-74.0405967035501,268.7473824061195,saved
streetview_1441.png,40.8996375,-73.893672,125.3673094432645,saved
streetview_1442.png,40.696319616580624,-73.97987171754185,96.32198860568388,saved
streetview_1443.png,40.61266226695665,-74.02884902630575,21.17982945781193,saved
streetview_1444.png,40.61081840000001,-74.0312028,61.1097434471414,saved
streetview_1445.png,40.6661125745904,-73.79481561374278,89.25092626916955,saved
streetview_1446.png,40.74432701232454,-73.84694112178921,340.0379278879703,saved
streetview_1447.png,40.74314901513561,-73.77747413220213,259.2851726530288,saved
streetview_1448.png,40.75182726965958,-73.77526490792232,160.2516264436647,saved
streetview_1449.png,40.87854853711968,-73.92101872866812,48.88891720169778,saved
streetview_1450.png,40.78410227150731,-73.82470946165996,187.1184659386708,saved
streetview_1451.png,40.868379530695,-74.05432074134512,298.7588183546979,saved
streetview_1452.png,40.76524878790952,-73.83967823105455,199.71351443549432,saved
streetview_1453.png,40.77910188187012,-73.82630786211136,22.246175389489565,saved
streetview_1454.png,40.8947333,-73.8619887,216.5293184592801,saved
streetview_1455.png,40.85948760000001,-73.8271613,251.6898829786939,saved
streetview_1456.png,40.790562521980455,-73.82253440763317,346.7033431945704,saved
streetview_1457.png,40.85085824115979,-73.94896552622029,104.56485747264789,saved
streetview_1458.png,40.72585619627203,-73.89106827290126,246.7238860938207,saved
streetview_1459.png,40.67768710000001,-73.73099,208.1187646178828,saved
streetview_1460.png,40.878555038592026,-73.94954314904643,200.02298767048373,saved
streetview_1461.png,40.6296485,-74.0170879,17.47620554895616,saved
streetview_1462.png,40.84266296359192,-73.88993526697709,303.02108543452795,saved
streetview_1463.png,40.60327444278273,-74.05526867623624,246.83974350394112,saved
streetview_1464.png,40.8936192336965,-73.88578382448405,202.30486999546372,saved
streetview_1465.png,40.77349294729693,-73.99287179640686,26.759982452771453,saved
streetview_1466.png,40.64766229651551,-73.78619316384085,22.11380043710756,saved
streetview_1467.png,40.739764574433785,-73.79049235372126,70.03020971332393,saved
streetview_1468.png,40.5857511,-73.9315304,90.14441235902076,saved
streetview_1469.png,40.89719394540256,-73.88021579709905,207.5839945202823,saved
streetview_1470.png,40.82166991860487,-73.81802361895119,120.18892755536842,saved
streetview_1471.png,40.71087250878032,-73.96355804100682,111.39173353859807,saved
streetview_1472.png,40.876346177136966,-73.83474251200957,189.11993323084735,saved
streetview_1473.png,40.854068300000016,-73.9678185,109.863602087681,saved
streetview_1474.png,40.76549684479791,-73.90348768155496,162.3596652881256,saved
streetview_1475.png,40.7969242,-73.9760626,248.33606671478756,saved
streetview_1476.png,40.65926544266186,-74.00255392361201,38.31062768587663,saved
streetview_1477.png,40.83543089999999,-73.8386477,175.48966091906868,saved
streetview_1478.png,40.73584894581931,-73.91289584004814,80.11110681347384,saved
streetview_1479.png,40.85132397927666,-73.92584594476521,26.09443133011501,saved
streetview_1480.png,40.864046172416735,-73.93340569145869,15.620623189346247,saved
streetview_1481.png,40.75019840841376,-73.75350794330515,252.51689763485996,saved
streetview_1482.png,40.73888515861259,-73.84759042500447,57.72773807445435,saved
streetview_1483.png,40.72337220000001,-74.0077737,133.3538599739527,saved
streetview_1484.png,40.70398685586103,-74.01668038999874,164.52075562633013,saved
streetview_1485.png,40.76905894054001,-73.8365179998461,43.00154569732149,saved
streetview_1486.png,40.73100917715292,-73.97345518941923,330.09911522093506,saved
streetview_1487.png,40.67681001275385,-74.00179063529578,154.11140630009822,saved
streetview_1488.png,40.7644480619224,-73.90305794449925,163.58387860213884,saved
streetview_1489.png,40.86164116165081,-73.82846127392357,328.89036228396327,saved
streetview_1490.png,40.68574089206934,-73.80722028546566,159.17240008596752,saved
streetview_1491.png,40.7603193376798,-73.85648309339739,289.80656008988456,saved
streetview_1492.png,40.7890362,-73.8190422,115.16000956052096,saved
streetview_1493.png,40.62441071421358,-74.04134681639583,1.6898328147199777,saved
streetview_1494.png,40.64632839757886,-74.01612066894778,218.3418919245146,saved
streetview_1495.png,40.75740867290066,-73.99610056537645,307.6073452845896,saved
streetview_1496.png,40.8059994,-73.9325,118.22233189774728,saved
streetview_1497.png,40.69216277709468,-73.81085088188581,156.56712128451727,saved
streetview_1498.png,40.75433090000001,-73.7227651,32.61281220353902,saved
streetview_1499.png,40.82646481227371,-73.93100494484895,6.548982740452857,saved
streetview_1500.png,40.73248640000001,-73.9249503,28.776822091859746,saved
streetview_1501.png,40.78335849999998,-73.9434726,38.68651374375327,saved
streetview_1502.png,40.82557910594974,-73.86325863682197,263.1521819738033,saved
streetview_1503.png,40.84560346331048,-73.9295510918282,27.74201181943937,saved
streetview_1504.png,40.5864458,-73.9116317,55.02736515996344,saved
streetview_1505.png,40.68508816951354,-73.71091318230313,119.57446741138985,saved
streetview_1506.png,40.819857602251496,-73.81288019110065,110.54612161167944,saved
streetview_1507.png,40.77665708061175,-74.04528608426979,156.5997862901355,saved
streetview_1508.png,40.73919170109274,-73.76927618007944,160.20266489554967,saved
streetview_1509.png,40.80998100000001,-73.9023757,226.7049550435327,saved
streetview_1510.png,40.74260996474513,-73.82772359249623,98.31262757030436,saved
streetview_1511.png,40.87519619645589,-73.98495564504789,296.0003402049272,saved
streetview_1512.png,40.7447610789818,-73.77191488285798,160.1361171762793,saved
streetview_1513.png,40.5826949524495,-73.97656741503278,266.8458996787143,saved
streetview_1514.png,40.68008209370259,-73.72872081659027,27.08061098788278,saved
streetview_1515.png,40.64915316085607,-73.87054279260289,228.6619417582369,saved
streetview_1516.png,40.719471466440105,-73.72644395645924,208.76460533049723,saved
streetview_1517.png,40.71278373872682,-73.7289897006577,166.29876116346577,saved
streetview_1518.png,40.734888839201766,-73.74345879653126,41.5121207824871,saved
streetview_1519.png,40.74220141668304,-73.84064555734646,60.2928986981961,saved
streetview_1520.png,40.71447467542964,-73.97552017055186,111.88881985788412,saved
streetview_1521.png,40.60754523734496,-74.0419152811634,246.93897616045743,saved
streetview_1522.png,40.74513063915033,-73.8367213129947,33.608760955881564,saved
streetview_1523.png,40.80501470000001,-73.911341,237.9416133226228,saved
streetview_1524.png,40.80716184514404,-73.83295528740148,334.2882844959622,saved
streetview_1525.png,40.70339215017066,-73.8569498873706,68.89391560084619,saved
streetview_1526.png,40.78653560899374,-73.93911048003756,213.32816185910067,saved
streetview_1527.png,40.7648694,-74.0217392,14.391195075822507,saved
streetview_1528.png,40.85977806041185,-73.91535036539067,44.50266113769692,saved
streetview_1529.png,40.840674183572496,-73.88632433022383,306.3900357183321,saved
streetview_1530.png,40.825370597510194,-73.86413568461172,82.85915410557891,saved
streetview_1531.png,40.7364958,-73.9088962,260.1132421855813,saved
streetview_1532.png,40.77623507678689,-73.76725011519632,157.16281857887168,saved
streetview_1533.png,40.76822086304088,-73.75996290763761,337.8945973680624,saved
streetview_1534.png,40.6646331,-73.8278676,100.62311101209012,saved
streetview_1535.png,40.79127922553384,-73.9252263376063,34.31460427365249,saved
streetview_1536.png,40.619086954852655,-74.04096331856906,170.23808279555806,saved
streetview_1537.png,40.862119275821485,-73.82884220113831,330.0167097524696,saved
streetview_1538.png,40.586868234183626,-73.99121630001343,330.06770307255545,saved
streetview_1539.png,40.8671896197661,-74.04968614811229,97.4283720345116,saved
streetview_1540.png,40.6619274,-73.8031835,51.38464388670741,saved
streetview_1541.png,40.68285741196552,-73.72690727297557,25.090359198511862,saved
,40.851701175236414,-73.9532546929846,104.56694514175206,failed_404
streetview_1543.png,40.66278821701925,-73.8039239609514,213.42842262665465,saved
streetview_1544.png,40.7041503,-73.85402870000001,327.9748523321187,saved
streetview_1545.png,40.60352199301921,-73.89936393146611,18.575428265470293,saved
streetview_1546.png,40.665610064869234,-73.74271969509552,264.17901530092536,saved
streetview_1547.png,40.584233200000014,-73.9250006,280.8205698069073,saved
streetview_1548.png,40.73270100000001,-73.7463075,43.94729558022243,saved
streetview_1549.png,40.86439952043946,-74.01340197475913,102.29933041545983,saved
streetview_1550.png,40.7184284,-73.7944237,64.87617351302521,saved
streetview_1551.png,40.840540081706216,-73.93253477756986,203.85169173220143,saved
streetview_1552.png,40.855238855255394,-73.9231039794512,17.653441294626532,saved
streetview_1553.png,40.837942000000005,-73.8385693,0.6778787603670935,saved
streetview_1554.png,40.622162268985846,-74.02132175461496,213.1219099901368,saved
streetview_1555.png,40.76141820399212,-73.90183056894305,349.8560880876328,saved
streetview_1556.png,40.6083322,-73.8981802,178.10396920329003,saved
streetview_1557.png,40.68104245293176,-73.70440852186474,136.56326317478488,saved
streetview_1558.png,40.8066662301548,-73.83263999872635,334.28849151261306,saved
streetview_1559.png,40.640762099230855,-74.02781203694973,300.8334586837356,saved
streetview_1560.png,40.63802074102842,-74.03683957514309,18.47693990117972,saved
streetview_1561.png,40.72873359694209,-74.02959935072249,276.5144288547627,saved
streetview_1562.png,40.84499453268117,-73.92681806211962,203.73826880056225,saved
streetview_1563.png,40.663709508040135,-73.80241315271638,159.6142648587936,saved
streetview_1564.png,40.66085147111647,-73.98768420294653,151.3487743755809,saved
streetview_1565.png,40.87686131810792,-73.81848468406412,187.94316394268805,saved
streetview_1566.png,40.6650062123425,-73.81826556386306,72.5408912076,saved
streetview_1567.png,40.900376148583774,-73.90588492955249,48.81594711642657,saved
streetview_1568.png,40.81419782645703,-73.93110630942218,193.90237214688844,saved
streetview_1569.png,40.90023377759513,-73.81564706414044,180.79119140731817,saved
streetview_1570.png,40.78440303650776,-73.92992182875446,352.30287096184594,saved
streetview_1571.png,40.723916286595575,-73.83676220023568,336.82252607574407,saved
streetview_1572.png,40.709886264969455,-73.99076366680448,258.8150840267228,saved
streetview_1573.png,40.70699350000001,-73.8510974,220.98587941495973,saved
streetview_1574.png,40.64072651206147,-74.02789544398522,121.07687656413792,saved
streetview_1575.png,40.86713174441083,-74.03586608041701,268.6041975189822,saved
streetview_1576.png,40.87903020000001,-73.9491157,92.41139884692348,saved
,40.85205084410901,-73.95503368853953,104.5657770447811,failed_404
streetview_1578.png,40.8227316097089,-73.81981059086,302.8267197782743,saved
streetview_1579.png,40.88403550754415,-73.946257598533,206.8822256385014,saved
streetview_1580.png,40.867560186876446,-74.00442182961767,41.25880110587855,saved
streetview_1581.png,40.78920045514512,-73.78094537713052,105.48462039386982,saved
streetview_1582.png,40.70737943766766,-74.00093497806249,235.66201895445616,saved
streetview_1583.png,40.73825810000001,-73.903364,78.4560632689205,saved
streetview_1584.png,40.64934668079564,-73.87025284714245,228.662132136999,saved
streetview_1585.png,40.72591831710474,-73.76908839236589,254.99300523065168,saved
streetview_1586.png,40.86707386845165,-74.03895126678769,268.5202348031714,saved
streetview_1587.png,40.761142407230444,-73.90176460774792,349.73207128497256,saved
streetview_1588.png,40.88961286629534,-73.81526728719027,350.40605845490893,saved
streetview_1589.png,40.801393119887166,-73.97397531411227,205.83988737974985,saved
streetview_1590.png,40.76099022326104,-73.75495010837888,302.36927734131854,saved
streetview_1591.png,40.70802940000002,-73.845342,264.75580615060454,saved
streetview_1592.png,40.64466813274751,-73.79394078475902,84.90931395702512,saved
streetview_1593.png,40.80818701335076,-73.96895722011618,208.2602404190039,saved
streetview_1594.png,40.89639391775857,-73.88062613255829,32.26444629027856,saved
streetview_1595.png,40.86981864119916,-73.95394400076668,196.2166882765382,saved
streetview_1596.png,40.775323481782685,-73.92328921970852,330.1841123847197,saved
streetview_1597.png,40.7715328,-73.9942139,22.32901948445891,saved
streetview_1598.png,40.72415653259203,-73.8289565713753,139.61744807784396,saved
streetview_1599.png,40.66413868412441,-73.80939837021867,65.56071596191066,saved
streetview_1600.png,40.87383396479473,-73.98221086137163,310.6936750221263,saved
streetview_1601.png,40.81464842204144,-73.93083517320497,6.428475807742416,saved
streetview_1602.png,40.88604590766265,-73.81811550969019,70.47821578926164,saved
streetview_1603.png,40.835417858422815,-73.82522989997675,198.78017810836369,saved
streetview_1604.png,40.79256891335886,-74.05580984333086,313.1450772009311,saved
streetview_1605.png,40.73993060322996,-73.94272723641475,299.0956220845968,saved
streetview_1606.png,40.74844215807292,-73.96784062621612,211.79189609848697,saved
streetview_1607.png,40.86005607964269,-73.9365869874658,213.3594015145628,saved
streetview_1608.png,40.7395153,-73.9004241,47.14126113888727,saved
streetview_1609.png,40.82886456905911,-73.84053177474584,265.6704552357161,saved
streetview_1610.png,40.83932756333032,-73.92949302549785,23.767851527675877,saved
streetview_1611.png,40.87713183064562,-73.81841527062345,190.98008588573384,saved
streetview_1612.png,40.711083456585264,-73.96426846825516,111.39126706125836,saved
streetview_1613.png,40.88147465913389,-73.83063894015852,226.5463040698135,saved
streetview_1614.png,40.84435145584842,-74.00837549929904,281.15530203754656,saved
streetview_1615.png,40.76005319763251,-73.85590877993653,290.92956961578506,saved
streetview_1616.png,40.66656050768869,-73.81248504720521,85.82742207337157,saved
streetview_1617.png,40.70240222434583,-73.86653201522304,241.71719669874253,saved
streetview_1618.png,40.748320896156514,-73.83465138084993,3.644025308882533,saved
streetview_1619.png,40.7635365100054,-73.83999131221336,169.15204725541912,saved
streetview_1620.png,40.82324950000001,-73.8806645,80.0516724626367,saved
streetview_1621.png,40.84172117086514,-73.93147562979647,24.793487120398023,saved
streetview_1622.png,40.72942286473842,-73.75034156533191,226.5925997237269,saved
streetview_1623.png,40.797719664246,-73.92940672628544,173.59125809090324,saved
streetview_1624.png,40.7014961888064,-73.86782009985906,39.147911198456654,saved
streetview_1625.png,40.89032227632087,-73.94322697205047,24.265044592499574,saved
streetview_1626.png,40.73580057026777,-73.91326205868039,80.11086635454535,saved
streetview_1627.png,40.74671248918635,-73.97126452659384,28.969324891971667,saved
streetview_1628.png,40.73792383400586,-73.9374106977551,101.55453090160525,saved
streetview_1629.png,40.67733989268788,-74.00213228764453,153.7718775453725,saved
streetview_1630.png,40.86717144599688,-74.0468309325522,275.0486181780844,saved
streetview_1631.png,40.626118443411166,-74.01856705572376,17.709934441538508,saved
streetview_1632.png,40.85171486911216,-73.94305514881819,221.85358427251447,saved
streetview_1633.png,40.82426740866996,-73.95627585027644,31.254433460549365,saved
streetview_1634.png,40.71583906714499,-73.80680261484542,86.65256603893067,saved
streetview_1635.png,40.71651953966467,-73.8016445753757,255.9638486857936,saved
streetview_1636.png,40.77604115274893,-73.78438577628275,358.03030161136,saved
streetview_1637.png,40.84452400431896,-73.90256630993547,98.66263993687944,saved
streetview_1638.png,40.74763513807899,-73.76080736332304,62.7210723704755,saved
streetview_1639.png,40.71512793102318,-73.82565953595473,154.3819283839823,saved
streetview_1640.png,40.79796353329503,-73.82721259424942,153.84446077324094,saved
streetview_1641.png,40.62148449629339,-73.89725261166161,196.51061443884228,saved
streetview_1642.png,40.800343461135206,-73.97441616923693,23.105431372053715,saved
streetview_1643.png,40.874126405995966,-73.83421580609779,359.6760057327537,saved
,40.69030617961822,-74.01090180110324,332.7050969526663,failed_404
streetview_1645.png,40.70766848230849,-73.8495691729986,74.00338728022666,saved
streetview_1646.png,40.72676286661829,-74.05303058183377,14.923109849736818,saved
streetview_1647.png,40.72596115981892,-74.01145196551116,113.90286429889278,saved
streetview_1648.png,40.75388528408895,-73.72347846120087,221.8509880274654,saved
streetview_1649.png,40.584961549717946,-73.94469309477631,262.97719445277784,saved
streetview_1650.png,40.678220922840296,-74.00262474231802,329.71018600255206,saved
streetview_1651.png,40.88078988350445,-73.94829829321259,203.62582848558125,saved
streetview_1652.png,40.86434925554885,-73.97410843725915,348.7626256474375,saved
streetview_1653.png,40.67562668849889,-74.0011326215063,150.6109965141939,saved
streetview_1654.png,40.76785707208875,-73.78167062119498,337.89495070001226,saved
streetview_1655.png,40.74561885746074,-73.7680906562987,69.703607730008,saved
streetview_1656.png,40.78647296553412,-73.80667353312235,277.1741338817101,saved
streetview_1657.png,40.74294223565421,-73.77892046003025,258.02258836261166,saved
streetview_1658.png,40.60045650863078,-73.90213187191551,48.06408299239109,saved
streetview_1659.png,40.68028780000001,-73.8043903,339.84930982183886,saved
streetview_1660.png,40.65233369744404,-73.78627772159294,336.505798547008,saved
streetview_1661.png,40.832642805563694,-73.87400018961877,172.76595275968157,saved
streetview_1662.png,40.84511836630072,-73.91849728403716,265.68653208110504,saved
streetview_1663.png,40.838502,-73.8824287,306.39259359786263,saved
streetview_1664.png,40.62718135930856,-74.01813218275342,17.09449084009856,saved
streetview_1665.png,40.7570853,-73.738939,49.10013260873564,saved
streetview_1666.png,40.86709160000001,-74.0380436,268.52053279074937,saved
streetview_1667.png,40.62401885276134,-74.0414879306864,180.57990188689223,saved
streetview_1668.png,40.67208538211879,-73.80125219388546,177.8563376392574,saved
streetview_1669.png,40.730287898637854,-73.87612879538375,68.21747522009883,saved
streetview_1670.png,40.81004532895674,-73.79379560314389,177.85562472002994,saved
streetview_1671.png,40.715828394626094,-73.9791528251012,291.80672449058443,saved
streetview_1672.png,40.74780747239589,-73.96798969255661,301.3629536842843,saved
streetview_1673.png,40.661432800000014,-73.8514988,229.6884093951037,saved
streetview_1674.png,40.89897804122717,-73.87923446342153,11.69835814567432,saved
streetview_1675.png,40.770047600922126,-73.91603450528014,285.2813178084915,saved
streetview_1676.png,40.80686641482442,-73.90716424643337,240.9387827010278,saved
streetview_1677.png,40.700681200000005,-73.9857925,96.32198860568388,saved
streetview_1678.png,40.82903300000001,-73.8463635,290.61992843930034,saved
streetview_1679.png,40.86715589999999,-74.0402073,269.6579804503641,saved
streetview_1680.png,40.89134735713124,-73.86467520020253,20.32071857547271,saved
streetview_1681.png,40.74277935543666,-73.77913140873359,78.4560632689205,saved
streetview_1682.png,40.87988572955841,-73.81732597801017,14.67045571632815,saved
streetview_1683.png,40.7715784,-73.8764219,251.6204323646656,saved
streetview_1684.png,40.84326182291986,-73.8915745974958,291.4274017633544,saved
streetview_1685.png,40.76817638628701,-73.71412939116505,229.50549554300196,saved
streetview_1686.png,40.71122475845485,-73.97928348632536,238.07373952881272,saved
streetview_1687.png,40.70426211783771,-74.01663174094645,353.61768817159344,saved
streetview_1688.png,40.66583193151372,-73.8420277320598,62.07169520768696,saved
streetview_1689.png,40.83917037827566,-73.88362732835826,306.3918065748796,saved
streetview_1690.png,40.68102784477933,-73.89658721686416,2.85116599598922,saved
streetview_1691.png,40.71596716055458,-73.80954823955884,272.249832300771,saved
streetview_1692.png,40.680210300000006,-73.8967386,11.734884411284838,saved
streetview_1693.png,40.832862902707234,-73.93181459259424,192.0558100852967,saved
streetview_1694.png,40.762033597900405,-73.72961582578179,228.8691530495214,saved
streetview_1695.png,40.604671121543454,-74.0506353130761,66.92354455143851,saved
streetview_1696.png,40.72620365022407,-73.90424238711229,104.9728616275529,saved
streetview_1697.png,40.69608228681716,-73.9981222064731,199.8311911727302,saved
streetview_1698.png,40.66613428785587,-73.79296398417229,301.73984530497233,saved
streetview_1699.png,40.88823669573183,-73.8873354,0.389322829374862,saved
streetview_1700.png,40.68676369999999,-73.8077723,157.3660983289151,saved
streetview_1701.png,40.827122110210176,-73.85139149923907,259.8798088749211,saved
streetview_1702.png,40.66373830000002,-73.8220062,99.66404210126086,saved
streetview_1703.png,40.66635887108247,-73.78894697711688,84.34070115455108,saved
streetview_1704.png,40.85191097985457,-73.95432208807301,104.5662442858798,saved
streetview_1705.png,40.63892776898853,-74.02145874149592,344.0433296683805,saved
streetview_1706.png,40.85184104608005,-73.95396628896202,104.5664779008523,saved
streetview_1707.png,40.610396076742425,-74.03312675205812,245.65527212876984,saved
streetview_1708.png,40.76166057166054,-73.95545470612747,219.9935549870236,saved
streetview_1709.png,40.70391848247208,-73.85493085839772,248.118392708093,saved
streetview_1710.png,40.7353085868293,-73.7429714891967,40.07469464505118,saved
streetview_1711.png,40.74353535746328,-73.96176513960494,311.9824686760331,saved
streetview_1712.png,40.66561234864181,-73.74629174708123,93.46881108795584,saved
streetview_1713.png,40.7440565954125,-73.77209615213934,248.19436755405587,saved
streetview_1714.png,40.83983427220439,-73.92919757054334,23.77688709626477,saved
streetview_1715.png,40.84694891600066,-73.93251324969638,296.6683392484798,saved
streetview_1716.png,40.7931422008336,-74.05661777848708,313.14454671285705,saved
streetview_1717.png,40.615075112344456,-74.02692276567656,28.883538552337768,saved
streetview_1718.png,40.75237888150272,-73.74344290873479,147.30679377003537,saved
streetview_1719.png,40.78071559090754,-73.92758729314035,150.0112320307179,saved
streetview_1720.png,40.58544927411155,-73.9135023311482,54.98894636138425,saved
streetview_1721.png,40.88606296261564,-73.9450872202655,198.6592508323924,saved
streetview_1722.png,40.80560844808115,-73.9097445795911,60.352073054453456,saved
streetview_1723.png,40.75121811348131,-73.74242197030114,141.1608011726255,saved
streetview_1724.png,40.844210470438966,-73.82582843681331,178.79221866601517,saved
streetview_1725.png,40.624657899469184,-73.89437923501315,35.70576906970905,saved
streetview_1726.png,40.70952043395247,-73.99250899240056,78.81323383680376,saved
streetview_1727.png,40.67733122098572,-74.00246861432856,145.67618025835026,saved
streetview_1728.png,40.72659189366468,-73.92990505449676,41.43163157965944,saved
streetview_1729.png,40.69584583740419,-73.96456297710098,70.93182490253861,saved
streetview_1730.png,40.86072959244208,-73.87239953003869,185.47518026920648,saved
streetview_1731.png,40.7176826937702,-73.83138323799238,314.25671142763395,saved
streetview_1732.png,40.74370321259573,-73.77141319888378,160.27026738106758,saved
streetview_1733.png,40.730368334873575,-74.05131623205808,47.75404070328386,saved
streetview_1734.png,40.74139199040472,-73.94848555343336,104.36083543357311,saved
streetview_1735.png,40.740932788797735,-73.72692773409264,129.86283518924762,saved
streetview_1736.png,40.84727940000001,-73.9344067,78.48732535013505,saved
streetview_1737.png,40.86531401253689,-74.01721955461952,100.91273977858424,saved
streetview_1738.png,40.86636630804056,-74.0072039896059,243.0494789746412,saved
streetview_1739.png,40.7020463005567,-73.7271075317674,358.0484153077384,saved
streetview_1740.png,40.78658482835775,-73.79406996481782,62.81456870335938,saved
streetview_1741.png,40.875214317709535,-73.92595006478118,43.80134071497281,saved
streetview_1742.png,40.6568516292794,-73.98232056573785,128.48783933789684,saved
streetview_1743.png,40.861700400339565,-73.82754611808362,31.70835727758987,saved
streetview_1744.png,40.710113650671005,-73.98821843882403,81.35450003453667,saved
streetview_1745.png,40.603461609631125,-74.0183789078008,112.75888642447944,saved
streetview_1746.png,40.84470447580664,-73.99234725272665,217.27834009904012,saved
streetview_1747.png,40.787894979218336,-73.77729205479763,126.481823940599,saved
streetview_1748.png,40.86300017574373,-73.91153417306374,218.68665408679036,saved
streetview_1749.png,40.866809328031664,-74.02744754380919,100.20795516410736,saved
streetview_1750.png,40.75778480000002,-73.9009774,342.4604237388551,saved
streetview_1751.png,40.8654805818199,-74.01547700545834,274.59475009340287,saved
streetview_1752.png,40.75827455041304,-73.95891237693947,28.372959279795168,saved
streetview_1753.png,40.724289,-73.773941,66.50161221733805,saved
streetview_1754.png,40.60622151029746,-74.04548797291447,66.97138321681723,saved
streetview_1755.png,40.6663259,-73.8347949,112.09319060496466,saved
streetview_1756.png,40.84496030000001,-73.90615,274.49733016234006,saved
streetview_1757.png,40.66190538123889,-73.77967270525659,117.18040170658549,saved
streetview_1758.png,40.74748405104766,-73.76179667665055,250.15985541233232,saved
streetview_1759.png,40.84201084612361,-73.88872176757725,306.3884615664461,saved
streetview_1760.png,40.786315563563335,-73.80485723362764,276.04501110615206,saved
streetview_1761.png,40.69487989291528,-73.81237225541891,158.39613577241016,saved
streetview_1762.png,40.69230948617014,-73.81072482073506,337.401674372891,saved
streetview_1763.png,40.66034991080314,-73.98731517304748,149.46539790747988,saved
streetview_1764.png,40.786025371073166,-73.8001200381322,273.30642171314724,saved
streetview_1765.png,40.81537422879727,-73.83632948549892,3.802064721258432,saved
streetview_1766.png,40.83482032998372,-73.83858138021901,174.3708628403674,saved
streetview_1767.png,40.71384805066848,-73.95321732722012,37.849421233970645,saved
streetview_1768.png,40.86578121338744,-74.01978897097068,280.96994931204205,saved
streetview_1769.png,40.79388368147792,-73.8245819013659,154.05725489142378,saved
streetview_1770.png,40.7503125,-73.897256,159.830152374186,saved
streetview_1771.png,40.716077000000006,-73.8186401,110.43987964300868,saved
streetview_1772.png,40.78686724377601,-73.81128488218306,99.57660306222937,saved
streetview_1773.png,40.82037750989097,-73.81240158297632,302.35245550338857,saved
streetview_1774.png,40.74349361689988,-73.83562343627096,271.14412049803144,saved
streetview_1775.png,40.65774619386641,-73.79300805265194,172.22758716905514,saved
streetview_1776.png,40.76496452157729,-73.71851802388787,64.39347411400576,saved
streetview_1777.png,40.64589894565199,-73.80062391902199,129.17137104003672,saved
streetview_1778.png,40.698157679937765,-73.8697123351378,231.5930613865247,saved
streetview_1779.png,40.84632417760778,-73.93178011147269,116.40843493519458,saved
streetview_1780.png,40.75524952925832,-73.72232133558373,204.84981148288523,saved
streetview_1781.png,40.73079328031047,-73.91500154060755,290.3491360422362,saved
streetview_1782.png,40.62420313538841,-73.89479842946413,33.027855614397595,saved
streetview_1783.png,40.89987399431692,-73.93744818730529,19.854442147351563,saved
streetview_1784.png,40.78501939697161,-73.77392621718127,146.82748634222276,saved
streetview_1785.png,40.81788020000001,-73.96180100000001,218.238464460444,saved
streetview_1786.png,40.7338845503988,-73.92342384103877,50.64678413692548,saved
streetview_1787.png,40.74222589648424,-73.84604694045407,344.3293068725228,saved
streetview_1788.png,40.666762425199465,-73.78711539564019,231.8653524744469,saved
streetview_1789.png,40.81966962353204,-73.81081429840629,303.95646792120965,saved
streetview_1790.png,40.88607653872162,-73.8185674062687,250.81982334448784,saved
streetview_1791.png,40.59124132054558,-73.90827754723095,183.21892773708052,saved
streetview_1792.png,40.7351063,-73.8445489,346.24250289583665,saved
streetview_1793.png,40.85688202602434,-73.93915376292134,209.22708279716005,saved
streetview_1794.png,40.716178679356375,-73.98103985621348,111.70074285180158,saved
streetview_1795.png,40.67481850119885,-74.00046609725716,335.0274046790222,saved
streetview_1796.png,40.83702792066619,-73.94885284517635,27.873679284325878,saved
streetview_1797.png,40.72937757240921,-74.03389672603947,286.957254900208,saved
streetview_1798.png,40.66587518550339,-73.75631442045325,274.51800257687194,saved
streetview_1799.png,40.82926080338864,-73.93180484753967,156.52620075998902,saved
streetview_1800.png,40.58502779999999,-73.9546289,95.5809624125958,saved
streetview_1801.png,40.78951322151618,-73.7856401864586,262.3185046593396,saved
streetview_1802.png,40.725836400000006,-73.7694916,254.99300523065168,saved
streetview_1803.png,40.61985659376161,-73.89692997278108,10.84274159892766,saved
streetview_1804.png,40.76552934595694,-73.89466745870581,194.1435969581849,saved
streetview_1805.png,40.60742049999999,-74.033341,324.4832984462757,saved
streetview_1806.png,40.84387956969281,-73.89697048214175,98.53769816841692,saved
streetview_1807.png,40.89374197946067,-73.79885968285063,19.747052335829835,saved
streetview_1808.png,40.76390032067051,-73.72581810564222,246.18061178261524,saved
streetview_1809.png,40.65723872261819,-74.0045526567164,38.3628296790659,saved
streetview_1810.png,40.837679881534086,-73.8387620792467,179.36611727274362,saved
streetview_1811.png,40.69612938247474,-73.97582321249699,92.91993293369347,saved
streetview_1812.png,40.695892127598455,-73.96680961339892,272.8164363488686,saved
streetview_1813.png,40.88602619999999,-73.8092483,105.79528515126606,saved
streetview_1814.png,40.694202925061546,-73.72693903277116,178.1134635815987,saved
streetview_1815.png,40.762337054360046,-73.84363024850491,237.93838856584148,saved
streetview_1816.png,40.86515629438935,-74.00884806984514,65.11624758951461,saved
streetview_1817.png,40.87964061669863,-73.91936972745746,224.2869994798332,saved
streetview_1818.png,40.89329608058096,-73.86331419012994,37.38608685477504,saved
streetview_1819.png,40.707856769839154,-73.84809311022411,87.56426028681813,saved
streetview_1820.png,40.727984657613554,-74.02345699833067,282.0622008302156,saved
streetview_1821.png,40.710309491777096,-73.95583967378491,26.597049257435454,saved
streetview_1822.png,40.82938662835793,-73.8190348356602,147.27499954254807,saved
streetview_1823.png,40.802219052353664,-73.93010756972056,350.5569868803919,saved
streetview_1824.png,40.60047284235097,-74.009627951278,127.5093926715516,saved
streetview_1825.png,40.60109400165343,-74.01047740725127,302.6842952378099,saved
streetview_1826.png,40.62922683361648,-74.01746924573644,194.5373045902984,saved
streetview_1827.png,40.894603048942415,-73.90823741010325,182.49134247263945,saved
streetview_1828.png,40.73642699315849,-73.90850037319862,78.58984844599553,saved
streetview_1829.png,40.63118963457648,-74.01661278966543,16.02563176312333,saved
streetview_1830.png,40.71430850000001,-73.7291155,359.76003993515513,saved
streetview_1831.png,40.68657153030913,-73.71397215281485,290.9295314869896,saved
streetview_1832.png,40.724035,-73.93725370000001,70.84539108317335,saved
streetview_1833.png,40.72522850790335,-73.89328601039202,82.29693484791017,saved
streetview_1834.png,40.825024500000005,-73.8681133,259.8908161086693,saved
streetview_1835.png,40.907155162793416,-73.93399124317241,13.67239914284977,saved
streetview_1836.png,40.70223183275322,-74.00940655788541,232.17219581665069,saved
streetview_1837.png,40.74349339254722,-73.83638324796863,268.81165836998235,saved
streetview_1838.png,40.675819319672776,-74.00108564310396,334.6677232995339,saved
streetview_1839.png,40.74808281303112,-73.76007955033886,239.14138856097605,saved
streetview_1840.png,40.7667588,-73.8638722,143.46245428103123,saved
streetview_1841.png,40.75904636965005,-73.99989557239884,299.0625654699254,saved
streetview_1842.png,40.712351439775794,-73.96764382432626,291.8020170128742,saved
streetview_1843.png,40.62488340621353,-73.89416569082145,40.09651847436868,saved
streetview_1844.png,40.7388559,-73.9401785,299.09729560210144,saved
streetview_1845.png,40.85782397979541,-73.97445669794459,136.31818733415048,saved
streetview_1846.png,40.73047036912177,-73.92653822200357,206.8012564496124,saved
streetview_1847.png,40.59566625352915,-73.99912651873804,298.703792550412,saved
streetview_1848.png,40.90064786647402,-73.93745642122931,195.7497195393217,saved
streetview_1849.png,40.7630967678606,-73.90250580070749,162.61600919509226,saved
streetview_1850.png,40.86037985344976,-73.91455898281382,45.145721850801294,saved
streetview_1851.png,40.8519809125309,-73.95467788793219,104.56601066554316,saved
streetview_1852.png,40.71645295725002,-73.80199595790093,257.46717205796426,saved
streetview_1853.png,40.647659969289,-73.97501098846078,172.09417073568625,saved
streetview_1854.png,40.609803701021214,-74.03489066735834,246.9338450650427,saved
streetview_1855.png,40.74303488713425,-73.83071813724028,277.8303529229895,saved
streetview_1856.png,40.83978844062782,-73.82553867024106,358.7600609164168,saved
streetview_1857.png,40.63609286055364,-73.87983117196715,25.7693302042573,saved
streetview_1858.png,40.86567543301247,-73.95482701684108,195.50534999337717,saved
streetview_1859.png,40.86039094600188,-73.95887432983417,37.22448424126907,saved
streetview_1860.png,40.75553649348783,-73.89941294511371,342.6368194938899,saved
streetview_1861.png,40.75408565620553,-73.85234387832294,356.2922700120432,saved
streetview_1862.png,40.664229734834656,-73.790204399693,100.69853942428392,saved
streetview_1863.png,40.8033627982144,-73.97260981966319,208.46871505965345,saved
streetview_1864.png,40.85560315687212,-73.97068602931091,301.8145003167796,saved
streetview_1865.png,40.72676842567185,-73.90598163099934,118.48639145169284,saved
streetview_1866.png,40.76372774282641,-74.02221398238011,19.381968746924656,saved
streetview_1867.png,40.89909863886331,-73.93784034725378,21.446921073299507,saved
streetview_1868.png,40.69345079445968,-73.81159496050338,156.34555894322864,saved
streetview_1869.png,40.82342623501616,-73.88025716746269,259.77261144388365,saved
streetview_1870.png,40.82276120000001,-73.8839652,79.6864361536928,saved
streetview_1871.png,40.86757096891494,-73.87217696250961,356.4887696427235,saved
streetview_1872.png,40.67709531954701,-74.00190238343356,333.0139971919699,saved
streetview_1873.png,40.71545474542109,-73.72900919438521,11.321615683776372,saved
streetview_1874.png,40.800232622012,-73.82851604989482,334.0496103648266,saved
streetview_1875.png,40.76811536093263,-73.83747231799836,34.74823083120674,saved
streetview_1876.png,40.65083823365387,-73.80537713717172,150.94237441217422,saved
streetview_1877.png,40.77382226133749,-73.94386550210898,214.24239313840536,saved
streetview_1878.png,40.741422774403055,-73.84578035147699,346.8464430916711,saved
streetview_1879.png,40.8447589736846,-73.90364674228864,277.5474754828542,saved
streetview_1880.png,40.75390114587638,-73.96292638720502,33.74481449713716,saved
streetview_1881.png,40.87291343020066,-73.81857676154354,4.297602495584954,saved
streetview_1882.png,40.72982812051311,-73.92652694525839,27.953525757821865,saved
streetview_1883.png,40.72992612280043,-73.97223743009494,321.08707470842864,saved
streetview_1884.png,40.83007530603396,-73.93511963672644,174.82416454582312,saved
streetview_1885.png,40.78505903003823,-73.7866032586515,327.19702404485355,saved
streetview_1886.png,40.75278139199397,-73.99897305502276,28.594495181790023,saved
streetview_1887.png,40.66690140000001,-73.8365959,281.0466097883278,saved
streetview_1888.png,40.78658016707188,-73.80776127560401,277.9890202763911,saved
streetview_1889.png,40.61156622131823,-74.0305742216039,26.155081354424567,saved
streetview_1890.png,40.66610299215429,-73.81513412748352,246.6174153535716,saved
streetview_1891.png,40.702577421856496,-73.86568770248668,74.82376883051165,saved
streetview_1892.png,40.77412218101945,-73.92247497655643,140.12951224234837,saved
streetview_1893.png,40.8046021,-73.9188757,54.68171823930595,saved
streetview_1894.png,40.719262299999976,-73.7905398,269.7314207039633,saved
streetview_1895.png,40.71509544200935,-73.82514556857397,332.78311660332685,saved
streetview_1896.png,40.648368132385535,-73.8716895689087,225.682547330195,saved
streetview_1897.png,40.86665237576321,-74.02476809006106,280.8435418240713,saved
streetview_1898.png,40.717380812864405,-73.94857425760314,49.25019676430679,saved
streetview_1899.png,40.86765981888579,-74.00495044751906,224.9996809692276,saved
streetview_1900.png,40.69840581069723,-73.81444970127853,157.014688800238,saved
streetview_1901.png,40.70321372523992,-73.81681016274953,160.74217572862426,saved
streetview_1902.png,40.85662251762768,-73.83213798007213,222.0664871016906,saved
streetview_1903.png,40.6448401,-73.7876339,78.20966485586592,saved
streetview_1904.png,40.81791445846319,-73.8038597476507,279.8491325316104,saved
streetview_1905.png,40.88005002721074,-73.83237281775924,217.4251639018866,saved
streetview_1906.png,40.76154939332852,-73.77852488682076,158.73724446530375,saved
streetview_1907.png,40.60519334141167,-74.0297720706114,297.0344458474707,saved
streetview_1908.png,40.84350855704083,-73.89371893773159,98.66601042734976,saved
streetview_1909.png,40.73496340670863,-73.9203607883637,75.35246561557693,saved
streetview_1910.png,40.66975776852988,-73.73714999306803,26.906789979559107,saved
streetview_1911.png,40.8594153,-73.9598648,38.18313754049228,saved
streetview_1912.png,40.74378196307863,-73.73220096610684,307.3403268845988,saved
streetview_1913.png,40.72827219999999,-73.8852048,80.01233610730071,saved
streetview_1914.png,40.62511990924569,-74.04146085495222,181.56591223618963,saved
streetview_1915.png,40.825512225512846,-73.82747124938592,112.6758083316139,saved
streetview_1916.png,40.89181607252578,-73.94259261439872,208.27381920749988,saved
streetview_1917.png,40.89960100442842,-73.79623734209859,199.87894091141413,saved
streetview_1918.png,40.63003623126007,-74.01719832298944,194.4859910251193,saved
streetview_1919.png,40.67768772317931,-74.00221880000204,330.2870842489046,saved
streetview_1920.png,40.86505117908511,-74.01540905536962,100.89072852056825,saved
streetview_1921.png,40.66557887922571,-73.74556386867353,93.46928902662302,saved
streetview_1922.png,40.65280947205764,-73.86361897986072,53.62812496206362,saved
streetview_1923.png,40.85554064893024,-73.91824254679916,205.53755253281952,saved
streetview_1924.png,40.83511940000001,-73.8665819,291.5997911286814,saved
streetview_1925.png,40.851415323368016,-73.95105556788927,284.5625657001541,saved
streetview_1926.png,40.7617255,-73.8391424,159.04974010954538,saved
streetview_1927.png,40.8386506,-73.8256735,176.27227545861012,saved
streetview_1928.png,40.6598199,-73.80645,192.0855010290048,saved
streetview_1929.png,40.66618894444349,-73.83393273099882,291.8122265109304,saved
streetview_1930.png,40.74646176028588,-73.7361400605329,141.2308193182222,saved
streetview_1931.png,40.6881544,-73.721685,92.93087288464396,saved
streetview_1932.png,40.84626447088253,-73.93221412225935,119.13783808262076,saved
streetview_1933.png,40.82920645628002,-73.83789984486648,275.2226937375493,saved
streetview_1934.png,40.79973801120848,-73.82819807328991,334.0498191418883,saved
streetview_1935.png,40.85529629576002,-73.96886986192754,291.405804165123,saved
streetview_1936.png,40.652763958751954,-73.80646740777621,337.43665185519865,saved
streetview_1937.png,40.70225056463891,-74.01556341006544,353.31648659210833,saved
streetview_1938.png,40.60612782685545,-73.898895985481,187.34698997723072,saved
streetview_1939.png,40.64481614803671,-73.7916867622061,86.67144203885948,saved
streetview_1940.png,40.7417284568332,-73.89765664242401,42.93066433684527,saved
streetview_1941.png,40.82351896444255,-73.83617544398906,178.88236252014144,saved
streetview_1942.png,40.62498066355535,-74.01897193420052,20.541508447602663,saved
streetview_1943.png,40.65265275741573,-73.86416529966225,234.3466799824249,saved
streetview_1944.png,40.63874019773797,-73.87858224329536,200.7024888348771,saved
streetview_1945.png,40.58510750458745,-73.9541112724677,275.692587096851,saved
streetview_1946.png,40.67559643925467,-73.73306248802896,213.95867444508968,saved
streetview_1947.png,40.7157163731436,-73.8276966734111,44.26675139021154,saved
streetview_1948.png,40.67862822283024,-73.80360238187797,339.75092167028765,saved
streetview_1949.png,40.88606032923474,-73.8050319636883,66.8761626128927,saved
streetview_1950.png,40.7305617325855,-73.84140702555868,140.66367222687768,saved
streetview_1951.png,40.76441858698327,-73.72169096688323,83.44274669289143,saved
streetview_1952.png,40.72885957731052,-74.03105529866532,276.5134728574397,saved
streetview_1953.png,40.5834886,-73.9840341,103.61130916918694,saved
streetview_1954.png,40.7204855,-73.7256918,145.5664131347528,saved
streetview_1955.png,40.77586862784035,-73.82816416287496,24.420247440589836,saved
streetview_1956.png,40.80526612148684,-73.97097563287991,30.903044210053626,saved
streetview_1957.png,40.58751521811299,-73.9101621136162,223.63110259701136,saved
streetview_1958.png,40.71038546102958,-73.95746581612653,262.4303782867491,saved
streetview_1959.png,40.84997532072757,-73.94430464174815,104.30001709860409,saved
streetview_1960.png,40.58798765353036,-73.90968543495924,215.80387016589776,saved
streetview_1961.png,40.74148701511034,-73.95552303534748,100.0287659834699,saved
streetview_1962.png,40.84515692437707,-73.91775303695817,266.89478652775665,saved
streetview_1963.png,40.836620272128535,-73.87775675051279,101.55486095975914,saved
streetview_1964.png,40.86459201882924,-74.0090437418124,66.59396466019615,saved
streetview_1965.png,40.73505860777063,-73.97488402695186,169.02875066860315,saved
streetview_1966.png,40.86196233879473,-73.8293970973455,147.62890401130642,saved
streetview_1967.png,40.83571172393196,-73.83867073576884,176.9836560682778,saved
streetview_1968.png,40.88683752915982,-73.8872516668395,355.4387820966395,saved
streetview_1969.png,40.75320700043108,-73.74394399827965,327.315266388234,saved
streetview_1970.png,40.748741432067405,-73.84999519443336,149.57153585717265,saved
streetview_1971.png,40.89181740484696,-73.88676161934677,202.3043196885323,saved
streetview_1972.png,40.76801288892498,-73.83790738520646,211.56682525595525,saved
streetview_1973.png,40.64567205752783,-73.78525146248417,242.39005125364517,saved
streetview_1974.png,40.73244575440374,-73.83530385748425,158.55975155662554,saved
streetview_1975.png,40.86706276190152,-74.03494982814912,88.558318545095,saved
streetview_1976.png,40.71954360787935,-73.82607440465057,358.96726122688096,saved
streetview_1977.png,40.7509119,-73.8972034,353.9398266903301,saved
streetview_1978.png,40.82524018581808,-73.87265250761779,355.9067831052814,saved
streetview_1979.png,40.72652595348399,-73.75560421773923,65.30652657448383,saved
streetview_1980.png,40.84581292985371,-73.93079771369582,99.98125131735104,saved
streetview_1981.png,40.61559969082327,-74.02666690425512,34.72781812374535,saved
streetview_1982.png,40.82072412684831,-73.93437057745507,358.7673285654914,saved
streetview_1983.png,40.82571839722638,-73.83633145516521,353.65072624405485,saved
streetview_1984.png,40.707901333609705,-73.81912723178382,335.8852686889148,saved
streetview_1985.png,40.85883307026511,-73.82992229498943,32.20959668881454,saved
streetview_1986.png,40.71301749874189,-73.95444045139665,219.53764335539847,saved
streetview_1987.png,40.90145337112335,-73.93677300004498,16.178993571794308,saved
streetview_1988.png,40.75288360936143,-73.77573801334954,162.45189631960625,saved
streetview_1989.png,40.83315415524418,-73.93537457799543,177.04930992574225,saved
streetview_1990.png,40.835949218793786,-73.82458504987386,148.30544682413347,saved
streetview_1991.png,40.819135598494285,-73.8916120478247,220.13042141134,saved
streetview_1992.png,40.87095625931752,-73.92947764419378,25.42855988250784,saved
streetview_1993.png,40.58542927518332,-73.98953415915356,310.4953468066724,saved
streetview_1994.png,40.60517642987848,-73.89885770020112,6.8530495473606265,saved
streetview_1995.png,40.68804089599288,-73.99955940849195,200.10026701592025,saved
streetview_1996.png,40.6480159086019,-73.80278440187382,323.673008114008,saved
streetview_1997.png,40.78694022234083,-73.7887556921075,313.21254605277704,saved
streetview_1998.png,40.65038550000001,-73.7857655,179.56613691122152,saved
streetview_1999.png,40.80404385569669,-73.93078258914512,334.29154617877003,saved
