candidate_number,latitude,longitude,score,reason,way_id,road_name,ref,lanes,maxspeed,bridge,tunnel,layer,cutting,embankment,shoulder,shoulder_both,shoulder_left,shoulder_right,shoulder_width,google_street_view,google_maps,openstreetmap
1,42.3266878,-122.8686666,23,"explicit_no_shoulder, bridge, elevated, moderate_speed_motorway",34128571,Medford Viaduct,I 5,2,55 mph,yes,,2,,,no,,,,,"https://www.google.com/maps/@?api=1&map_action=pano&viewpoint=42.3266878,-122.8686666","https://www.google.com/maps/search/?api=1&query=42.3266878,-122.8686666",https://www.openstreetmap.org/?mlat=42.3266878&mlon=-122.8686666#map=19/42.3266878/-122.8686666
2,47.5783898,-122.3393516,20,"bridge, viaduct, elevated, low_speed_motorway",31868075,State Route 99,SR 99,3,40 mph,viaduct,,3,,,,,,,,"https://www.google.com/maps/@?api=1&map_action=pano&viewpoint=47.5783898,-122.3393516","https://www.google.com/maps/search/?api=1&query=47.5783898,-122.3393516",https://www.openstreetmap.org/?mlat=47.5783898&mlon=-122.3393516#map=19/47.5783898/-122.3393516
3,45.5305781,-122.6356293,18,"bridge, cutting, elevated, moderate_speed_motorway, many_lanes",1545308025,Banfield Freeway,I 84;US 30,4,55 mph,yes,,1,yes,,,,,,,"https://www.google.com/maps/@?api=1&map_action=pano&viewpoint=45.5305781,-122.6356293","https://www.google.com/maps/search/?api=1&query=45.5305781,-122.6356293",https://www.openstreetmap.org/?mlat=45.5305781&mlon=-122.6356293#map=19/45.5305781/-122.6356293
4,42.4159633,-123.1255489,18,"explicit_no_shoulder, bridge, elevated",34156766,,I 5,2,65 mph,yes,,1,,,no,,,,,"https://www.google.com/maps/@?api=1&map_action=pano&viewpoint=42.4159633,-123.1255489","https://www.google.com/maps/search/?api=1&query=42.4159633,-123.1255489",https://www.openstreetmap.org/?mlat=42.4159633&mlon=-123.1255489#map=19/42.4159633/-123.1255489
5,47.072,-122.7031799,18,"explicit_no_shoulder, bridge, elevated",23690922,,I 5,3,60 mph,yes,,1,,,no,,,,,"https://www.google.com/maps/@?api=1&map_action=pano&viewpoint=47.072,-122.7031799","https://www.google.com/maps/search/?api=1&query=47.072,-122.7031799",https://www.openstreetmap.org/?mlat=47.072&mlon=-122.7031799#map=19/47.072/-122.7031799
6,47.6431116,-122.3110001,18,"bridge, viaduct, elevated, low_speed_motorway",125534892,,SR 520,2,40 mph,viaduct,,2,,,,,,,,"https://www.google.com/maps/@?api=1&map_action=pano&viewpoint=47.6431116,-122.3110001","https://www.google.com/maps/search/?api=1&query=47.6431116,-122.3110001",https://www.openstreetmap.org/?mlat=47.6431116&mlon=-122.3110001#map=19/47.6431116/-122.3110001
7,47.5407538,-122.3351216,17,"bridge, elevated, low_speed_motorway, many_lanes",245579463,1st Avenue South Bridge,SR 99,4,45 mph,yes,,2,,,,,,,,"https://www.google.com/maps/@?api=1&map_action=pano&viewpoint=47.5407538,-122.3351216","https://www.google.com/maps/search/?api=1&query=47.5407538,-122.3351216",https://www.openstreetmap.org/?mlat=47.5407538&mlon=-122.3351216#map=19/47.5407538/-122.3351216
8,47.5709588,-122.3566083,17,"bridge, elevated, low_speed_motorway, many_lanes",513402621,West Seattle Bridge,,4,45 mph,yes,,2,,,,,,,,"https://www.google.com/maps/@?api=1&map_action=pano&viewpoint=47.5709588,-122.3566083","https://www.google.com/maps/search/?api=1&query=47.5709588,-122.3566083",https://www.openstreetmap.org/?mlat=47.5709588&mlon=-122.3566083#map=19/47.5709588/-122.3566083
9,45.5105564,-122.666666,17,"bridge, elevated, moderate_speed_motorway, many_lanes",98833361,Marquam Bridge,I 5,4,50 mph,yes,,3,,,,,,,,"https://www.google.com/maps/@?api=1&map_action=pano&viewpoint=45.5105564,-122.666666","https://www.google.com/maps/search/?api=1&query=45.5105564,-122.666666",https://www.openstreetmap.org/?mlat=45.5105564&mlon=-122.666666#map=19/45.5105564/-122.666666
10,45.5360147,-122.6928934,17,"bridge, elevated, low_speed_motorway, many_lanes",39449799,,US 30,4,45 mph,yes,,2,,,,,,,,"https://www.google.com/maps/@?api=1&map_action=pano&viewpoint=45.5360147,-122.6928934","https://www.google.com/maps/search/?api=1&query=45.5360147,-122.6928934",https://www.openstreetmap.org/?mlat=45.5360147&mlon=-122.6928934#map=19/45.5360147/-122.6928934
11,47.4506943,-122.2988743,17,"bridge, elevated, low_speed_motorway, many_lanes",23609851,Airport Expressway,,5,40 mph,yes,,1,,,,,,,,"https://www.google.com/maps/@?api=1&map_action=pano&viewpoint=47.4506943,-122.2988743","https://www.google.com/maps/search/?api=1&query=47.4506943,-122.2988743",https://www.openstreetmap.org/?mlat=47.4506943&mlon=-122.2988743#map=19/47.4506943/-122.2988743
12,44.0565993,-123.1009935,16,"bridge, viaduct, elevated, low_speed_motorway",122589149,Officer Chris Kilcullen Memorial Highway,I 105;OR 126,2,45 mph,viaduct,,1,,,,,,,,"https://www.google.com/maps/@?api=1&map_action=pano&viewpoint=44.0565993,-123.1009935","https://www.google.com/maps/search/?api=1&query=44.0565993,-123.1009935",https://www.openstreetmap.org/?mlat=44.0565993&mlon=-123.1009935#map=19/44.0565993/-123.1009935
13,45.602257,-122.5514953,15,"bridge, elevated, moderate_speed_motorway, many_lanes",842536129,Glenn L. Jackson Memorial Bridge,I 205,5,55 mph,yes,,1,,,,,,,,"https://www.google.com/maps/@?api=1&map_action=pano&viewpoint=45.602257,-122.5514953","https://www.google.com/maps/search/?api=1&query=45.602257,-122.5514953",https://www.openstreetmap.org/?mlat=45.602257&mlon=-122.5514953#map=19/45.602257/-122.5514953
14,45.3871499,-122.7509729,15,"bridge, elevated, moderate_speed_motorway, many_lanes",31336539,,I 5,5,55 mph,yes,,1,,,,,,,,"https://www.google.com/maps/@?api=1&map_action=pano&viewpoint=45.3871499,-122.7509729","https://www.google.com/maps/search/?api=1&query=45.3871499,-122.7509729",https://www.openstreetmap.org/?mlat=45.3871499&mlon=-122.7509729#map=19/45.3871499/-122.7509729
15,47.5944517,-122.3180419,15,"bridge, elevated, low_speed_motorway",883828703,,I 90,1,40 mph,yes,,2,,,,,,,,"https://www.google.com/maps/@?api=1&map_action=pano&viewpoint=47.5944517,-122.3180419","https://www.google.com/maps/search/?api=1&query=47.5944517,-122.3180419",https://www.openstreetmap.org/?mlat=47.5944517&mlon=-122.3180419#map=19/47.5944517/-122.3180419
16,47.7801348,-117.4016251,15,"bridge, viaduct, elevated",134271776,North Spokane Corridor,US 395 Future,2,60 mph,viaduct,,5,,,,,,,,"https://www.google.com/maps/@?api=1&map_action=pano&viewpoint=47.7801348,-117.4016251","https://www.google.com/maps/search/?api=1&query=47.7801348,-117.4016251",https://www.openstreetmap.org/?mlat=47.7801348&mlon=-117.4016251#map=19/47.7801348/-117.4016251
17,47.2304218,-122.4606681,15,"bridge, elevated, moderate_speed_motorway",157547130,,SR 16,2,50 mph,yes,,4,,,,,,,,"https://www.google.com/maps/@?api=1&map_action=pano&viewpoint=47.2304218,-122.4606681","https://www.google.com/maps/search/?api=1&query=47.2304218,-122.4606681",https://www.openstreetmap.org/?mlat=47.2304218&mlon=-122.4606681#map=19/47.2304218/-122.4606681
18,43.6191093,-116.2154692,15,"bridge, elevated, low_speed_motorway",34903540,Boise Connector,US 20;US 26,3,45 mph,yes,,2,,,,,,,,"https://www.google.com/maps/@?api=1&map_action=pano&viewpoint=43.6191093,-116.2154692","https://www.google.com/maps/search/?api=1&query=43.6191093,-116.2154692",https://www.openstreetmap.org/?mlat=43.6191093&mlon=-116.2154692#map=19/43.6191093/-116.2154692
19,48.9996889,-122.7540095,15,"bridge, elevated, low_speed_motorway",1149610430,,I 5,2,25 mph,yes,,2,,,,,,,,"https://www.google.com/maps/@?api=1&map_action=pano&viewpoint=48.9996889,-122.7540095","https://www.google.com/maps/search/?api=1&query=48.9996889,-122.7540095",https://www.openstreetmap.org/?mlat=48.9996889&mlon=-122.7540095#map=19/48.9996889/-122.7540095
20,47.6080697,-122.3393586,14,"tunnel, low_speed_motorway",635762265,State Route 99 Tunnel,SR 99,2,45 mph,,yes,-7,,,,,,,,"https://www.google.com/maps/@?api=1&map_action=pano&viewpoint=47.6080697,-122.3393586","https://www.google.com/maps/search/?api=1&query=47.6080697,-122.3393586",https://www.openstreetmap.org/?mlat=47.6080697&mlon=-122.3393586#map=19/47.6080697/-122.3393586
21,47.6573395,-122.3222632,14,"bridge, elevated, many_lanes",4869148,,I 5,4,60 mph,yes,,3,,,,,,,,"https://www.google.com/maps/@?api=1&map_action=pano&viewpoint=47.6573395,-122.3222632","https://www.google.com/maps/search/?api=1&query=47.6573395,-122.3222632",https://www.openstreetmap.org/?mlat=47.6573395&mlon=-122.3222632#map=19/47.6573395/-122.3222632
22,47.6218672,-122.3446215,14,"tunnel, low_speed_motorway",548597250,State Route 99 Tunnel,SR 99,2,45 mph,,yes,-4,,,,,,,,"https://www.google.com/maps/@?api=1&map_action=pano&viewpoint=47.6218672,-122.3446215","https://www.google.com/maps/search/?api=1&query=47.6218672,-122.3446215",https://www.openstreetmap.org/?mlat=47.6218672&mlon=-122.3446215#map=19/47.6218672/-122.3446215
23,47.2332005,-122.4313215,14,"bridge, elevated, many_lanes",451982959,,I 5,4,60 mph,yes,,3,,,,,,,,"https://www.google.com/maps/@?api=1&map_action=pano&viewpoint=47.2332005,-122.4313215","https://www.google.com/maps/search/?api=1&query=47.2332005,-122.4313215",https://www.openstreetmap.org/?mlat=47.2332005&mlon=-122.4313215#map=19/47.2332005/-122.4313215
24,47.5769929,-122.3194348,14,"bridge, elevated, many_lanes",306258903,,I 5,5,60 mph,yes,,2,,,,,,,,"https://www.google.com/maps/@?api=1&map_action=pano&viewpoint=47.5769929,-122.3194348","https://www.google.com/maps/search/?api=1&query=47.5769929,-122.3194348",https://www.openstreetmap.org/?mlat=47.5769929&mlon=-122.3194348#map=19/47.5769929/-122.3194348
25,47.256358,-122.437489,14,"tunnel, low_speed_motorway",354387608,,I 705,2,40 mph,,covered,,,,,,,,,"https://www.google.com/maps/@?api=1&map_action=pano&viewpoint=47.256358,-122.437489","https://www.google.com/maps/search/?api=1&query=47.256358,-122.437489",https://www.openstreetmap.org/?mlat=47.256358&mlon=-122.437489#map=19/47.256358/-122.437489
26,47.6830906,-122.3166791,14,"tunnel, low_speed_motorway",4722415,,SR 522,2,30 mph,,yes,-1,,,,,,,,"https://www.google.com/maps/@?api=1&map_action=pano&viewpoint=47.6830906,-122.3166791","https://www.google.com/maps/search/?api=1&query=47.6830906,-122.3166791",https://www.openstreetmap.org/?mlat=47.6830906&mlon=-122.3166791#map=19/47.6830906/-122.3166791
27,45.4801423,-122.6789245,14,"bridge, viaduct, elevated, moderate_speed_motorway",30474377,,I 5,3,55 mph,viaduct,,1,,,,,,,,"https://www.google.com/maps/@?api=1&map_action=pano&viewpoint=45.4801423,-122.6789245","https://www.google.com/maps/search/?api=1&query=45.4801423,-122.6789245",https://www.openstreetmap.org/?mlat=45.4801423&mlon=-122.6789245#map=19/45.4801423/-122.6789245
28,47.5986212,-122.1799275,14,"bridge, elevated, many_lanes",310012620,,I 405,5,60 mph,yes,,2,,,,,,,,"https://www.google.com/maps/@?api=1&map_action=pano&viewpoint=47.5986212,-122.1799275","https://www.google.com/maps/search/?api=1&query=47.5986212,-122.1799275",https://www.openstreetmap.org/?mlat=47.5986212&mlon=-122.1799275#map=19/47.5986212/-122.1799275
29,45.3807548,-122.5804,13,"bridge, elevated, moderate_speed_motorway, many_lanes",842282355,,I 205;OR 213,4,55 mph,yes,,1,,,,,,,,"https://www.google.com/maps/@?api=1&map_action=pano&viewpoint=45.3807548,-122.5804","https://www.google.com/maps/search/?api=1&query=45.3807548,-122.5804",https://www.openstreetmap.org/?mlat=45.3807548&mlon=-122.5804#map=19/45.3807548/-122.5804
30,45.4221915,-122.5714319,13,"bridge, elevated, moderate_speed_motorway, many_lanes",30256834,,I 205,4,55 mph,yes,,1,,,,,,,,"https://www.google.com/maps/@?api=1&map_action=pano&viewpoint=45.4221915,-122.5714319","https://www.google.com/maps/search/?api=1&query=45.4221915,-122.5714319",https://www.openstreetmap.org/?mlat=45.4221915&mlon=-122.5714319#map=19/45.4221915/-122.5714319
31,45.5845978,-122.6792514,13,"bridge, elevated, moderate_speed_motorway",1008854699,,I 5,3,55 mph,yes,,2,,,,,,,,"https://www.google.com/maps/@?api=1&map_action=pano&viewpoint=45.5845978,-122.6792514","https://www.google.com/maps/search/?api=1&query=45.5845978,-122.6792514",https://www.openstreetmap.org/?mlat=45.5845978&mlon=-122.6792514#map=19/45.5845978/-122.6792514
32,45.5333471,-122.5647779,13,"bridge, elevated, moderate_speed_motorway, many_lanes",30221961,,I 205,4,55 mph,yes,,1,,,,,,,,"https://www.google.com/maps/@?api=1&map_action=pano&viewpoint=45.5333471,-122.5647779","https://www.google.com/maps/search/?api=1&query=45.5333471,-122.5647779",https://www.openstreetmap.org/?mlat=45.5333471&mlon=-122.5647779#map=19/45.5333471/-122.5647779
33,45.6067658,-122.6817031,13,"bridge, elevated, moderate_speed_motorway, many_lanes",23531292,,I 5,4,50 mph,yes,,1,,,,,,,,"https://www.google.com/maps/@?api=1&map_action=pano&viewpoint=45.6067658,-122.6817031","https://www.google.com/maps/search/?api=1&query=45.6067658,-122.6817031",https://www.openstreetmap.org/?mlat=45.6067658&mlon=-122.6817031#map=19/45.6067658/-122.6817031
34,47.9774349,-122.1398544,13,"bridge, elevated, moderate_speed_motorway",257006603,Stevens Pass Highway,US 2,2,55 mph,yes,,2,,,,,,,,"https://www.google.com/maps/@?api=1&map_action=pano&viewpoint=47.9774349,-122.1398544","https://www.google.com/maps/search/?api=1&query=47.9774349,-122.1398544",https://www.openstreetmap.org/?mlat=47.9774349&mlon=-122.1398544#map=19/47.9774349/-122.1398544
35,47.6583765,-117.3954768,13,"bridge, elevated, low_speed_motorway",237474296,,SR 290,2,40 mph,yes,,1,,,,,,,,"https://www.google.com/maps/@?api=1&map_action=pano&viewpoint=47.6583765,-117.3954768","https://www.google.com/maps/search/?api=1&query=47.6583765,-117.3954768",https://www.openstreetmap.org/?mlat=47.6583765&mlon=-117.3954768#map=19/47.6583765/-117.3954768
36,45.541079,-122.6720733,13,"bridge, elevated, moderate_speed_motorway, many_lanes",51758604,,I 5;US 30,4,50 mph,yes,,1,,,,,,,,"https://www.google.com/maps/@?api=1&map_action=pano&viewpoint=45.541079,-122.6720733","https://www.google.com/maps/search/?api=1&query=45.541079,-122.6720733",https://www.openstreetmap.org/?mlat=45.541079&mlon=-122.6720733#map=19/45.541079/-122.6720733
37,46.215398,-119.1438069,13,"bridge, elevated, low_speed_motorway",27172505,Lewis and Clark Trail,US 395,2,45 mph,yes,,1,,,,,,,,"https://www.google.com/maps/@?api=1&map_action=pano&viewpoint=46.215398,-119.1438069","https://www.google.com/maps/search/?api=1&query=46.215398,-119.1438069",https://www.openstreetmap.org/?mlat=46.215398&mlon=-119.1438069#map=19/46.215398/-119.1438069
38,45.504707,-122.565143,13,"bridge, elevated, moderate_speed_motorway, many_lanes",30316205,,I 205,4,55 mph,yes,,1,,,,,,,,"https://www.google.com/maps/@?api=1&map_action=pano&viewpoint=45.504707,-122.565143","https://www.google.com/maps/search/?api=1&query=45.504707,-122.565143",https://www.openstreetmap.org/?mlat=45.504707&mlon=-122.565143#map=19/45.504707/-122.565143
39,45.578941,-122.5441378,13,"bridge, elevated, moderate_speed_motorway, many_lanes",334633268,Glenn L. Jackson Memorial Bridge,I 205,4,55 mph,yes,,1,,,,,,,,"https://www.google.com/maps/@?api=1&map_action=pano&viewpoint=45.578941,-122.5441378","https://www.google.com/maps/search/?api=1&query=45.578941,-122.5441378",https://www.openstreetmap.org/?mlat=45.578941&mlon=-122.5441378#map=19/45.578941/-122.5441378
40,47.9786179,-122.1815593,13,"bridge, elevated, moderate_speed_motorway",28817411,,US 2,3,55 mph,yes,,2,,,,,,,,"https://www.google.com/maps/@?api=1&map_action=pano&viewpoint=47.9786179,-122.1815593","https://www.google.com/maps/search/?api=1&query=47.9786179,-122.1815593",https://www.openstreetmap.org/?mlat=47.9786179&mlon=-122.1815593#map=19/47.9786179/-122.1815593
41,45.5669928,-122.5547547,13,"bridge, elevated, moderate_speed_motorway, many_lanes",48432151,,I 205,4,55 mph,yes,,1,,,,,,,,"https://www.google.com/maps/@?api=1&map_action=pano&viewpoint=45.5669928,-122.5547547","https://www.google.com/maps/search/?api=1&query=45.5669928,-122.5547547",https://www.openstreetmap.org/?mlat=45.5669928&mlon=-122.5547547#map=19/45.5669928/-122.5547547
42,43.5897754,-116.2736519,13,"tunnel, many_lanes",339675820,Vietnam Veterans Memorial Highway,I 84;US 30,6,65 mph,,yes,-1,,,,,,,,"https://www.google.com/maps/@?api=1&map_action=pano&viewpoint=43.5897754,-116.2736519","https://www.google.com/maps/search/?api=1&query=43.5897754,-116.2736519",https://www.openstreetmap.org/?mlat=43.5897754&mlon=-116.2736519#map=19/43.5897754/-116.2736519
43,45.4034875,-122.7444509,13,"bridge, elevated, moderate_speed_motorway, many_lanes",31336526,,I 5,4,55 mph,yes,,1,,,,,,,,"https://www.google.com/maps/@?api=1&map_action=pano&viewpoint=45.4034875,-122.7444509","https://www.google.com/maps/search/?api=1&query=45.4034875,-122.7444509",https://www.openstreetmap.org/?mlat=45.4034875&mlon=-122.7444509#map=19/45.4034875/-122.7444509
44,45.4829443,-122.5658123,13,"bridge, elevated, moderate_speed_motorway, many_lanes",40602088,,I 205,4,55 mph,yes,,1,,,,,,,,"https://www.google.com/maps/@?api=1&map_action=pano&viewpoint=45.4829443,-122.5658123","https://www.google.com/maps/search/?api=1&query=45.4829443,-122.5658123",https://www.openstreetmap.org/?mlat=45.4829443&mlon=-122.5658123#map=19/45.4829443/-122.5658123
45,47.1633137,-122.4801483,13,"bridge, elevated, low_speed_motorway",23647643,,SR 512,3,45 mph,yes,,1,,,,,,,,"https://www.google.com/maps/@?api=1&map_action=pano&viewpoint=47.1633137,-122.4801483","https://www.google.com/maps/search/?api=1&query=47.1633137,-122.4801483",https://www.openstreetmap.org/?mlat=47.1633137&mlon=-122.4801483#map=19/47.1633137/-122.4801483
46,45.656685,-122.5712802,13,"bridge, elevated, moderate_speed_motorway, many_lanes",44718242,,SR 500,4,55 mph,yes,,1,,,,,,,,"https://www.google.com/maps/@?api=1&map_action=pano&viewpoint=45.656685,-122.5712802","https://www.google.com/maps/search/?api=1&query=45.656685,-122.5712802",https://www.openstreetmap.org/?mlat=45.656685&mlon=-122.5712802#map=19/45.656685/-122.5712802
47,47.6693469,-122.1075205,13,"bridge, elevated, low_speed_motorway",47338559,,SR 520,3,40 mph,yes,,1,,,,,,,,"https://www.google.com/maps/@?api=1&map_action=pano&viewpoint=47.6693469,-122.1075205","https://www.google.com/maps/search/?api=1&query=47.6693469,-122.1075205",https://www.openstreetmap.org/?mlat=47.6693469&mlon=-122.1075205#map=19/47.6693469/-122.1075205
48,45.5142261,-122.7942089,13,"bridge, elevated, moderate_speed_motorway, many_lanes",31650414,Northwest Sunset Highway,US 26,4,55 mph,yes,,1,,,,,,,,"https://www.google.com/maps/@?api=1&map_action=pano&viewpoint=45.5142261,-122.7942089","https://www.google.com/maps/search/?api=1&query=45.5142261,-122.7942089",https://www.openstreetmap.org/?mlat=45.5142261&mlon=-122.7942089#map=19/45.5142261/-122.7942089
49,47.6320231,-122.1882047,12,"bridge, elevated, many_lanes",310013200,,I 405,5,60 mph,yes,,1,,,,,,,,"https://www.google.com/maps/@?api=1&map_action=pano&viewpoint=47.6320231,-122.1882047","https://www.google.com/maps/search/?api=1&query=47.6320231,-122.1882047",https://www.openstreetmap.org/?mlat=47.6320231&mlon=-122.1882047#map=19/47.6320231/-122.1882047
50,47.3919588,-122.2907487,12,"bridge, elevated, many_lanes",305276658,,I 5,6,60 mph,yes,,1,,,,,,,,"https://www.google.com/maps/@?api=1&map_action=pano&viewpoint=47.3919588,-122.2907487","https://www.google.com/maps/search/?api=1&query=47.3919588,-122.2907487",https://www.openstreetmap.org/?mlat=47.3919588&mlon=-122.2907487#map=19/47.3919588/-122.2907487
51,47.7182157,-122.1875943,12,"bridge, elevated, many_lanes",1372525295,,I 405,5,60 mph,yes,,1,,,,,,,,"https://www.google.com/maps/@?api=1&map_action=pano&viewpoint=47.7182157,-122.1875943","https://www.google.com/maps/search/?api=1&query=47.7182157,-122.1875943",https://www.openstreetmap.org/?mlat=47.7182157&mlon=-122.1875943#map=19/47.7182157/-122.1875943
52,47.358108,-122.2962138,12,"bridge, elevated, many_lanes",305335209,,I 5,5,60 mph,yes,,1,,,,,,,,"https://www.google.com/maps/@?api=1&map_action=pano&viewpoint=47.358108,-122.2962138","https://www.google.com/maps/search/?api=1&query=47.358108,-122.2962138",https://www.openstreetmap.org/?mlat=47.358108&mlon=-122.2962138#map=19/47.358108/-122.2962138
53,47.8081261,-122.3027969,12,"bridge, elevated, many_lanes",306193774,,I 5,5,60 mph,yes,,1,,,,,,,,"https://www.google.com/maps/@?api=1&map_action=pano&viewpoint=47.8081261,-122.3027969","https://www.google.com/maps/search/?api=1&query=47.8081261,-122.3027969",https://www.openstreetmap.org/?mlat=47.8081261&mlon=-122.3027969#map=19/47.8081261/-122.3027969
54,47.4838441,-122.2700571,12,"bridge, elevated, many_lanes",306259864,,I 5,5,60 mph,yes,,1,,,,,,,,"https://www.google.com/maps/@?api=1&map_action=pano&viewpoint=47.4838441,-122.2700571","https://www.google.com/maps/search/?api=1&query=47.4838441,-122.2700571",https://www.openstreetmap.org/?mlat=47.4838441&mlon=-122.2700571#map=19/47.4838441/-122.2700571
55,47.2394104,-122.4040818,12,"bridge, elevated, many_lanes",451986554,,I 5,5,60 mph,yes,,1,,,,,,,,"https://www.google.com/maps/@?api=1&map_action=pano&viewpoint=47.2394104,-122.4040818","https://www.google.com/maps/search/?api=1&query=47.2394104,-122.4040818",https://www.openstreetmap.org/?mlat=47.2394104&mlon=-122.4040818#map=19/47.2394104/-122.4040818
56,47.5357039,-122.2974059,12,"bridge, elevated, many_lanes",806572224,,I 5,5,60 mph,yes,,1,,,,,,,,"https://www.google.com/maps/@?api=1&map_action=pano&viewpoint=47.5357039,-122.2974059","https://www.google.com/maps/search/?api=1&query=47.5357039,-122.2974059",https://www.openstreetmap.org/?mlat=47.5357039&mlon=-122.2974059#map=19/47.5357039/-122.2974059
57,47.6797072,-122.1840755,12,"bridge, elevated, many_lanes",310012087,,I 405,5,60 mph,yes,,1,,,,,,,,"https://www.google.com/maps/@?api=1&map_action=pano&viewpoint=47.6797072,-122.1840755","https://www.google.com/maps/search/?api=1&query=47.6797072,-122.1840755",https://www.openstreetmap.org/?mlat=47.6797072&mlon=-122.1840755#map=19/47.6797072/-122.1840755
58,47.9690695,-122.1966198,12,"bridge, elevated, many_lanes",35134236,,I 5,5,60 mph,yes,,1,,,,,,,,"https://www.google.com/maps/@?api=1&map_action=pano&viewpoint=47.9690695,-122.1966198","https://www.google.com/maps/search/?api=1&query=47.9690695,-122.1966198",https://www.openstreetmap.org/?mlat=47.9690695&mlon=-122.1966198#map=19/47.9690695/-122.1966198
59,47.5790473,-122.1893615,12,"bridge, elevated, many_lanes",621378267,,I 90,5,60 mph,yes,,1,,,,,,,,"https://www.google.com/maps/@?api=1&map_action=pano&viewpoint=47.5790473,-122.1893615","https://www.google.com/maps/search/?api=1&query=47.5790473,-122.1893615",https://www.openstreetmap.org/?mlat=47.5790473&mlon=-122.1893615#map=19/47.5790473/-122.1893615
60,47.7085349,-122.3301191,12,"bridge, elevated, many_lanes",306194400,,I 5,5,60 mph,yes,,1,,,,,,,,"https://www.google.com/maps/@?api=1&map_action=pano&viewpoint=47.7085349,-122.3301191","https://www.google.com/maps/search/?api=1&query=47.7085349,-122.3301191",https://www.openstreetmap.org/?mlat=47.7085349&mlon=-122.3301191#map=19/47.7085349/-122.3301191
61,45.6669917,-118.81809,12,"bridge, elevated",121734194,Old Oregon Trail Highway,I 84;US 395,2,70 mph,yes,,3,,,,,,,,"https://www.google.com/maps/@?api=1&map_action=pano&viewpoint=45.6669917,-118.81809","https://www.google.com/maps/search/?api=1&query=45.6669917,-118.81809",https://www.openstreetmap.org/?mlat=45.6669917&mlon=-118.81809#map=19/45.6669917/-118.81809
62,47.553227,-122.318111,12,"bridge, elevated, many_lanes",306258908,,I 5,5,60 mph,yes,,1,,,,,,,,"https://www.google.com/maps/@?api=1&map_action=pano&viewpoint=47.553227,-122.318111","https://www.google.com/maps/search/?api=1&query=47.553227,-122.318111",https://www.openstreetmap.org/?mlat=47.553227&mlon=-122.318111#map=19/47.553227/-122.318111
63,47.2348611,-122.4931036,12,"bridge, elevated, many_lanes",35915200,,SR 16,4,60 mph,yes,,2,,,,,,,,"https://www.google.com/maps/@?api=1&map_action=pano&viewpoint=47.2348611,-122.4931036","https://www.google.com/maps/search/?api=1&query=47.2348611,-122.4931036",https://www.openstreetmap.org/?mlat=47.2348611&mlon=-122.4931036#map=19/47.2348611/-122.4931036
64,47.4623331,-122.2655544,12,"bridge, elevated, many_lanes",442863875,,I 5,5,60 mph,yes,,1,,,,,,,,"https://www.google.com/maps/@?api=1&map_action=pano&viewpoint=47.4623331,-122.2655544","https://www.google.com/maps/search/?api=1&query=47.4623331,-122.2655544",https://www.openstreetmap.org/?mlat=47.4623331&mlon=-122.2655544#map=19/47.4623331/-122.2655544
65,45.5161315,-122.6975525,12,"tunnel, moderate_speed_motorway",150852246,Sunset Highway,US 26,3,50 mph,,yes,-1,,,,,,,,"https://www.google.com/maps/@?api=1&map_action=pano&viewpoint=45.5161315,-122.6975525","https://www.google.com/maps/search/?api=1&query=45.5161315,-122.6975525",https://www.openstreetmap.org/?mlat=45.5161315&mlon=-122.6975525#map=19/45.5161315/-122.6975525
66,47.431619,-122.2717539,12,"bridge, elevated, many_lanes",305274478,,I 5,5,60 mph,yes,,1,,,,,,,,"https://www.google.com/maps/@?api=1&map_action=pano&viewpoint=47.431619,-122.2717539","https://www.google.com/maps/search/?api=1&query=47.431619,-122.2717539",https://www.openstreetmap.org/?mlat=47.431619&mlon=-122.2717539#map=19/47.431619/-122.2717539
67,47.9479919,-122.1988577,12,"bridge, elevated, many_lanes",35134231,,I 5,5,60 mph,yes,,1,,,,,,,,"https://www.google.com/maps/@?api=1&map_action=pano&viewpoint=47.9479919,-122.1988577","https://www.google.com/maps/search/?api=1&query=47.9479919,-122.1988577",https://www.openstreetmap.org/?mlat=47.9479919&mlon=-122.1988577#map=19/47.9479919/-122.1988577
68,47.32728,-122.2939149,12,"bridge, elevated, many_lanes",305335221,,I 5,5,60 mph,yes,,1,,,,,,,,"https://www.google.com/maps/@?api=1&map_action=pano&viewpoint=47.32728,-122.2939149","https://www.google.com/maps/search/?api=1&query=47.32728,-122.2939149",https://www.openstreetmap.org/?mlat=47.32728&mlon=-122.2939149#map=19/47.32728/-122.2939149
69,47.7036765,-122.1797852,12,"bridge, elevated, many_lanes",310006379,,I 405,5,60 mph,yes,,1,,,,,,,,"https://www.google.com/maps/@?api=1&map_action=pano&viewpoint=47.7036765,-122.1797852","https://www.google.com/maps/search/?api=1&query=47.7036765,-122.1797852",https://www.openstreetmap.org/?mlat=47.7036765&mlon=-122.1797852#map=19/47.7036765/-122.1797852
70,47.2459189,-122.3343579,12,"bridge, elevated, many_lanes",1433446947,,I 5,5,60 mph,yes,,1,,,,,,,,"https://www.google.com/maps/@?api=1&map_action=pano&viewpoint=47.2459189,-122.3343579","https://www.google.com/maps/search/?api=1&query=47.2459189,-122.3343579",https://www.openstreetmap.org/?mlat=47.2459189&mlon=-122.3343579#map=19/47.2459189/-122.3343579
71,47.3003999,-122.3032197,12,"bridge, elevated, many_lanes",23351156,,I 5,5,60 mph,yes,,1,,,,,,,,"https://www.google.com/maps/@?api=1&map_action=pano&viewpoint=47.3003999,-122.3032197","https://www.google.com/maps/search/?api=1&query=47.3003999,-122.3032197",https://www.openstreetmap.org/?mlat=47.3003999&mlon=-122.3032197#map=19/47.3003999/-122.3032197
72,47.6320279,-122.3248941,12,"bridge, elevated, many_lanes",880274153,,I 5,5,60 mph,yes,,1,,,,,,,,"https://www.google.com/maps/@?api=1&map_action=pano&viewpoint=47.6320279,-122.3248941","https://www.google.com/maps/search/?api=1&query=47.6320279,-122.3248941",https://www.openstreetmap.org/?mlat=47.6320279&mlon=-122.3248941#map=19/47.6320279/-122.3248941
73,47.5904146,-122.2876453,12,"bridge, elevated, many_lanes",120057489,Homer M. Hadley Memorial Bridge,I 90,4,60 mph,yes,,2,,,,,,,,"https://www.google.com/maps/@?api=1&map_action=pano&viewpoint=47.5904146,-122.2876453","https://www.google.com/maps/search/?api=1&query=47.5904146,-122.2876453",https://www.openstreetmap.org/?mlat=47.5904146&mlon=-122.2876453#map=19/47.5904146/-122.2876453
74,47.7471073,-122.3290069,12,"bridge, elevated, many_lanes",306194393,,I 5,5,60 mph,yes,,1,,,,,,,,"https://www.google.com/maps/@?api=1&map_action=pano&viewpoint=47.7471073,-122.3290069","https://www.google.com/maps/search/?api=1&query=47.7471073,-122.3290069",https://www.openstreetmap.org/?mlat=47.7471073&mlon=-122.3290069#map=19/47.7471073/-122.3290069
75,47.3435289,-122.2925657,12,"bridge, elevated, many_lanes",305335213,,I 5,5,60 mph,yes,,1,,,,,,,,"https://www.google.com/maps/@?api=1&map_action=pano&viewpoint=47.3435289,-122.2925657","https://www.google.com/maps/search/?api=1&query=47.3435289,-122.2925657",https://www.openstreetmap.org/?mlat=47.3435289&mlon=-122.2925657#map=19/47.3435289/-122.2925657
76,47.8255712,-122.2542049,12,"bridge, elevated, many_lanes",309983679,,I 405,5,60 mph,yes,,1,,,,,,,,"https://www.google.com/maps/@?api=1&map_action=pano&viewpoint=47.8255712,-122.2542049","https://www.google.com/maps/search/?api=1&query=47.8255712,-122.2542049",https://www.openstreetmap.org/?mlat=47.8255712&mlon=-122.2542049#map=19/47.8255712/-122.2542049
77,47.5797716,-122.1616838,12,"bridge, elevated, many_lanes",1408870971,,I 90,6,60 mph,yes,,1,,,,,,,,"https://www.google.com/maps/@?api=1&map_action=pano&viewpoint=47.5797716,-122.1616838","https://www.google.com/maps/search/?api=1&query=47.5797716,-122.1616838",https://www.openstreetmap.org/?mlat=47.5797716&mlon=-122.1616838#map=19/47.5797716/-122.1616838
78,43.5970462,-116.2911435,12,"bridge, elevated",770414440,Boise Connector,I 184,3,60 mph,yes,,3,,,,,,,,"https://www.google.com/maps/@?api=1&map_action=pano&viewpoint=43.5970462,-116.2911435","https://www.google.com/maps/search/?api=1&query=43.5970462,-116.2911435",https://www.openstreetmap.org/?mlat=43.5970462&mlon=-116.2911435#map=19/43.5970462/-116.2911435
79,44.0907692,-123.0973888,11,"bridge, elevated, moderate_speed_motorway",97518367,Randy Papé Beltline,OR 569,2,55 mph,yes,,1,,,,,,,,"https://www.google.com/maps/@?api=1&map_action=pano&viewpoint=44.0907692,-123.0973888","https://www.google.com/maps/search/?api=1&query=44.0907692,-123.0973888",https://www.openstreetmap.org/?mlat=44.0907692&mlon=-123.0973888#map=19/44.0907692/-123.0973888
80,45.3630751,-122.6089315,11,"bridge, elevated, moderate_speed_motorway",842282374,Abernethy Bridge,I 205,3,55 mph,yes,,1,,,,,,,,"https://www.google.com/maps/@?api=1&map_action=pano&viewpoint=45.3630751,-122.6089315","https://www.google.com/maps/search/?api=1&query=45.3630751,-122.6089315",https://www.openstreetmap.org/?mlat=45.3630751&mlon=-122.6089315#map=19/45.3630751/-122.6089315
81,45.5246136,-122.6654671,11,"bridge, elevated, moderate_speed_motorway",392574369,,I 5,2,50 mph,yes,,1,,,,,,,,"https://www.google.com/maps/@?api=1&map_action=pano&viewpoint=45.5246136,-122.6654671","https://www.google.com/maps/search/?api=1&query=45.5246136,-122.6654671",https://www.openstreetmap.org/?mlat=45.5246136&mlon=-122.6654671#map=19/45.5246136/-122.6654671
82,44.0622922,-123.0803297,11,"bridge, elevated, moderate_speed_motorway",36747125,Officer Chris Kilcullen Memorial Highway,I 105;OR 126,2,55 mph,yes,,1,,,,,,,,"https://www.google.com/maps/@?api=1&map_action=pano&viewpoint=44.0622922,-123.0803297","https://www.google.com/maps/search/?api=1&query=44.0622922,-123.0803297",https://www.openstreetmap.org/?mlat=44.0622922&mlon=-123.0803297#map=19/44.0622922/-123.0803297
83,46.1065072,-122.8878442,11,"bridge, elevated, moderate_speed_motorway",36895619,,SR 432,2,55 mph,yes,,1,,,,,,,,"https://www.google.com/maps/@?api=1&map_action=pano&viewpoint=46.1065072,-122.8878442","https://www.google.com/maps/search/?api=1&query=46.1065072,-122.8878442",https://www.openstreetmap.org/?mlat=46.1065072&mlon=-122.8878442#map=19/46.1065072/-122.8878442
84,44.8993478,-122.9404658,11,"bridge, elevated, moderate_speed_motorway",34901973,North Santiam Highway,OR 22,2,55 mph,yes,,1,,,,,,,,"https://www.google.com/maps/@?api=1&map_action=pano&viewpoint=44.8993478,-122.9404658","https://www.google.com/maps/search/?api=1&query=44.8993478,-122.9404658",https://www.openstreetmap.org/?mlat=44.8993478&mlon=-122.9404658#map=19/44.8993478/-122.9404658
85,47.5852319,-122.2268935,11,"tunnel, many_lanes",160637562,,I 90,4,60 mph,,yes,-1,,,,,,,,"https://www.google.com/maps/@?api=1&map_action=pano&viewpoint=47.5852319,-122.2268935","https://www.google.com/maps/search/?api=1&query=47.5852319,-122.2268935",https://www.openstreetmap.org/?mlat=47.5852319&mlon=-122.2268935#map=19/47.5852319/-122.2268935
86,47.6526557,-117.4290711,11,"bridge, viaduct, elevated",454414834,,I 90;US 2;US 395,3,60 mph,viaduct,,1,,,,,,,,"https://www.google.com/maps/@?api=1&map_action=pano&viewpoint=47.6526557,-117.4290711","https://www.google.com/maps/search/?api=1&query=47.6526557,-117.4290711",https://www.openstreetmap.org/?mlat=47.6526557&mlon=-117.4290711#map=19/47.6526557/-117.4290711
87,45.6006546,-123.0234695,11,"bridge, elevated, moderate_speed_motorway",23576065,Northwest Sunset Highway,US 26,2,55 mph,yes,,1,,,,,,,,"https://www.google.com/maps/@?api=1&map_action=pano&viewpoint=45.6006546,-123.0234695","https://www.google.com/maps/search/?api=1&query=45.6006546,-123.0234695",https://www.openstreetmap.org/?mlat=45.6006546&mlon=-123.0234695#map=19/45.6006546/-123.0234695
88,44.0969808,-123.1281245,11,"bridge, elevated, moderate_speed_motorway",52493368,Randy Papé Beltline,OR 569,2,55 mph,yes,,1,,,,,,,,"https://www.google.com/maps/@?api=1&map_action=pano&viewpoint=44.0969808,-123.1281245","https://www.google.com/maps/search/?api=1&query=44.0969808,-123.1281245",https://www.openstreetmap.org/?mlat=44.0969808&mlon=-123.1281245#map=19/44.0969808/-123.1281245
89,45.4608267,-122.7037492,11,"bridge, elevated, moderate_speed_motorway",30474396,,I 5,3,55 mph,yes,,1,,,,,,,,"https://www.google.com/maps/@?api=1&map_action=pano&viewpoint=45.4608267,-122.7037492","https://www.google.com/maps/search/?api=1&query=45.4608267,-122.7037492",https://www.openstreetmap.org/?mlat=45.4608267&mlon=-122.7037492#map=19/45.4608267/-122.7037492
90,42.0640498,-122.6024179,11,"bridge, elevated, moderate_speed_motorway",35133605,,I 5,2,55 mph,yes,,1,,,,,,,,"https://www.google.com/maps/@?api=1&map_action=pano&viewpoint=42.0640498,-122.6024179","https://www.google.com/maps/search/?api=1&query=42.0640498,-122.6024179",https://www.openstreetmap.org/?mlat=42.0640498&mlon=-122.6024179#map=19/42.0640498/-122.6024179
91,45.4904313,-122.7923338,11,"bridge, elevated, moderate_speed_motorway",15742504,Beaverton-Tigard Freeway,OR 217,2,55 mph,yes,,1,,,,,,,,"https://www.google.com/maps/@?api=1&map_action=pano&viewpoint=45.4904313,-122.7923338","https://www.google.com/maps/search/?api=1&query=45.4904313,-122.7923338",https://www.openstreetmap.org/?mlat=45.4904313&mlon=-122.7923338#map=19/45.4904313/-122.7923338
92,42.3409344,-122.8735833,11,"bridge, elevated, moderate_speed_motorway",34128832,,I 5,2,55 mph,yes,,1,,,,,,,,"https://www.google.com/maps/@?api=1&map_action=pano&viewpoint=42.3409344,-122.8735833","https://www.google.com/maps/search/?api=1&query=42.3409344,-122.8735833",https://www.openstreetmap.org/?mlat=42.3409344&mlon=-122.8735833#map=19/42.3409344/-122.8735833
93,47.5922212,-122.2456128,11,"tunnel, many_lanes",14382125,,I 90,4,60 mph,,yes,-2,,,,,,,,"https://www.google.com/maps/@?api=1&map_action=pano&viewpoint=47.5922212,-122.2456128","https://www.google.com/maps/search/?api=1&query=47.5922212,-122.2456128",https://www.openstreetmap.org/?mlat=47.5922212&mlon=-122.2456128#map=19/47.5922212/-122.2456128
94,45.4720467,-122.7861279,11,"bridge, elevated, moderate_speed_motorway",48409106,Beaverton-Tigard Freeway,OR 217,2,55 mph,yes,,1,,,,,,,,"https://www.google.com/maps/@?api=1&map_action=pano&viewpoint=45.4720467,-122.7861279","https://www.google.com/maps/search/?api=1&query=45.4720467,-122.7861279",https://www.openstreetmap.org/?mlat=45.4720467&mlon=-122.7861279#map=19/45.4720467/-122.7861279
95,42.1353473,-122.6353106,11,"bridge, elevated, moderate_speed_motorway",34126049,,I 5,2,55 mph,yes,,1,,,,,,,,"https://www.google.com/maps/@?api=1&map_action=pano&viewpoint=42.1353473,-122.6353106","https://www.google.com/maps/search/?api=1&query=42.1353473,-122.6353106",https://www.openstreetmap.org/?mlat=42.1353473&mlon=-122.6353106#map=19/42.1353473/-122.6353106
96,45.6085227,-123.0444455,11,"bridge, elevated, moderate_speed_motorway",115932648,Northwest Sunset Highway,US 26,2,55 mph,yes,,1,,,,,,,,"https://www.google.com/maps/@?api=1&map_action=pano&viewpoint=45.6085227,-123.0444455","https://www.google.com/maps/search/?api=1&query=45.6085227,-123.0444455",https://www.openstreetmap.org/?mlat=45.6085227&mlon=-123.0444455#map=19/45.6085227/-123.0444455
97,43.0259891,-123.2994396,11,"bridge, elevated, moderate_speed_motorway",34710682,,I 5,2,50 mph,yes,,1,,,,,,,,"https://www.google.com/maps/@?api=1&map_action=pano&viewpoint=43.0259891,-123.2994396","https://www.google.com/maps/search/?api=1&query=43.0259891,-123.2994396",https://www.openstreetmap.org/?mlat=43.0259891&mlon=-123.2994396#map=19/43.0259891/-123.2994396
98,44.0875673,-123.0673227,11,"bridge, elevated, moderate_speed_motorway",52493376,Randy Papé Beltline,,2,55 mph,yes,,1,,,,,,,,"https://www.google.com/maps/@?api=1&map_action=pano&viewpoint=44.0875673,-123.0673227","https://www.google.com/maps/search/?api=1&query=44.0875673,-123.0673227",https://www.openstreetmap.org/?mlat=44.0875673&mlon=-123.0673227#map=19/44.0875673/-123.0673227
99,45.5474774,-122.5544818,11,"bridge, elevated, moderate_speed_motorway",33261508,Banfield Freeway,I 84;US 30,2,55 mph,yes,,1,,,,,,,,"https://www.google.com/maps/@?api=1&map_action=pano&viewpoint=45.5474774,-122.5544818","https://www.google.com/maps/search/?api=1&query=45.5474774,-122.5544818",https://www.openstreetmap.org/?mlat=45.5474774&mlon=-122.5544818#map=19/45.5474774/-122.5544818
100,45.4645801,-122.5682084,11,"bridge, elevated, moderate_speed_motorway",30255887,,I 205,3,55 mph,yes,,1,,,,,,,,"https://www.google.com/maps/@?api=1&map_action=pano&viewpoint=45.4645801,-122.5682084","https://www.google.com/maps/search/?api=1&query=45.4645801,-122.5682084",https://www.openstreetmap.org/?mlat=45.4645801&mlon=-122.5682084#map=19/45.4645801/-122.5682084
101,45.5482285,-122.8841518,11,"bridge, elevated, moderate_speed_motorway",51711430,Northwest Sunset Highway,US 26,3,55 mph,yes,,1,,,,,,,,"https://www.google.com/maps/@?api=1&map_action=pano&viewpoint=45.5482285,-122.8841518","https://www.google.com/maps/search/?api=1&query=45.5482285,-122.8841518",https://www.openstreetmap.org/?mlat=45.5482285&mlon=-122.8841518#map=19/45.5482285/-122.8841518
102,44.0625229,-123.051465,11,"bridge, elevated, moderate_speed_motorway",34871914,Officer Chris Kilcullen Memorial Highway,I 105;OR 126,2,55 mph,yes,,1,,,,,,,,"https://www.google.com/maps/@?api=1&map_action=pano&viewpoint=44.0625229,-123.051465","https://www.google.com/maps/search/?api=1&query=44.0625229,-123.051465",https://www.openstreetmap.org/?mlat=44.0625229&mlon=-123.051465#map=19/44.0625229/-123.051465
103,44.0612025,-123.019361,11,"bridge, elevated, moderate_speed_motorway",39048157,Officer Chris Kilcullen Memorial Highway,OR 126,2,55 mph,yes,,1,,,,,,,,"https://www.google.com/maps/@?api=1&map_action=pano&viewpoint=44.0612025,-123.019361","https://www.google.com/maps/search/?api=1&query=44.0612025,-123.019361",https://www.openstreetmap.org/?mlat=44.0612025&mlon=-123.019361#map=19/44.0612025/-123.019361
104,47.6360534,-122.2274472,11,"tunnel, many_lanes",310013767,,SR 520,4,60 mph,,yes,-1,,,,,,,,"https://www.google.com/maps/@?api=1&map_action=pano&viewpoint=47.6360534,-122.2274472","https://www.google.com/maps/search/?api=1&query=47.6360534,-122.2274472",https://www.openstreetmap.org/?mlat=47.6360534&mlon=-122.2274472#map=19/47.6360534/-122.2274472
105,44.097868,-123.1612552,11,"bridge, elevated, moderate_speed_motorway",47472652,Randy Papé Beltline,OR 569,2,55 mph,yes,,1,,,,,,,,"https://www.google.com/maps/@?api=1&map_action=pano&viewpoint=44.097868,-123.1612552","https://www.google.com/maps/search/?api=1&query=44.097868,-123.1612552",https://www.openstreetmap.org/?mlat=44.097868&mlon=-123.1612552#map=19/44.097868/-123.1612552
106,45.6463669,-122.639872,11,"bridge, elevated, moderate_speed_motorway",37693006,,SR 500,2,55 mph,yes,,1,,,,,,,,"https://www.google.com/maps/@?api=1&map_action=pano&viewpoint=45.6463669,-122.639872","https://www.google.com/maps/search/?api=1&query=45.6463669,-122.639872",https://www.openstreetmap.org/?mlat=45.6463669&mlon=-122.639872#map=19/45.6463669/-122.639872
107,45.6486098,-122.6011754,11,"bridge, elevated, moderate_speed_motorway",37693016,,SR 500,2,55 mph,yes,,1,,,,,,,,"https://www.google.com/maps/@?api=1&map_action=pano&viewpoint=45.6486098,-122.6011754","https://www.google.com/maps/search/?api=1&query=45.6486098,-122.6011754",https://www.openstreetmap.org/?mlat=45.6486098&mlon=-122.6011754#map=19/45.6486098/-122.6011754
108,44.0594602,-122.9681952,11,"bridge, elevated, moderate_speed_motorway",39045808,Officer Chris Kilcullen Memorial Highway,OR 126,2,55 mph,yes,,1,,,,,,,,"https://www.google.com/maps/@?api=1&map_action=pano&viewpoint=44.0594602,-122.9681952","https://www.google.com/maps/search/?api=1&query=44.0594602,-122.9681952",https://www.openstreetmap.org/?mlat=44.0594602&mlon=-122.9681952#map=19/44.0594602/-122.9681952
109,47.1980488,-122.2081555,11,"bridge, elevated, moderate_speed_motorway",23657595,,SR 410,2,55 mph,yes,,1,,,,,,,,"https://www.google.com/maps/@?api=1&map_action=pano&viewpoint=47.1980488,-122.2081555","https://www.google.com/maps/search/?api=1&query=47.1980488,-122.2081555",https://www.openstreetmap.org/?mlat=47.1980488&mlon=-122.2081555#map=19/47.1980488/-122.2081555
110,47.5692888,-122.6842634,11,"bridge, elevated, moderate_speed_motorway",81049593,State Highway 3 Northwest,SR 3,2,50 mph,yes,,1,,,,,,,,"https://www.google.com/maps/@?api=1&map_action=pano&viewpoint=47.5692888,-122.6842634","https://www.google.com/maps/search/?api=1&query=47.5692888,-122.6842634",https://www.openstreetmap.org/?mlat=47.5692888&mlon=-122.6842634#map=19/47.5692888/-122.6842634
111,47.2007102,-122.2533952,11,"bridge, elevated, moderate_speed_motorway",23658393,,SR 410,3,55 mph,yes,,1,,,,,,,,"https://www.google.com/maps/@?api=1&map_action=pano&viewpoint=47.2007102,-122.2533952","https://www.google.com/maps/search/?api=1&query=47.2007102,-122.2533952",https://www.openstreetmap.org/?mlat=47.2007102&mlon=-122.2533952#map=19/47.2007102/-122.2533952
112,45.6494746,-122.6592426,11,"bridge, elevated, moderate_speed_motorway",5854577,,SR 500,2,55 mph,yes,,1,,,,,,,,"https://www.google.com/maps/@?api=1&map_action=pano&viewpoint=45.6494746,-122.6592426","https://www.google.com/maps/search/?api=1&query=45.6494746,-122.6592426",https://www.openstreetmap.org/?mlat=45.6494746&mlon=-122.6592426#map=19/45.6494746/-122.6592426
113,44.0847315,-123.1718582,11,"bridge, elevated, moderate_speed_motorway",53621546,Randy Papé Beltline,OR 569,2,55 mph,yes,,1,,,,,,,,"https://www.google.com/maps/@?api=1&map_action=pano&viewpoint=44.0847315,-123.1718582","https://www.google.com/maps/search/?api=1&query=44.0847315,-123.1718582",https://www.openstreetmap.org/?mlat=44.0847315&mlon=-123.1718582#map=19/44.0847315/-123.1718582
114,44.0701812,-123.1736451,11,"bridge, elevated, moderate_speed_motorway",52493365,Randy Papé Beltline,OR 569,2,55 mph,yes,,1,,,,,,,,"https://www.google.com/maps/@?api=1&map_action=pano&viewpoint=44.0701812,-123.1736451","https://www.google.com/maps/search/?api=1&query=44.0701812,-123.1736451",https://www.openstreetmap.org/?mlat=44.0701812&mlon=-123.1736451#map=19/44.0701812/-123.1736451
115,47.6379561,-117.4898332,11,"bridge, elevated, moderate_speed_motorway",53257914,,US 2,2,55 mph,yes,,1,,,,,,,,"https://www.google.com/maps/@?api=1&map_action=pano&viewpoint=47.6379561,-117.4898332","https://www.google.com/maps/search/?api=1&query=47.6379561,-117.4898332",https://www.openstreetmap.org/?mlat=47.6379561&mlon=-117.4898332#map=19/47.6379561/-117.4898332
116,44.8723408,-122.9021927,11,"bridge, elevated, moderate_speed_motorway",34904526,North Santiam Highway,OR 22,2,55 mph,yes,,1,,,,,,,,"https://www.google.com/maps/@?api=1&map_action=pano&viewpoint=44.8723408,-122.9021927","https://www.google.com/maps/search/?api=1&query=44.8723408,-122.9021927",https://www.openstreetmap.org/?mlat=44.8723408&mlon=-122.9021927#map=19/44.8723408/-122.9021927
117,45.5857348,-122.9843882,11,"bridge, elevated, moderate_speed_motorway",124454704,Northwest Sunset Highway,US 26,2,55 mph,yes,,1,,,right,,,,,"https://www.google.com/maps/@?api=1&map_action=pano&viewpoint=45.5857348,-122.9843882","https://www.google.com/maps/search/?api=1&query=45.5857348,-122.9843882",https://www.openstreetmap.org/?mlat=45.5857348&mlon=-122.9843882#map=19/45.5857348/-122.9843882
118,46.2318512,-119.1318062,11,"bridge, elevated, moderate_speed_motorway",27172481,Lewis and Clark Trail,US 395,2,55 mph,yes,,1,,,,,,,,"https://www.google.com/maps/@?api=1&map_action=pano&viewpoint=46.2318512,-119.1318062","https://www.google.com/maps/search/?api=1&query=46.2318512,-119.1318062",https://www.openstreetmap.org/?mlat=46.2318512&mlon=-119.1318062#map=19/46.2318512/-119.1318062
119,45.3477165,-122.6519333,11,"bridge, elevated, moderate_speed_motorway",31799589,,I 205,2,55 mph,yes,,1,,,,,,,,"https://www.google.com/maps/@?api=1&map_action=pano&viewpoint=45.3477165,-122.6519333","https://www.google.com/maps/search/?api=1&query=45.3477165,-122.6519333",https://www.openstreetmap.org/?mlat=45.3477165&mlon=-122.6519333#map=19/45.3477165/-122.6519333
120,47.639278,-122.1359577,11,"tunnel, many_lanes",310013786,,SR 520,4,60 mph,,yes,-1,,,,,,,,"https://www.google.com/maps/@?api=1&map_action=pano&viewpoint=47.639278,-122.1359577","https://www.google.com/maps/search/?api=1&query=47.639278,-122.1359577",https://www.openstreetmap.org/?mlat=47.639278&mlon=-122.1359577#map=19/47.639278/-122.1359577
121,45.6215842,-122.6733149,11,"bridge, elevated, moderate_speed_motorway",5520312,Interstate Bridge,I 5,3,50 mph,yes,,1,,,,,,,,"https://www.google.com/maps/@?api=1&map_action=pano&viewpoint=45.6215842,-122.6733149","https://www.google.com/maps/search/?api=1&query=45.6215842,-122.6733149",https://www.openstreetmap.org/?mlat=45.6215842&mlon=-122.6733149#map=19/45.6215842/-122.6733149
122,47.8316513,-122.0445819,11,"bridge, elevated, moderate_speed_motorway",165566779,State Highway 522,SR 522,2,55 mph,yes,,1,,,,,,,,"https://www.google.com/maps/@?api=1&map_action=pano&viewpoint=47.8316513,-122.0445819","https://www.google.com/maps/search/?api=1&query=47.8316513,-122.0445819",https://www.openstreetmap.org/?mlat=47.8316513&mlon=-122.0445819#map=19/47.8316513/-122.0445819
123,42.3560515,-122.878558,11,"bridge, elevated, moderate_speed_motorway",34129137,,I 5,2,55 mph,yes,,1,,,,,,,,"https://www.google.com/maps/@?api=1&map_action=pano&viewpoint=42.3560515,-122.878558","https://www.google.com/maps/search/?api=1&query=42.3560515,-122.878558",https://www.openstreetmap.org/?mlat=42.3560515&mlon=-122.878558#map=19/42.3560515/-122.878558
124,44.4839554,-117.3478464,10,"bridge, elevated",221232647,Old Oregon Trail Highway,I 84;US 30,2,,yes,,2,,,,,,,,"https://www.google.com/maps/@?api=1&map_action=pano&viewpoint=44.4839554,-117.3478464","https://www.google.com/maps/search/?api=1&query=44.4839554,-117.3478464",https://www.openstreetmap.org/?mlat=44.4839554&mlon=-117.3478464#map=19/44.4839554/-117.3478464
125,47.4521958,-122.3250781,10,"bridge, elevated",37044224,,SR 509,2,60 mph,yes,,2,,,,,,,,"https://www.google.com/maps/@?api=1&map_action=pano&viewpoint=47.4521958,-122.3250781","https://www.google.com/maps/search/?api=1&query=47.4521958,-122.3250781",https://www.openstreetmap.org/?mlat=47.4521958&mlon=-122.3250781#map=19/47.4521958/-122.3250781
126,46.2369675,-119.8156999,10,"bridge, elevated",28607361,,I 82;US 12,2,70 mph,yes,,2,,,,,,,,"https://www.google.com/maps/@?api=1&map_action=pano&viewpoint=46.2369675,-119.8156999","https://www.google.com/maps/search/?api=1&query=46.2369675,-119.8156999",https://www.openstreetmap.org/?mlat=46.2369675&mlon=-119.8156999#map=19/46.2369675/-119.8156999
127,47.0412279,-122.8524682,10,"bridge, elevated, many_lanes",23836639,,I 5,4,60 mph,yes,,1,,,,,,,,"https://www.google.com/maps/@?api=1&map_action=pano&viewpoint=47.0412279,-122.8524682","https://www.google.com/maps/search/?api=1&query=47.0412279,-122.8524682",https://www.openstreetmap.org/?mlat=47.0412279&mlon=-122.8524682#map=19/47.0412279/-122.8524682
128,47.4691043,-122.2080462,10,"bridge, elevated, many_lanes",39294746,,I 405 South,4,60 mph,yes,,1,,,,,,,,"https://www.google.com/maps/@?api=1&map_action=pano&viewpoint=47.4691043,-122.2080462","https://www.google.com/maps/search/?api=1&query=47.4691043,-122.2080462",https://www.openstreetmap.org/?mlat=47.4691043&mlon=-122.2080462#map=19/47.4691043/-122.2080462
129,47.3932368,-121.3895849,10,"bridge, elevated",26986595,,I 90,3,65 mph,yes,,2,,,,,,,,"https://www.google.com/maps/@?api=1&map_action=pano&viewpoint=47.3932368,-121.3895849","https://www.google.com/maps/search/?api=1&query=47.3932368,-121.3895849",https://www.openstreetmap.org/?mlat=47.3932368&mlon=-121.3895849#map=19/47.3932368/-121.3895849
130,47.5115424,-121.856451,10,"bridge, elevated, many_lanes",793288751,,I 90,4,70 mph,yes,,1,,,,,,,,"https://www.google.com/maps/@?api=1&map_action=pano&viewpoint=47.5115424,-121.856451","https://www.google.com/maps/search/?api=1&query=47.5115424,-121.856451",https://www.openstreetmap.org/?mlat=47.5115424&mlon=-121.856451#map=19/47.5115424/-121.856451
131,47.4670531,-122.2333679,10,"bridge, elevated, many_lanes",306314582,,I 405,4,60 mph,yes,,1,,,,,,,,"https://www.google.com/maps/@?api=1&map_action=pano&viewpoint=47.4670531,-122.2333679","https://www.google.com/maps/search/?api=1&query=47.4670531,-122.2333679",https://www.openstreetmap.org/?mlat=47.4670531&mlon=-122.2333679#map=19/47.4670531/-122.2333679
132,43.5973893,-116.3400814,10,"bridge, elevated, many_lanes",375529961,,I 84;US 30,4,65 mph,yes,,1,,,,,,,,"https://www.google.com/maps/@?api=1&map_action=pano&viewpoint=43.5973893,-116.3400814","https://www.google.com/maps/search/?api=1&query=43.5973893,-116.3400814",https://www.openstreetmap.org/?mlat=43.5973893&mlon=-116.3400814#map=19/43.5973893/-116.3400814
133,47.1773303,-122.2964995,10,"bridge, elevated",23689726,,SR 161;SR 512,2,60 mph,yes,,2,,,,,,,,"https://www.google.com/maps/@?api=1&map_action=pano&viewpoint=47.1773303,-122.2964995","https://www.google.com/maps/search/?api=1&query=47.1773303,-122.2964995",https://www.openstreetmap.org/?mlat=47.1773303&mlon=-122.2964995#map=19/47.1773303/-122.2964995
134,47.5363765,-122.0074818,10,"bridge, elevated, many_lanes",783932331,,I 90,4,70 mph,yes,,1,,,,,,,,"https://www.google.com/maps/@?api=1&map_action=pano&viewpoint=47.5363765,-122.0074818","https://www.google.com/maps/search/?api=1&query=47.5363765,-122.0074818",https://www.openstreetmap.org/?mlat=47.5363765&mlon=-122.0074818#map=19/47.5363765/-122.0074818
135,47.1450978,-122.5084491,10,"bridge, elevated, many_lanes",264425850,,I 5,4,60 mph,yes,,1,,,,,,,,"https://www.google.com/maps/@?api=1&map_action=pano&viewpoint=47.1450978,-122.5084491","https://www.google.com/maps/search/?api=1&query=47.1450978,-122.5084491",https://www.openstreetmap.org/?mlat=47.1450978&mlon=-122.5084491#map=19/47.1450978/-122.5084491
136,43.5992177,-116.5137937,10,"bridge, elevated, many_lanes",291835667,Vietnam Veterans Memorial Highway,I 84;US 30;ID 55,4,65 mph,yes,,1,,,,,,,,"https://www.google.com/maps/@?api=1&map_action=pano&viewpoint=43.5992177,-116.5137937","https://www.google.com/maps/search/?api=1&query=43.5992177,-116.5137937",https://www.openstreetmap.org/?mlat=43.5992177&mlon=-116.5137937#map=19/43.5992177/-116.5137937
137,47.6589183,-117.3199485,10,"bridge, elevated, many_lanes",38331358,Spokane Valley Freeway,I 90,4,60 mph,yes,,1,,,,,,,,"https://www.google.com/maps/@?api=1&map_action=pano&viewpoint=47.6589183,-117.3199485","https://www.google.com/maps/search/?api=1&query=47.6589183,-117.3199485",https://www.openstreetmap.org/?mlat=47.6589183&mlon=-117.3199485#map=19/47.6589183/-117.3199485
138,47.5513973,-122.0681333,10,"bridge, elevated, many_lanes",364278778,,I 90,4,60 mph,yes,,1,,,,,,,,"https://www.google.com/maps/@?api=1&map_action=pano&viewpoint=47.5513973,-122.0681333","https://www.google.com/maps/search/?api=1&query=47.5513973,-122.0681333",https://www.openstreetmap.org/?mlat=47.5513973&mlon=-122.0681333#map=19/47.5513973/-122.0681333
139,47.303577,-122.2136507,10,"bridge, elevated",23713800,State Route 18,SR 18,2,60 mph,yes,,2,,,,,,,,"https://www.google.com/maps/@?api=1&map_action=pano&viewpoint=47.303577,-122.2136507","https://www.google.com/maps/search/?api=1&query=47.303577,-122.2136507",https://www.openstreetmap.org/?mlat=47.303577&mlon=-122.2136507#map=19/47.303577/-122.2136507
140,47.2745638,-122.5580895,10,"bridge, elevated, many_lanes",12228247,Tacoma Narrows Bridge,SR 16,4,60 mph,yes,,1,,,,,,,,"https://www.google.com/maps/@?api=1&map_action=pano&viewpoint=47.2745638,-122.5580895","https://www.google.com/maps/search/?api=1&query=47.2745638,-122.5580895",https://www.openstreetmap.org/?mlat=47.2745638&mlon=-122.5580895#map=19/47.2745638/-122.5580895
141,47.0445655,-120.6398964,10,"bridge, elevated",26983669,,I 90,2,70 mph,yes,,2,,,,,,,,"https://www.google.com/maps/@?api=1&map_action=pano&viewpoint=47.0445655,-120.6398964","https://www.google.com/maps/search/?api=1&query=47.0445655,-120.6398964",https://www.openstreetmap.org/?mlat=47.0445655&mlon=-120.6398964#map=19/47.0445655/-120.6398964
142,47.5311529,-121.9799166,10,"bridge, elevated, many_lanes",52638519,,I 90,4,70 mph,yes,,1,,,,,,,,"https://www.google.com/maps/@?api=1&map_action=pano&viewpoint=47.5311529,-121.9799166","https://www.google.com/maps/search/?api=1&query=47.5311529,-121.9799166",https://www.openstreetmap.org/?mlat=47.5311529&mlon=-121.9799166#map=19/47.5311529/-121.9799166
143,47.7915655,-122.2075165,10,"bridge, elevated, many_lanes",1549092657,,I 405,4,60 mph,yes,,1,,,,,,,,"https://www.google.com/maps/@?api=1&map_action=pano&viewpoint=47.7915655,-122.2075165","https://www.google.com/maps/search/?api=1&query=47.7915655,-122.2075165",https://www.openstreetmap.org/?mlat=47.7915655&mlon=-122.2075165#map=19/47.7915655/-122.2075165
144,48.0440797,-122.1813385,10,"bridge, elevated, many_lanes",35156329,,I 5,4,60 mph,yes,,1,,,,,,,,"https://www.google.com/maps/@?api=1&map_action=pano&viewpoint=48.0440797,-122.1813385","https://www.google.com/maps/search/?api=1&query=48.0440797,-122.1813385",https://www.openstreetmap.org/?mlat=48.0440797&mlon=-122.1813385#map=19/48.0440797/-122.1813385
145,44.0083713,-116.941655,10,"bridge, elevated",892510543,,I 84,2,70 mph,yes,,2,,,,,,,,"https://www.google.com/maps/@?api=1&map_action=pano&viewpoint=44.0083713,-116.941655","https://www.google.com/maps/search/?api=1&query=44.0083713,-116.941655",https://www.openstreetmap.org/?mlat=44.0083713&mlon=-116.941655#map=19/44.0083713/-116.941655
146,47.3026937,-122.1775175,10,"bridge, elevated",23749686,State Route 18,SR 18,2,60 mph,yes,,2,,,,,,,,"https://www.google.com/maps/@?api=1&map_action=pano&viewpoint=47.3026937,-122.1775175","https://www.google.com/maps/search/?api=1&query=47.3026937,-122.1775175",https://www.openstreetmap.org/?mlat=47.3026937&mlon=-122.1775175#map=19/47.3026937/-122.1775175
147,47.2622742,-122.5437057,10,"bridge, elevated, many_lanes",12228251,Tacoma Narrows Bridge,SR 16,4,60 mph,yes,,1,,,,,,,,"https://www.google.com/maps/@?api=1&map_action=pano&viewpoint=47.2622742,-122.5437057","https://www.google.com/maps/search/?api=1&query=47.2622742,-122.5437057",https://www.openstreetmap.org/?mlat=47.2622742&mlon=-122.5437057#map=19/47.2622742/-122.5437057
148,45.7064789,-122.6541081,10,"bridge, elevated, many_lanes",34945254,,I 5,4,60 mph,yes,,1,,,,,,,,"https://www.google.com/maps/@?api=1&map_action=pano&viewpoint=45.7064789,-122.6541081","https://www.google.com/maps/search/?api=1&query=45.7064789,-122.6541081",https://www.openstreetmap.org/?mlat=45.7064789&mlon=-122.6541081#map=19/45.7064789/-122.6541081
149,43.2202667,-123.3584006,10,"bridge, elevated",34720559,,I 5;OR 138,2,65 mph,yes,,2,,,,,,,,"https://www.google.com/maps/@?api=1&map_action=pano&viewpoint=43.2202667,-123.3584006","https://www.google.com/maps/search/?api=1&query=43.2202667,-123.3584006",https://www.openstreetmap.org/?mlat=43.2202667&mlon=-123.3584006#map=19/43.2202667/-123.3584006
150,45.5022609,-118.4223155,10,"bridge, elevated",91368049,Old Oregon Trail Highway,I 84;US 30,2,,yes,,2,,,,,,,,"https://www.google.com/maps/@?api=1&map_action=pano&viewpoint=45.5022609,-118.4223155","https://www.google.com/maps/search/?api=1&query=45.5022609,-118.4223155",https://www.openstreetmap.org/?mlat=45.5022609&mlon=-118.4223155#map=19/45.5022609/-118.4223155
151,47.2503652,-122.5112129,10,"bridge, elevated, many_lanes",23334688,,SR 16,4,60 mph,yes,,1,,,,,,,,"https://www.google.com/maps/@?api=1&map_action=pano&viewpoint=47.2503652,-122.5112129","https://www.google.com/maps/search/?api=1&query=47.2503652,-122.5112129",https://www.openstreetmap.org/?mlat=47.2503652&mlon=-122.5112129#map=19/47.2503652/-122.5112129
152,47.1926513,-120.9486713,10,"bridge, elevated",27053842,,I 90,2,70 mph,yes,,2,,,,,,,,"https://www.google.com/maps/@?api=1&map_action=pano&viewpoint=47.1926513,-120.9486713","https://www.google.com/maps/search/?api=1&query=47.1926513,-120.9486713",https://www.openstreetmap.org/?mlat=47.1926513&mlon=-120.9486713#map=19/47.1926513/-120.9486713
153,44.043402,-123.0498426,10,"bridge, elevated",34871008,Whilamut Passage Bridge,I 5,2,60 mph,yes,,2,,,,,,,,"https://www.google.com/maps/@?api=1&map_action=pano&viewpoint=44.043402,-123.0498426","https://www.google.com/maps/search/?api=1&query=44.043402,-123.0498426",https://www.openstreetmap.org/?mlat=44.043402&mlon=-123.0498426#map=19/44.043402/-123.0498426
154,45.3689681,-122.7577654,10,"bridge, elevated, many_lanes",32226932,,I 5,4,65 mph,yes,,1,,,,,,,,"https://www.google.com/maps/@?api=1&map_action=pano&viewpoint=45.3689681,-122.7577654","https://www.google.com/maps/search/?api=1&query=45.3689681,-122.7577654",https://www.openstreetmap.org/?mlat=45.3689681&mlon=-122.7577654#map=19/45.3689681/-122.7577654
155,45.2799668,-122.7702099,10,"bridge, elevated, many_lanes",31847027,,I 5,4,65 mph,yes,,1,,,,,,,,"https://www.google.com/maps/@?api=1&map_action=pano&viewpoint=45.2799668,-122.7702099","https://www.google.com/maps/search/?api=1&query=45.2799668,-122.7702099",https://www.openstreetmap.org/?mlat=45.2799668&mlon=-122.7702099#map=19/45.2799668/-122.7702099
156,47.4186608,-121.4102193,10,"bridge, elevated, many_lanes",5159916,,I 90,4,65 mph,yes,,1,,,,,,,,"https://www.google.com/maps/@?api=1&map_action=pano&viewpoint=47.4186608,-121.4102193","https://www.google.com/maps/search/?api=1&query=47.4186608,-121.4102193",https://www.openstreetmap.org/?mlat=47.4186608&mlon=-121.4102193#map=19/47.4186608/-121.4102193
157,47.5645867,-122.0984875,10,"bridge, elevated, many_lanes",87656661,,I 90,4,60 mph,yes,,1,,,,,,,,"https://www.google.com/maps/@?api=1&map_action=pano&viewpoint=47.5645867,-122.0984875","https://www.google.com/maps/search/?api=1&query=47.5645867,-122.0984875",https://www.openstreetmap.org/?mlat=47.5645867&mlon=-122.0984875#map=19/47.5645867/-122.0984875
158,47.1589769,-122.4151381,10,"bridge, elevated",23690000,,SR 512,2,60 mph,yes,,2,,,,,,,,"https://www.google.com/maps/@?api=1&map_action=pano&viewpoint=47.1589769,-122.4151381","https://www.google.com/maps/search/?api=1&query=47.1589769,-122.4151381",https://www.openstreetmap.org/?mlat=47.1589769&mlon=-122.4151381#map=19/47.1589769/-122.4151381
159,46.2387036,-119.2435067,10,"bridge, elevated, many_lanes",27027321,,SR 240,4,,yes,,1,,,,,,,,"https://www.google.com/maps/@?api=1&map_action=pano&viewpoint=46.2387036,-119.2435067","https://www.google.com/maps/search/?api=1&query=46.2387036,-119.2435067",https://www.openstreetmap.org/?mlat=46.2387036&mlon=-119.2435067#map=19/46.2387036/-119.2435067
160,47.7773411,-122.3180645,10,"bridge, elevated, many_lanes",306193777,,I 5,4,60 mph,yes,,1,,,,,,,,"https://www.google.com/maps/@?api=1&map_action=pano&viewpoint=47.7773411,-122.3180645","https://www.google.com/maps/search/?api=1&query=47.7773411,-122.3180645",https://www.openstreetmap.org/?mlat=47.7773411&mlon=-122.3180645#map=19/47.7773411/-122.3180645
161,47.5089927,-121.8839305,10,"bridge, elevated",23746826,,I 90,3,70 mph,yes,,2,,,,,,,,"https://www.google.com/maps/@?api=1&map_action=pano&viewpoint=47.5089927,-121.8839305","https://www.google.com/maps/search/?api=1&query=47.5089927,-121.8839305",https://www.openstreetmap.org/?mlat=47.5089927&mlon=-121.8839305#map=19/47.5089927/-121.8839305
162,47.0897135,-122.636573,10,"bridge, elevated, many_lanes",23690916,,I 5,4,60 mph,yes,,1,,,,,,,,"https://www.google.com/maps/@?api=1&map_action=pano&viewpoint=47.0897135,-122.636573","https://www.google.com/maps/search/?api=1&query=47.0897135,-122.636573",https://www.openstreetmap.org/?mlat=47.0897135&mlon=-122.636573#map=19/47.0897135/-122.636573
163,47.1900147,-122.2829012,10,"bridge, elevated",992629371,,SR 161;SR 512,2,60 mph,yes,,2,,,,,,,,"https://www.google.com/maps/@?api=1&map_action=pano&viewpoint=47.1900147,-122.2829012","https://www.google.com/maps/search/?api=1&query=47.1900147,-122.2829012",https://www.openstreetmap.org/?mlat=47.1900147&mlon=-122.2829012#map=19/47.1900147/-122.2829012
164,45.5311274,-122.5976807,10,"cutting, moderate_speed_motorway, many_lanes",1008869216,Banfield Freeway,I 84;US 30,4,55 mph,,,,yes,,,,,,,"https://www.google.com/maps/@?api=1&map_action=pano&viewpoint=45.5311274,-122.5976807","https://www.google.com/maps/search/?api=1&query=45.5311274,-122.5976807",https://www.openstreetmap.org/?mlat=45.5311274&mlon=-122.5976807#map=19/45.5311274/-122.5976807
165,47.3578207,-122.1215901,10,"bridge, elevated",23747947,State Route 18,SR 18,2,60 mph,yes,,2,,,,,,,,"https://www.google.com/maps/@?api=1&map_action=pano&viewpoint=47.3578207,-122.1215901","https://www.google.com/maps/search/?api=1&query=47.3578207,-122.1215901",https://www.openstreetmap.org/?mlat=47.3578207&mlon=-122.1215901#map=19/47.3578207/-122.1215901
166,43.5733771,-116.2397444,10,"bridge, elevated, many_lanes",210727836,Vietnam Veterans Memorial Highway,I 84;US 30,4,65 mph,yes,,1,,,,,,,,"https://www.google.com/maps/@?api=1&map_action=pano&viewpoint=43.5733771,-116.2397444","https://www.google.com/maps/search/?api=1&query=43.5733771,-116.2397444",https://www.openstreetmap.org/?mlat=43.5733771&mlon=-116.2397444#map=19/43.5733771/-116.2397444
167,47.484104,-122.1963329,10,"bridge, elevated",157655308,,I 405,3,60 mph,yes,,2,,,,,,,,"https://www.google.com/maps/@?api=1&map_action=pano&viewpoint=47.484104,-122.1963329","https://www.google.com/maps/search/?api=1&query=47.484104,-122.1963329",https://www.openstreetmap.org/?mlat=47.484104&mlon=-122.1963329#map=19/47.484104/-122.1963329
168,45.5415878,-122.4775502,10,"bridge, elevated, many_lanes",30369855,Columbia River Highway,I 84;US 30,4,60 mph,yes,,1,,,,,,,,"https://www.google.com/maps/@?api=1&map_action=pano&viewpoint=45.5415878,-122.4775502","https://www.google.com/maps/search/?api=1&query=45.5415878,-122.4775502",https://www.openstreetmap.org/?mlat=45.5415878&mlon=-122.4775502#map=19/45.5415878/-122.4775502
169,47.5179119,-121.9240346,10,"bridge, elevated, many_lanes",37844997,,I 90,4,70 mph,yes,,1,,,,,,,,"https://www.google.com/maps/@?api=1&map_action=pano&viewpoint=47.5179119,-121.9240346","https://www.google.com/maps/search/?api=1&query=47.5179119,-121.9240346",https://www.openstreetmap.org/?mlat=47.5179119&mlon=-121.9240346#map=19/47.5179119/-121.9240346
170,43.5981268,-116.5433701,10,"bridge, elevated, many_lanes",475851580,Vietnam Veterans Memorial Highway,I 84;US 30;ID 55,4,65 mph,yes,,1,,,,,,,,"https://www.google.com/maps/@?api=1&map_action=pano&viewpoint=43.5981268,-116.5433701","https://www.google.com/maps/search/?api=1&query=43.5981268,-116.5433701",https://www.openstreetmap.org/?mlat=43.5981268&mlon=-116.5433701#map=19/43.5981268/-116.5433701
171,45.9273876,-122.7568964,10,"bridge, elevated",16308177,,I 5,3,70 mph,yes,,2,,,,,,,,"https://www.google.com/maps/@?api=1&map_action=pano&viewpoint=45.9273876,-122.7568964","https://www.google.com/maps/search/?api=1&query=45.9273876,-122.7568964",https://www.openstreetmap.org/?mlat=45.9273876&mlon=-122.7568964#map=19/45.9273876/-122.7568964
172,43.1687141,-123.366957,10,"bridge, elevated",34911881,,I 5,2,65 mph,yes,,2,,,,,,,,"https://www.google.com/maps/@?api=1&map_action=pano&viewpoint=43.1687141,-123.366957","https://www.google.com/maps/search/?api=1&query=43.1687141,-123.366957",https://www.openstreetmap.org/?mlat=43.1687141&mlon=-123.366957#map=19/43.1687141/-123.366957
173,47.0310542,-122.8929248,10,"bridge, elevated, many_lanes",23825624,,I 5,4,60 mph,yes,,1,,,,,,,,"https://www.google.com/maps/@?api=1&map_action=pano&viewpoint=47.0310542,-122.8929248","https://www.google.com/maps/search/?api=1&query=47.0310542,-122.8929248",https://www.openstreetmap.org/?mlat=47.0310542&mlon=-122.8929248#map=19/47.0310542/-122.8929248
174,43.5450243,-116.164551,10,"bridge, elevated, many_lanes",179204963,Vietnam Veterans Memorial Highway,I 84;US 20;US 26;US 30,4,80 mph,yes,,1,,,,,,,,"https://www.google.com/maps/@?api=1&map_action=pano&viewpoint=43.5450243,-116.164551","https://www.google.com/maps/search/?api=1&query=43.5450243,-116.164551",https://www.openstreetmap.org/?mlat=43.5450243&mlon=-116.164551#map=19/43.5450243/-116.164551
175,47.5407448,-122.0363621,10,"bridge, elevated, many_lanes",53247377,,I 90,4,60 mph,yes,,1,,,,,,,,"https://www.google.com/maps/@?api=1&map_action=pano&viewpoint=47.5407448,-122.0363621","https://www.google.com/maps/search/?api=1&query=47.5407448,-122.0363621",https://www.openstreetmap.org/?mlat=47.5407448&mlon=-122.0363621#map=19/47.5407448/-122.0363621
176,47.3224846,-121.3247002,9,tunnel,592331627,,I 90,3,65 mph,,yes,-1,,,,,,,,"https://www.google.com/maps/@?api=1&map_action=pano&viewpoint=47.3224846,-121.3247002","https://www.google.com/maps/search/?api=1&query=47.3224846,-121.3247002",https://www.openstreetmap.org/?mlat=47.3224846&mlon=-121.3247002#map=19/47.3224846/-121.3247002
177,47.4169797,-122.2973835,9,tunnel,1424468891,State Route 509 Spur,SR 509 Spur,2,,,yes,-1,,,,,,,,"https://www.google.com/maps/@?api=1&map_action=pano&viewpoint=47.4169797,-122.2973835","https://www.google.com/maps/search/?api=1&query=47.4169797,-122.2973835",https://www.openstreetmap.org/?mlat=47.4169797&mlon=-122.2973835#map=19/47.4169797/-122.2973835
178,45.6378867,-121.937096,9,tunnel,91300558,Toothrock Tunnel,I 84;US 30,2,65 mph,,yes,-1,,,,,,,,"https://www.google.com/maps/@?api=1&map_action=pano&viewpoint=45.6378867,-121.937096","https://www.google.com/maps/search/?api=1&query=45.6378867,-121.937096",https://www.openstreetmap.org/?mlat=45.6378867&mlon=-121.937096#map=19/45.6378867/-121.937096
179,48.9715919,-122.7193821,8,"bridge, elevated",32191088,,I 5,2,70 mph,yes,,1,,,,,,,,"https://www.google.com/maps/@?api=1&map_action=pano&viewpoint=48.9715919,-122.7193821","https://www.google.com/maps/search/?api=1&query=48.9715919,-122.7193821",https://www.openstreetmap.org/?mlat=48.9715919&mlon=-122.7193821#map=19/48.9715919/-122.7193821
180,42.9921483,-123.3263966,8,"bridge, elevated",34910329,,I 5,2,65 mph,yes,,1,,,,,,,,"https://www.google.com/maps/@?api=1&map_action=pano&viewpoint=42.9921483,-123.3263966","https://www.google.com/maps/search/?api=1&query=42.9921483,-123.3263966",https://www.openstreetmap.org/?mlat=42.9921483&mlon=-123.3263966#map=19/42.9921483/-123.3263966
181,44.7306186,-123.053138,8,"bridge, elevated",34928458,,I 5;OR 99E,2,65 mph,yes,,1,,,,,,,,"https://www.google.com/maps/@?api=1&map_action=pano&viewpoint=44.7306186,-123.053138","https://www.google.com/maps/search/?api=1&query=44.7306186,-123.053138",https://www.openstreetmap.org/?mlat=44.7306186&mlon=-123.053138#map=19/44.7306186/-123.053138
182,47.4430379,-121.66791,8,"bridge, elevated",25613867,,I 90,3,70 mph,yes,,1,,,,,,,,"https://www.google.com/maps/@?api=1&map_action=pano&viewpoint=47.4430379,-121.66791","https://www.google.com/maps/search/?api=1&query=47.4430379,-121.66791",https://www.openstreetmap.org/?mlat=47.4430379&mlon=-121.66791#map=19/47.4430379/-121.66791
183,44.0979289,-117.0364633,8,"bridge, elevated",92363286,Old Oregon Trail Highway,I 84;US 30,2,,yes,,1,,,,,,,,"https://www.google.com/maps/@?api=1&map_action=pano&viewpoint=44.0979289,-117.0364633","https://www.google.com/maps/search/?api=1&query=44.0979289,-117.0364633",https://www.openstreetmap.org/?mlat=44.0979289&mlon=-117.0364633#map=19/44.0979289/-117.0364633
184,46.6506902,-122.9690678,8,"bridge, elevated",35005988,,I 5;US 12,2,60 mph,yes,,1,,,,,,,,"https://www.google.com/maps/@?api=1&map_action=pano&viewpoint=46.6506902,-122.9690678","https://www.google.com/maps/search/?api=1&query=46.6506902,-122.9690678",https://www.openstreetmap.org/?mlat=46.6506902&mlon=-122.9690678#map=19/46.6506902/-122.9690678
185,47.0566738,-123.0129589,8,"bridge, elevated",286200290,,SR 8,2,,yes,,1,,,,,,,,"https://www.google.com/maps/@?api=1&map_action=pano&viewpoint=47.0566738,-123.0129589","https://www.google.com/maps/search/?api=1&query=47.0566738,-123.0129589",https://www.openstreetmap.org/?mlat=47.0566738&mlon=-123.0129589#map=19/47.0566738/-123.0129589
186,48.7575846,-122.4617973,8,"bridge, elevated",23283326,,I 5,2,60 mph,yes,,1,,,,,,,,"https://www.google.com/maps/@?api=1&map_action=pano&viewpoint=48.7575846,-122.4617973","https://www.google.com/maps/search/?api=1&query=48.7575846,-122.4617973",https://www.openstreetmap.org/?mlat=48.7575846&mlon=-122.4617973#map=19/48.7575846/-122.4617973
187,47.4302734,-121.6350001,8,"bridge, elevated",25613869,,I 90,3,70 mph,yes,,1,,,,,,,,"https://www.google.com/maps/@?api=1&map_action=pano&viewpoint=47.4302734,-121.6350001","https://www.google.com/maps/search/?api=1&query=47.4302734,-121.6350001",https://www.openstreetmap.org/?mlat=47.4302734&mlon=-121.6350001#map=19/47.4302734/-121.6350001
188,47.5110707,-122.652315,8,"bridge, elevated",39869518,,SR 16,2,60 mph,yes,,1,,,,,,,,"https://www.google.com/maps/@?api=1&map_action=pano&viewpoint=47.5110707,-122.652315","https://www.google.com/maps/search/?api=1&query=47.5110707,-122.652315",https://www.openstreetmap.org/?mlat=47.5110707&mlon=-122.652315#map=19/47.5110707/-122.652315
189,46.0698185,-118.352655,8,"bridge, elevated",76091997,,US 12,2,60 mph,yes,,1,,,,,,,,"https://www.google.com/maps/@?api=1&map_action=pano&viewpoint=46.0698185,-118.352655","https://www.google.com/maps/search/?api=1&query=46.0698185,-118.352655",https://www.openstreetmap.org/?mlat=46.0698185&mlon=-118.352655#map=19/46.0698185/-118.352655
190,43.1989729,-123.3594776,8,"bridge, elevated",34712737,,I 5,2,65 mph,yes,,1,,,,,,,,"https://www.google.com/maps/@?api=1&map_action=pano&viewpoint=43.1989729,-123.3594776","https://www.google.com/maps/search/?api=1&query=43.1989729,-123.3594776",https://www.openstreetmap.org/?mlat=43.1989729&mlon=-123.3594776#map=19/43.1989729/-123.3594776
191,48.4360466,-122.3410368,8,"bridge, elevated",35136504,,I 5,2,70 mph,yes,,1,,,,,,,,"https://www.google.com/maps/@?api=1&map_action=pano&viewpoint=48.4360466,-122.3410368","https://www.google.com/maps/search/?api=1&query=48.4360466,-122.3410368",https://www.openstreetmap.org/?mlat=48.4360466&mlon=-122.3410368#map=19/48.4360466/-122.3410368
192,44.3068115,-123.0612202,8,"bridge, elevated",34917349,,I 5,2,65 mph,yes,,1,,,,,,,,"https://www.google.com/maps/@?api=1&map_action=pano&viewpoint=44.3068115,-123.0612202","https://www.google.com/maps/search/?api=1&query=44.3068115,-123.0612202",https://www.openstreetmap.org/?mlat=44.3068115&mlon=-123.0612202#map=19/44.3068115/-123.0612202
193,47.5320897,-122.1969872,8,"bridge, elevated",1207940801,,I 405,3,60 mph,yes,,1,,,,,,,,"https://www.google.com/maps/@?api=1&map_action=pano&viewpoint=47.5320897,-122.1969872","https://www.google.com/maps/search/?api=1&query=47.5320897,-122.1969872",https://www.openstreetmap.org/?mlat=47.5320897&mlon=-122.1969872#map=19/47.5320897/-122.1969872
194,43.6480781,-116.6500347,8,"bridge, elevated",161679750,,I 84;US 30,3,65 mph,yes,,1,,,,,,,,"https://www.google.com/maps/@?api=1&map_action=pano&viewpoint=43.6480781,-116.6500347","https://www.google.com/maps/search/?api=1&query=43.6480781,-116.6500347",https://www.openstreetmap.org/?mlat=43.6480781&mlon=-116.6500347#map=19/43.6480781/-116.6500347
195,43.5347491,-123.2944059,8,"bridge, elevated",34772027,,I 5;OR 99,2,65 mph,yes,,1,,,,,,,,"https://www.google.com/maps/@?api=1&map_action=pano&viewpoint=43.5347491,-123.2944059","https://www.google.com/maps/search/?api=1&query=43.5347491,-123.2944059",https://www.openstreetmap.org/?mlat=43.5347491&mlon=-123.2944059#map=19/43.5347491/-123.2944059
196,44.783182,-117.8105504,8,"bridge, elevated",91534557,Old Oregon Trail Highway,I 84,2,,yes,,1,,,,,,,,"https://www.google.com/maps/@?api=1&map_action=pano&viewpoint=44.783182,-117.8105504","https://www.google.com/maps/search/?api=1&query=44.783182,-117.8105504",https://www.openstreetmap.org/?mlat=44.783182&mlon=-117.8105504#map=19/44.783182/-117.8105504
197,45.5827028,-118.589821,8,"bridge, elevated",88975651,Old Oregon Trail Highway,I 84;US 30,2,70 mph,yes,,1,,,,,,,,"https://www.google.com/maps/@?api=1&map_action=pano&viewpoint=45.5827028,-118.589821","https://www.google.com/maps/search/?api=1&query=45.5827028,-118.589821",https://www.openstreetmap.org/?mlat=45.5827028&mlon=-118.589821#map=19/45.5827028/-118.589821
198,43.7866298,-123.0537656,8,"bridge, elevated",34914055,,I 5,2,65 mph,yes,,1,,,,,,,,"https://www.google.com/maps/@?api=1&map_action=pano&viewpoint=43.7866298,-123.0537656","https://www.google.com/maps/search/?api=1&query=43.7866298,-123.0537656",https://www.openstreetmap.org/?mlat=43.7866298&mlon=-123.0537656#map=19/43.7866298/-123.0537656
199,47.3479915,-122.1384843,8,"bridge, elevated",23748927,State Route 18,SR 18,2,60 mph,yes,,1,,,,,,,,"https://www.google.com/maps/@?api=1&map_action=pano&viewpoint=47.3479915,-122.1384843","https://www.google.com/maps/search/?api=1&query=47.3479915,-122.1384843",https://www.openstreetmap.org/?mlat=47.3479915&mlon=-122.1384843#map=19/47.3479915/-122.1384843
200,46.7975837,-123.0098514,8,"bridge, elevated",69196134,,I 5;US 12,3,70 mph,yes,,1,,,,,,,,"https://www.google.com/maps/@?api=1&map_action=pano&viewpoint=46.7975837,-123.0098514","https://www.google.com/maps/search/?api=1&query=46.7975837,-123.0098514",https://www.openstreetmap.org/?mlat=46.7975837&mlon=-123.0098514#map=19/46.7975837/-123.0098514
201,48.5151137,-122.3435312,8,"bridge, elevated",32259223,,I 5,2,70 mph,yes,,1,,,,,,,,"https://www.google.com/maps/@?api=1&map_action=pano&viewpoint=48.5151137,-122.3435312","https://www.google.com/maps/search/?api=1&query=48.5151137,-122.3435312",https://www.openstreetmap.org/?mlat=48.5151137&mlon=-122.3435312#map=19/48.5151137/-122.3435312
202,46.2180022,-119.7482307,8,"bridge, elevated",28540756,,I 82;US 12,2,70 mph,yes,,1,,,,,,,,"https://www.google.com/maps/@?api=1&map_action=pano&viewpoint=46.2180022,-119.7482307","https://www.google.com/maps/search/?api=1&query=46.2180022,-119.7482307",https://www.openstreetmap.org/?mlat=46.2180022&mlon=-119.7482307#map=19/46.2180022/-119.7482307
203,45.6764299,-121.2794186,8,"bridge, elevated",91186257,Columbia River Highway,I 84,2,,yes,,1,,,,,,,,"https://www.google.com/maps/@?api=1&map_action=pano&viewpoint=45.6764299,-121.2794186","https://www.google.com/maps/search/?api=1&query=45.6764299,-121.2794186",https://www.openstreetmap.org/?mlat=45.6764299&mlon=-121.2794186#map=19/45.6764299/-121.2794186
204,45.8893657,-122.7330163,8,"bridge, elevated",34951665,,I 5,3,70 mph,yes,,1,,,,,,,,"https://www.google.com/maps/@?api=1&map_action=pano&viewpoint=45.8893657,-122.7330163","https://www.google.com/maps/search/?api=1&query=45.8893657,-122.7330163",https://www.openstreetmap.org/?mlat=45.8893657&mlon=-122.7330163#map=19/45.8893657/-122.7330163
205,44.4734157,-123.061762,8,"bridge, elevated",34921817,,I 5,2,65 mph,yes,,1,,,,,,,,"https://www.google.com/maps/@?api=1&map_action=pano&viewpoint=44.4734157,-123.061762","https://www.google.com/maps/search/?api=1&query=44.4734157,-123.061762",https://www.openstreetmap.org/?mlat=44.4734157&mlon=-123.061762#map=19/44.4734157/-123.061762
206,44.0753623,-117.0055936,8,"bridge, elevated",92363770,Old Oregon Trail Highway,I 84;US 30,2,,yes,,1,,,,,,,,"https://www.google.com/maps/@?api=1&map_action=pano&viewpoint=44.0753623,-117.0055936","https://www.google.com/maps/search/?api=1&query=44.0753623,-117.0055936",https://www.openstreetmap.org/?mlat=44.0753623&mlon=-117.0055936#map=19/44.0753623/-117.0055936
207,47.7571127,-117.3630649,8,"bridge, elevated",172992360,North Spokane Corridor,US 395 Future,3,60 mph,yes,,1,,,,,,,,"https://www.google.com/maps/@?api=1&map_action=pano&viewpoint=47.7571127,-117.3630649","https://www.google.com/maps/search/?api=1&query=47.7571127,-117.3630649",https://www.openstreetmap.org/?mlat=47.7571127&mlon=-117.3630649#map=19/47.7571127/-117.3630649
208,42.2582995,-122.7894593,8,"bridge, elevated",35139874,,I 5,2,65 mph,yes,,1,,,,,,,,"https://www.google.com/maps/@?api=1&map_action=pano&viewpoint=42.2582995,-122.7894593","https://www.google.com/maps/search/?api=1&query=42.2582995,-122.7894593",https://www.openstreetmap.org/?mlat=42.2582995&mlon=-122.7894593#map=19/42.2582995/-122.7894593
209,47.0864122,-118.7649149,8,"bridge, elevated",37763086,,I 90,2,70 mph,yes,,1,,,,,,,,"https://www.google.com/maps/@?api=1&map_action=pano&viewpoint=47.0864122,-118.7649149","https://www.google.com/maps/search/?api=1&query=47.0864122,-118.7649149",https://www.openstreetmap.org/?mlat=47.0864122&mlon=-118.7649149#map=19/47.0864122/-118.7649149
210,42.4975358,-123.3628881,8,"bridge, elevated",34418648,,I 5;OR 99,2,65 mph,yes,,1,,,,,,,,"https://www.google.com/maps/@?api=1&map_action=pano&viewpoint=42.4975358,-123.3628881","https://www.google.com/maps/search/?api=1&query=42.4975358,-123.3628881",https://www.openstreetmap.org/?mlat=42.4975358&mlon=-123.3628881#map=19/42.4975358/-123.3628881
211,45.7639761,-119.2111107,8,"bridge, elevated",27277058,Old Oregon Trail Highway,I 84;US 30,2,65 mph,yes,,1,,,,,,,,"https://www.google.com/maps/@?api=1&map_action=pano&viewpoint=45.7639761,-119.2111107","https://www.google.com/maps/search/?api=1&query=45.7639761,-119.2111107",https://www.openstreetmap.org/?mlat=45.7639761&mlon=-119.2111107#map=19/45.7639761/-119.2111107
212,47.5399294,-116.1240081,8,"bridge, elevated",125392607,,I 90,2,75 mph,yes,,1,,,,,,,,"https://www.google.com/maps/@?api=1&map_action=pano&viewpoint=47.5399294,-116.1240081","https://www.google.com/maps/search/?api=1&query=47.5399294,-116.1240081",https://www.openstreetmap.org/?mlat=47.5399294&mlon=-116.1240081#map=19/47.5399294/-116.1240081
213,42.9243107,-123.2790296,8,"bridge, elevated",88762579,,I 5;OR 99,2,65 mph,yes,,1,,,,,,,,"https://www.google.com/maps/@?api=1&map_action=pano&viewpoint=42.9243107,-123.2790296","https://www.google.com/maps/search/?api=1&query=42.9243107,-123.2790296",https://www.openstreetmap.org/?mlat=42.9243107&mlon=-123.2790296#map=19/42.9243107/-123.2790296
214,46.0539197,-118.5237467,8,"bridge, elevated",1107005310,,US 12,2,70 mph,yes,,1,,,,,,,,"https://www.google.com/maps/@?api=1&map_action=pano&viewpoint=46.0539197,-118.5237467","https://www.google.com/maps/search/?api=1&query=46.0539197,-118.5237467",https://www.openstreetmap.org/?mlat=46.0539197&mlon=-118.5237467#map=19/46.0539197/-118.5237467
215,44.5864345,-117.4616324,8,"bridge, elevated",91536052,Old Oregon Trail Highway,I 84;US 30,2,,yes,,1,,,,,,,,"https://www.google.com/maps/@?api=1&map_action=pano&viewpoint=44.5864345,-117.4616324","https://www.google.com/maps/search/?api=1&query=44.5864345,-117.4616324",https://www.openstreetmap.org/?mlat=44.5864345&mlon=-117.4616324#map=19/44.5864345/-117.4616324
216,44.0894135,-123.0462976,8,"bridge, elevated",34916906,,I 5,2,60 mph,yes,,1,,,,,,,,"https://www.google.com/maps/@?api=1&map_action=pano&viewpoint=44.0894135,-123.0462976","https://www.google.com/maps/search/?api=1&query=44.0894135,-123.0462976",https://www.openstreetmap.org/?mlat=44.0894135&mlon=-123.0462976#map=19/44.0894135/-123.0462976
217,45.6448153,-120.9858648,8,"bridge, elevated",118729831,Columbia River Highway,I 84;US 30,2,70 mph,yes,,1,,,,,,,,"https://www.google.com/maps/@?api=1&map_action=pano&viewpoint=45.6448153,-120.9858648","https://www.google.com/maps/search/?api=1&query=45.6448153,-120.9858648",https://www.openstreetmap.org/?mlat=45.6448153&mlon=-120.9858648#map=19/45.6448153/-120.9858648
218,43.7519596,-123.1080299,8,"bridge, elevated",34913860,,I 5,2,65 mph,yes,,1,,,,,,,,"https://www.google.com/maps/@?api=1&map_action=pano&viewpoint=43.7519596,-123.1080299","https://www.google.com/maps/search/?api=1&query=43.7519596,-123.1080299",https://www.openstreetmap.org/?mlat=43.7519596&mlon=-123.1080299#map=19/43.7519596/-123.1080299
219,46.1573663,-122.9020294,8,"bridge, elevated",34952511,,I 5,3,70 mph,yes,,1,,,,,,,,"https://www.google.com/maps/@?api=1&map_action=pano&viewpoint=46.1573663,-122.9020294","https://www.google.com/maps/search/?api=1&query=46.1573663,-122.9020294",https://www.openstreetmap.org/?mlat=46.1573663&mlon=-122.9020294#map=19/46.1573663/-122.9020294
220,47.3029969,-122.2568845,8,"bridge, elevated",23741939,State Route 18,SR 18,3,60 mph,yes,,1,,,,,,,,"https://www.google.com/maps/@?api=1&map_action=pano&viewpoint=47.3029969,-122.2568845","https://www.google.com/maps/search/?api=1&query=47.3029969,-122.2568845",https://www.openstreetmap.org/?mlat=47.3029969&mlon=-122.2568845#map=19/47.3029969/-122.2568845
221,46.0543787,-118.6704875,8,"bridge, elevated",1107005331,,US 12,2,70 mph,yes,,1,,,,,,,,"https://www.google.com/maps/@?api=1&map_action=pano&viewpoint=46.0543787,-118.6704875","https://www.google.com/maps/search/?api=1&query=46.0543787,-118.6704875",https://www.openstreetmap.org/?mlat=46.0543787&mlon=-118.6704875#map=19/46.0543787/-118.6704875
222,45.5396639,-122.4563464,8,"bridge, elevated",41889182,Columbia River Highway,I 84;US 30,3,60 mph,yes,,1,,,,,,,,"https://www.google.com/maps/@?api=1&map_action=pano&viewpoint=45.5396639,-122.4563464","https://www.google.com/maps/search/?api=1&query=45.5396639,-122.4563464",https://www.openstreetmap.org/?mlat=45.5396639&mlon=-122.4563464#map=19/45.5396639/-122.4563464
223,47.2391394,-121.1765728,8,"bridge, elevated",60825946,,I 90,3,70 mph,yes,,1,,,,,,,,"https://www.google.com/maps/@?api=1&map_action=pano&viewpoint=47.2391394,-121.1765728","https://www.google.com/maps/search/?api=1&query=47.2391394,-121.1765728",https://www.openstreetmap.org/?mlat=47.2391394&mlon=-121.1765728#map=19/47.2391394/-121.1765728
224,47.0211201,-119.9437568,8,"bridge, elevated",37221864,,I 90,2,70 mph,yes,,1,,,,,,,,"https://www.google.com/maps/@?api=1&map_action=pano&viewpoint=47.0211201,-119.9437568","https://www.google.com/maps/search/?api=1&query=47.0211201,-119.9437568",https://www.openstreetmap.org/?mlat=47.0211201&mlon=-119.9437568#map=19/47.0211201/-119.9437568
225,47.654013,-117.3753344,8,"bridge, elevated",178672290,,I 90,3,60 mph,yes,,1,,,,,,,,"https://www.google.com/maps/@?api=1&map_action=pano&viewpoint=47.654013,-117.3753344","https://www.google.com/maps/search/?api=1&query=47.654013,-117.3753344",https://www.openstreetmap.org/?mlat=47.654013&mlon=-117.3753344#map=19/47.654013/-117.3753344
226,46.2529245,-119.4852417,8,"bridge, elevated",28490752,,I 82;US 12,2,70 mph,yes,,1,,,,,,,,"https://www.google.com/maps/@?api=1&map_action=pano&viewpoint=46.2529245,-119.4852417","https://www.google.com/maps/search/?api=1&query=46.2529245,-119.4852417",https://www.openstreetmap.org/?mlat=46.2529245&mlon=-119.4852417#map=19/46.2529245/-119.4852417
227,47.5317246,-116.0921357,8,"bridge, elevated",149662979,,I 90,2,75 mph,yes,,1,,,,,,,,"https://www.google.com/maps/@?api=1&map_action=pano&viewpoint=47.5317246,-116.0921357","https://www.google.com/maps/search/?api=1&query=47.5317246,-116.0921357",https://www.openstreetmap.org/?mlat=47.5317246&mlon=-116.0921357#map=19/47.5317246/-116.0921357
228,47.0817446,-120.7347894,8,"bridge, elevated",36939216,,I 90,2,70 mph,yes,,1,,,,,,,,"https://www.google.com/maps/@?api=1&map_action=pano&viewpoint=47.0817446,-120.7347894","https://www.google.com/maps/search/?api=1&query=47.0817446,-120.7347894",https://www.openstreetmap.org/?mlat=47.0817446&mlon=-120.7347894#map=19/47.0817446/-120.7347894
229,46.6231489,-120.5610273,8,"bridge, elevated",69810836,,US 12,2,60 mph,yes,,1,,,,,,,,"https://www.google.com/maps/@?api=1&map_action=pano&viewpoint=46.6231489,-120.5610273","https://www.google.com/maps/search/?api=1&query=46.6231489,-120.5610273",https://www.openstreetmap.org/?mlat=46.6231489&mlon=-120.5610273#map=19/46.6231489/-120.5610273
230,47.7215173,-117.3576654,8,"bridge, elevated",121283010,North Spokane Corridor,Future US 395,3,60 mph,yes,,1,,,,,,,,"https://www.google.com/maps/@?api=1&map_action=pano&viewpoint=47.7215173,-117.3576654","https://www.google.com/maps/search/?api=1&query=47.7215173,-117.3576654",https://www.openstreetmap.org/?mlat=47.7215173&mlon=-117.3576654#map=19/47.7215173/-117.3576654
231,46.0547485,-118.7074609,8,"bridge, elevated",1107005326,,US 12,2,70 mph,yes,,1,,,,,,,,"https://www.google.com/maps/@?api=1&map_action=pano&viewpoint=46.0547485,-118.7074609","https://www.google.com/maps/search/?api=1&query=46.0547485,-118.7074609",https://www.openstreetmap.org/?mlat=46.0547485&mlon=-118.7074609#map=19/46.0547485/-118.7074609
232,46.2622912,-119.8915562,8,"bridge, elevated",28610149,,I 82;US 12,2,70 mph,yes,,1,,,,,,,,"https://www.google.com/maps/@?api=1&map_action=pano&viewpoint=46.2622912,-119.8915562","https://www.google.com/maps/search/?api=1&query=46.2622912,-119.8915562",https://www.openstreetmap.org/?mlat=46.2622912&mlon=-119.8915562#map=19/46.2622912/-119.8915562
233,47.6477112,-117.4490872,8,"bridge, elevated",456138704,,I 90;US 2;US 395,3,60 mph,yes,,1,,,,,,,,"https://www.google.com/maps/@?api=1&map_action=pano&viewpoint=47.6477112,-117.4490872","https://www.google.com/maps/search/?api=1&query=47.6477112,-117.4490872",https://www.openstreetmap.org/?mlat=47.6477112&mlon=-117.4490872#map=19/47.6477112/-117.4490872
234,42.7808209,-123.2732897,8,"bridge, elevated",34909792,,I 5;OR 99,2,65 mph,yes,,1,,,,,,,,"https://www.google.com/maps/@?api=1&map_action=pano&viewpoint=42.7808209,-123.2732897","https://www.google.com/maps/search/?api=1&query=42.7808209,-123.2732897",https://www.openstreetmap.org/?mlat=42.7808209&mlon=-123.2732897#map=19/42.7808209/-123.2732897
235,45.2675718,-118.027111,8,"bridge, elevated",1417446718,Old Oregon Trail Highway,I 84;US 30,2,70 mph,yes,,1,,,,,,,,"https://www.google.com/maps/@?api=1&map_action=pano&viewpoint=45.2675718,-118.027111","https://www.google.com/maps/search/?api=1&query=45.2675718,-118.027111",https://www.openstreetmap.org/?mlat=45.2675718&mlon=-118.027111#map=19/45.2675718/-118.027111
236,47.5331161,-121.9582119,8,"bridge, elevated",793288756,,I 90,3,70 mph,yes,,1,,,,,,,,"https://www.google.com/maps/@?api=1&map_action=pano&viewpoint=47.5331161,-121.9582119","https://www.google.com/maps/search/?api=1&query=47.5331161,-121.9582119",https://www.openstreetmap.org/?mlat=47.5331161&mlon=-121.9582119#map=19/47.5331161/-121.9582119
237,46.8971396,-122.9605513,8,"bridge, elevated",23921801,,I 5,3,70 mph,yes,,1,,,,,,,,"https://www.google.com/maps/@?api=1&map_action=pano&viewpoint=46.8971396,-122.9605513","https://www.google.com/maps/search/?api=1&query=46.8971396,-122.9605513",https://www.openstreetmap.org/?mlat=46.8971396&mlon=-122.9605513#map=19/46.8971396/-122.9605513
238,47.6009378,-122.7053653,8,"bridge, elevated",1510712466,State Highway 3 Northwest,SR 3,2,60 mph,yes,,1,,,,,,,,"https://www.google.com/maps/@?api=1&map_action=pano&viewpoint=47.6009378,-122.7053653","https://www.google.com/maps/search/?api=1&query=47.6009378,-122.7053653",https://www.openstreetmap.org/?mlat=47.6009378&mlon=-122.7053653#map=19/47.6009378/-122.7053653
239,48.6489079,-122.3658946,8,"bridge, elevated",32252446,,I 5,2,70 mph,yes,,1,,,,,,,,"https://www.google.com/maps/@?api=1&map_action=pano&viewpoint=48.6489079,-122.3658946","https://www.google.com/maps/search/?api=1&query=48.6489079,-122.3658946",https://www.openstreetmap.org/?mlat=48.6489079&mlon=-122.3658946#map=19/48.6489079/-122.3658946
240,48.4614846,-123.4661968,8,"bridge, elevated",4803946,Trans-Canada Highway,1,3,90,yes,,1,,,,,,,,"https://www.google.com/maps/@?api=1&map_action=pano&viewpoint=48.4614846,-123.4661968","https://www.google.com/maps/search/?api=1&query=48.4614846,-123.4661968",https://www.openstreetmap.org/?mlat=48.4614846&mlon=-123.4661968#map=19/48.4614846/-123.4661968
241,45.6775121,-121.8563596,8,"bridge, elevated",453213633,Columbia River Highway,I 84;US 30,2,65 mph,yes,,1,,,yes,,,,,"https://www.google.com/maps/@?api=1&map_action=pano&viewpoint=45.6775121,-121.8563596","https://www.google.com/maps/search/?api=1&query=45.6775121,-121.8563596",https://www.openstreetmap.org/?mlat=45.6775121&mlon=-121.8563596#map=19/45.6775121/-121.8563596
242,44.9824435,-117.8904958,8,"bridge, elevated",221962465,Old Oregon Trail Highway,I 84,2,,yes,,1,,,,,,,,"https://www.google.com/maps/@?api=1&map_action=pano&viewpoint=44.9824435,-117.8904958","https://www.google.com/maps/search/?api=1&query=44.9824435,-117.8904958",https://www.openstreetmap.org/?mlat=44.9824435&mlon=-117.8904958#map=19/44.9824435/-117.8904958
243,43.8841016,-123.0136596,8,"bridge, elevated",1126386020,,I 5,2,65 mph,yes,,1,,,both,,,,,"https://www.google.com/maps/@?api=1&map_action=pano&viewpoint=43.8841016,-123.0136596","https://www.google.com/maps/search/?api=1&query=43.8841016,-123.0136596",https://www.openstreetmap.org/?mlat=43.8841016&mlon=-123.0136596#map=19/43.8841016/-123.0136596
244,47.0942698,-119.193278,8,"bridge, elevated",37749367,,I 90,2,70 mph,yes,,1,,,,,,,,"https://www.google.com/maps/@?api=1&map_action=pano&viewpoint=47.0942698,-119.193278","https://www.google.com/maps/search/?api=1&query=47.0942698,-119.193278",https://www.openstreetmap.org/?mlat=47.0942698&mlon=-119.193278#map=19/47.0942698/-119.193278
245,42.9478358,-123.3193123,8,"bridge, elevated",34910087,,I 5;OR 99,2,65 mph,yes,,1,,,,,,,,"https://www.google.com/maps/@?api=1&map_action=pano&viewpoint=42.9478358,-123.3193123","https://www.google.com/maps/search/?api=1&query=42.9478358,-123.3193123",https://www.openstreetmap.org/?mlat=42.9478358&mlon=-123.3193123#map=19/42.9478358/-123.3193123
246,47.0872376,-118.9189877,8,"bridge, elevated",37750943,,I 90,2,70 mph,yes,,1,,,,,,,,"https://www.google.com/maps/@?api=1&map_action=pano&viewpoint=47.0872376,-118.9189877","https://www.google.com/maps/search/?api=1&query=47.0872376,-118.9189877",https://www.openstreetmap.org/?mlat=47.0872376&mlon=-118.9189877#map=19/47.0872376/-118.9189877
247,44.9896723,-122.9979243,8,"bridge, elevated",30266764,,I 5,3,60 mph,yes,,1,,,right,,,,,"https://www.google.com/maps/@?api=1&map_action=pano&viewpoint=44.9896723,-122.9979243","https://www.google.com/maps/search/?api=1&query=44.9896723,-122.9979243",https://www.openstreetmap.org/?mlat=44.9896723&mlon=-122.9979243#map=19/44.9896723/-122.9979243
248,48.7826063,-122.4856567,8,"bridge, elevated",32200444,,I 5,3,60 mph,yes,,1,,,,,,,,"https://www.google.com/maps/@?api=1&map_action=pano&viewpoint=48.7826063,-122.4856567","https://www.google.com/maps/search/?api=1&query=48.7826063,-122.4856567",https://www.openstreetmap.org/?mlat=48.7826063&mlon=-122.4856567#map=19/48.7826063/-122.4856567
249,42.4105002,-122.9542173,8,"bridge, elevated",34129914,,I 5;OR 99,2,65 mph,yes,,1,,,,,,,,"https://www.google.com/maps/@?api=1&map_action=pano&viewpoint=42.4105002,-122.9542173","https://www.google.com/maps/search/?api=1&query=42.4105002,-122.9542173",https://www.openstreetmap.org/?mlat=42.4105002&mlon=-122.9542173#map=19/42.4105002/-122.9542173
250,43.7655575,-123.0723391,8,"bridge, elevated",34856548,,I 5,2,65 mph,yes,,1,,,,,,,,"https://www.google.com/maps/@?api=1&map_action=pano&viewpoint=43.7655575,-123.0723391","https://www.google.com/maps/search/?api=1&query=43.7655575,-123.0723391",https://www.openstreetmap.org/?mlat=43.7655575&mlon=-123.0723391#map=19/43.7655575/-123.0723391
251,46.0605305,-118.5888737,8,"bridge, elevated",1107005319,,US 12,2,70 mph,yes,,1,,,,,,,,"https://www.google.com/maps/@?api=1&map_action=pano&viewpoint=46.0605305,-118.5888737","https://www.google.com/maps/search/?api=1&query=46.0605305,-118.5888737",https://www.openstreetmap.org/?mlat=46.0605305&mlon=-118.5888737#map=19/46.0605305/-118.5888737
252,45.7959446,-120.0161983,8,"bridge, elevated",71493639,Columbia River Highway,I 84;US 30,2,70 mph,yes,,1,,,,,,,,"https://www.google.com/maps/@?api=1&map_action=pano&viewpoint=45.7959446,-120.0161983","https://www.google.com/maps/search/?api=1&query=45.7959446,-120.0161983",https://www.openstreetmap.org/?mlat=45.7959446&mlon=-120.0161983#map=19/45.7959446/-120.0161983
253,45.6982372,-120.7302417,8,"bridge, elevated",37546781,Columbia River Highway,I 84;US 30,2,70 mph,yes,,1,,,,,,,,"https://www.google.com/maps/@?api=1&map_action=pano&viewpoint=45.6982372,-120.7302417","https://www.google.com/maps/search/?api=1&query=45.6982372,-120.7302417",https://www.openstreetmap.org/?mlat=45.6982372&mlon=-120.7302417#map=19/45.6982372/-120.7302417
254,47.1803893,-120.8969494,8,"bridge, elevated",39132626,,I 90,2,70 mph,yes,,1,,,,,,,,"https://www.google.com/maps/@?api=1&map_action=pano&viewpoint=47.1803893,-120.8969494","https://www.google.com/maps/search/?api=1&query=47.1803893,-120.8969494",https://www.openstreetmap.org/?mlat=47.1803893&mlon=-120.8969494#map=19/47.1803893/-120.8969494
255,46.0839324,-118.2837992,8,"bridge, elevated",147553433,,US 12,2,60 mph,yes,,1,,,,,,,,"https://www.google.com/maps/@?api=1&map_action=pano&viewpoint=46.0839324,-118.2837992","https://www.google.com/maps/search/?api=1&query=46.0839324,-118.2837992",https://www.openstreetmap.org/?mlat=46.0839324&mlon=-118.2837992#map=19/46.0839324/-118.2837992
256,43.3861024,-123.3378921,8,"bridge, elevated",34912916,,I 5,2,65 mph,yes,,1,,,,,,,,"https://www.google.com/maps/@?api=1&map_action=pano&viewpoint=43.3861024,-123.3378921","https://www.google.com/maps/search/?api=1&query=43.3861024,-123.3378921",https://www.openstreetmap.org/?mlat=43.3861024&mlon=-123.3378921#map=19/43.3861024/-123.3378921
257,45.0435862,-117.9353157,8,"bridge, elevated",1418839191,Old Oregon Trail Highway,I 84;US 30,2,70 mph,yes,,1,,,,,,,,"https://www.google.com/maps/@?api=1&map_action=pano&viewpoint=45.0435862,-117.9353157","https://www.google.com/maps/search/?api=1&query=45.0435862,-117.9353157",https://www.openstreetmap.org/?mlat=45.0435862&mlon=-117.9353157#map=19/45.0435862/-117.9353157
258,44.968566,-122.9900423,8,"bridge, elevated",28756238,,I 5;OR 99E,3,60 mph,yes,,1,,,,,,,,"https://www.google.com/maps/@?api=1&map_action=pano&viewpoint=44.968566,-122.9900423","https://www.google.com/maps/search/?api=1&query=44.968566,-122.9900423",https://www.openstreetmap.org/?mlat=44.968566&mlon=-122.9900423#map=19/44.968566/-122.9900423
259,47.9227998,-122.2227186,8,"bridge, elevated",37419347,Boeing Freeway,SR 526,3,,yes,,1,,,,,,,,"https://www.google.com/maps/@?api=1&map_action=pano&viewpoint=47.9227998,-122.2227186","https://www.google.com/maps/search/?api=1&query=47.9227998,-122.2227186",https://www.openstreetmap.org/?mlat=47.9227998&mlon=-122.2227186#map=19/47.9227998/-122.2227186
260,46.2437539,-119.8408597,8,"bridge, elevated",28607348,,I 82;US 12,2,70 mph,yes,,1,,,,,,,,"https://www.google.com/maps/@?api=1&map_action=pano&viewpoint=46.2437539,-119.8408597","https://www.google.com/maps/search/?api=1&query=46.2437539,-119.8408597",https://www.openstreetmap.org/?mlat=46.2437539&mlon=-119.8408597#map=19/46.2437539/-119.8408597
261,46.9562101,-120.3034098,8,"bridge, elevated",61692208,,I 90,2,70 mph,yes,,1,,,,,,,,"https://www.google.com/maps/@?api=1&map_action=pano&viewpoint=46.9562101,-120.3034098","https://www.google.com/maps/search/?api=1&query=46.9562101,-120.3034098",https://www.openstreetmap.org/?mlat=46.9562101&mlon=-120.3034098#map=19/46.9562101/-120.3034098
262,46.2582337,-119.2625807,8,"bridge, elevated",5844213,George Washington Way,SR 240 Business,2,60 mph,yes,,1,,,,,,,,"https://www.google.com/maps/@?api=1&map_action=pano&viewpoint=46.2582337,-119.2625807","https://www.google.com/maps/search/?api=1&query=46.2582337,-119.2625807",https://www.openstreetmap.org/?mlat=46.2582337&mlon=-119.2625807#map=19/46.2582337/-119.2625807
263,43.6006985,-116.573503,8,"bridge, elevated",24203879,Vietnam Veterans Memorial Highway,I 84;US 30;ID 55,2,65 mph,yes,,1,,,,,,,,"https://www.google.com/maps/@?api=1&map_action=pano&viewpoint=43.6006985,-116.573503","https://www.google.com/maps/search/?api=1&query=43.6006985,-116.573503",https://www.openstreetmap.org/?mlat=43.6006985&mlon=-116.573503#map=19/43.6006985/-116.573503
264,44.7023893,-123.0519954,8,"bridge, elevated",34927156,,I 5;OR 99E,2,65 mph,yes,,1,,,,,,,,"https://www.google.com/maps/@?api=1&map_action=pano&viewpoint=44.7023893,-123.0519954","https://www.google.com/maps/search/?api=1&query=44.7023893,-123.0519954",https://www.openstreetmap.org/?mlat=44.7023893&mlon=-123.0519954#map=19/44.7023893/-123.0519954
265,44.426002,-117.3139824,8,"bridge, elevated",221080663,Old Oregon Trail Highway,I 84;US 30,2,,yes,,1,,,,,,,,"https://www.google.com/maps/@?api=1&map_action=pano&viewpoint=44.426002,-117.3139824","https://www.google.com/maps/search/?api=1&query=44.426002,-117.3139824",https://www.openstreetmap.org/?mlat=44.426002&mlon=-117.3139824#map=19/44.426002/-117.3139824
266,45.0253463,-117.9262862,8,"bridge, elevated",91484555,Old Oregon Trail Highway,I 84,2,70 mph,yes,,1,,,,,,,,"https://www.google.com/maps/@?api=1&map_action=pano&viewpoint=45.0253463,-117.9262862","https://www.google.com/maps/search/?api=1&query=45.0253463,-117.9262862",https://www.openstreetmap.org/?mlat=45.0253463&mlon=-117.9262862#map=19/45.0253463/-117.9262862
267,45.6067657,-121.1925729,8,"bridge, elevated",231665972,Columbia River Highway,I 84,2,,yes,,1,,,,,,,,"https://www.google.com/maps/@?api=1&map_action=pano&viewpoint=45.6067657,-121.1925729","https://www.google.com/maps/search/?api=1&query=45.6067657,-121.1925729",https://www.openstreetmap.org/?mlat=45.6067657&mlon=-121.1925729#map=19/45.6067657/-121.1925729
268,45.9452614,-119.3353081,8,"bridge, elevated",27488568,,I 82;US 395,2,70 mph,yes,,1,,,,,,,,"https://www.google.com/maps/@?api=1&map_action=pano&viewpoint=45.9452614,-119.3353081","https://www.google.com/maps/search/?api=1&query=45.9452614,-119.3353081",https://www.openstreetmap.org/?mlat=45.9452614&mlon=-119.3353081#map=19/45.9452614/-119.3353081
269,46.5462262,-119.0068226,8,"bridge, elevated",27247312,Thomas S. Foley Memorial Highway,US 395,2,70 mph,yes,,1,,,,,,,,"https://www.google.com/maps/@?api=1&map_action=pano&viewpoint=46.5462262,-119.0068226","https://www.google.com/maps/search/?api=1&query=46.5462262,-119.0068226",https://www.openstreetmap.org/?mlat=46.5462262&mlon=-119.0068226#map=19/46.5462262/-119.0068226
270,45.6956365,-121.3787595,8,"bridge, elevated",43825786,Columbia River Highway,I 84,2,65 mph,yes,,1,,,,,,,,"https://www.google.com/maps/@?api=1&map_action=pano&viewpoint=45.6956365,-121.3787595","https://www.google.com/maps/search/?api=1&query=45.6956365,-121.3787595",https://www.openstreetmap.org/?mlat=45.6956365&mlon=-121.3787595#map=19/45.6956365/-121.3787595
271,43.9966834,-123.0064638,8,"bridge, elevated",34915867,,I 5,2,65 mph,yes,,1,,,,,,,,"https://www.google.com/maps/@?api=1&map_action=pano&viewpoint=43.9966834,-123.0064638","https://www.google.com/maps/search/?api=1&query=43.9966834,-123.0064638",https://www.openstreetmap.org/?mlat=43.9966834&mlon=-123.0064638#map=19/43.9966834/-123.0064638
272,46.3426111,-120.1732497,8,"bridge, elevated",28657575,,I 82;US 12,2,70 mph,yes,,1,,,,,,,,"https://www.google.com/maps/@?api=1&map_action=pano&viewpoint=46.3426111,-120.1732497","https://www.google.com/maps/search/?api=1&query=46.3426111,-120.1732497",https://www.openstreetmap.org/?mlat=46.3426111&mlon=-120.1732497#map=19/46.3426111/-120.1732497
273,44.4963694,-117.3683943,8,"bridge, elevated",91631608,Old Oregon Trail Highway,I 84;US 30,2,,yes,,1,,,,,,,,"https://www.google.com/maps/@?api=1&map_action=pano&viewpoint=44.4963694,-117.3683943","https://www.google.com/maps/search/?api=1&query=44.4963694,-117.3683943",https://www.openstreetmap.org/?mlat=44.4963694&mlon=-117.3683943#map=19/44.4963694/-117.3683943
274,45.8404176,-119.667984,8,"bridge, elevated",53240445,Columbia River Highway,I 84;US 30,2,70 mph,yes,,1,,,,,,,,"https://www.google.com/maps/@?api=1&map_action=pano&viewpoint=45.8404176,-119.667984","https://www.google.com/maps/search/?api=1&query=45.8404176,-119.667984",https://www.openstreetmap.org/?mlat=45.8404176&mlon=-119.667984#map=19/45.8404176/-119.667984
275,47.2506475,-122.2573256,8,"bridge, elevated",23739102,Valley Freeway,SR 167,3,60 mph,yes,,1,,,,,,,,"https://www.google.com/maps/@?api=1&map_action=pano&viewpoint=47.2506475,-122.2573256","https://www.google.com/maps/search/?api=1&query=47.2506475,-122.2573256",https://www.openstreetmap.org/?mlat=47.2506475&mlon=-122.2573256#map=19/47.2506475/-122.2573256
276,47.5603628,-117.6062127,8,"bridge, elevated",40716063,,I 90;US 395,2,70 mph,yes,,1,,,,,,,,"https://www.google.com/maps/@?api=1&map_action=pano&viewpoint=47.5603628,-117.6062127","https://www.google.com/maps/search/?api=1&query=47.5603628,-117.6062127",https://www.openstreetmap.org/?mlat=47.5603628&mlon=-117.6062127#map=19/47.5603628/-117.6062127
277,44.6057217,-123.0621977,8,"bridge, elevated",34926117,,I 5,2,65 mph,yes,,1,,,,,,,,"https://www.google.com/maps/@?api=1&map_action=pano&viewpoint=44.6057217,-123.0621977","https://www.google.com/maps/search/?api=1&query=44.6057217,-123.0621977",https://www.openstreetmap.org/?mlat=44.6057217&mlon=-123.0621977#map=19/44.6057217/-123.0621977
278,43.6711727,-116.6784624,8,"bridge, elevated",50177201,Idaho Medal of Honor Highway,I 84;US 20;US 26;US 30,2,65 mph,yes,,1,,,,,,,,"https://www.google.com/maps/@?api=1&map_action=pano&viewpoint=43.6711727,-116.6784624","https://www.google.com/maps/search/?api=1&query=43.6711727,-116.6784624",https://www.openstreetmap.org/?mlat=43.6711727&mlon=-116.6784624#map=19/43.6711727/-116.6784624
279,46.6057243,-122.9068454,8,"bridge, elevated",35005843,,I 5;US 12,2,70 mph,yes,,1,,,,,,,,"https://www.google.com/maps/@?api=1&map_action=pano&viewpoint=46.6057243,-122.9068454","https://www.google.com/maps/search/?api=1&query=46.6057243,-122.9068454",https://www.openstreetmap.org/?mlat=46.6057243&mlon=-122.9068454#map=19/46.6057243/-122.9068454
280,46.9420408,-119.9736922,8,"bridge, elevated",600636225,Vantage Highway,I 90,2,70 mph,yes,,1,,,,,,,,"https://www.google.com/maps/@?api=1&map_action=pano&viewpoint=46.9420408,-119.9736922","https://www.google.com/maps/search/?api=1&query=46.9420408,-119.9736922",https://www.openstreetmap.org/?mlat=46.9420408&mlon=-119.9736922#map=19/46.9420408/-119.9736922
281,44.590556,-123.0617407,8,"bridge, elevated",97660604,,I 5,2,65 mph,yes,,1,,,,,,,,"https://www.google.com/maps/@?api=1&map_action=pano&viewpoint=44.590556,-123.0617407","https://www.google.com/maps/search/?api=1&query=44.590556,-123.0617407",https://www.openstreetmap.org/?mlat=44.590556&mlon=-123.0617407#map=19/44.590556/-123.0617407
282,43.12723,-123.3643206,8,"bridge, elevated",34911676,,I 5,2,65 mph,yes,,1,,,,,,,,"https://www.google.com/maps/@?api=1&map_action=pano&viewpoint=43.12723,-123.3643206","https://www.google.com/maps/search/?api=1&query=43.12723,-123.3643206",https://www.openstreetmap.org/?mlat=43.12723&mlon=-123.3643206#map=19/43.12723/-123.3643206
283,47.4108473,-121.4470306,8,"bridge, elevated",37427944,,I 90,3,65 mph,yes,,1,,,,,,,,"https://www.google.com/maps/@?api=1&map_action=pano&viewpoint=47.4108473,-121.4470306","https://www.google.com/maps/search/?api=1&query=47.4108473,-121.4470306",https://www.openstreetmap.org/?mlat=47.4108473&mlon=-121.4470306#map=19/47.4108473/-121.4470306
284,48.3190623,-122.3259259,8,"bridge, elevated",500267291,,I 5,3,70 mph,yes,,1,,,both,,,,,"https://www.google.com/maps/@?api=1&map_action=pano&viewpoint=48.3190623,-122.3259259","https://www.google.com/maps/search/?api=1&query=48.3190623,-122.3259259",https://www.openstreetmap.org/?mlat=48.3190623&mlon=-122.3259259#map=19/48.3190623/-122.3259259
285,43.6263485,-123.2187079,8,"bridge, elevated",666380018,,I 5,2,65 mph,yes,,1,,,,,,,,"https://www.google.com/maps/@?api=1&map_action=pano&viewpoint=43.6263485,-123.2187079","https://www.google.com/maps/search/?api=1&query=43.6263485,-123.2187079",https://www.openstreetmap.org/?mlat=43.6263485&mlon=-123.2187079#map=19/43.6263485/-123.2187079
286,47.3306423,-122.5991279,8,"bridge, elevated",39860342,,SR 16,2,60 mph,yes,,1,,,,,,,,"https://www.google.com/maps/@?api=1&map_action=pano&viewpoint=47.3306423,-122.5991279","https://www.google.com/maps/search/?api=1&query=47.3306423,-122.5991279",https://www.openstreetmap.org/?mlat=47.3306423&mlon=-122.5991279#map=19/47.3306423/-122.5991279
287,45.7311679,-120.6491875,8,"bridge, elevated",37546126,Columbia River Highway,I 84;US 30,2,70 mph,yes,,1,,,,,,,,"https://www.google.com/maps/@?api=1&map_action=pano&viewpoint=45.7311679,-120.6491875","https://www.google.com/maps/search/?api=1&query=45.7311679,-120.6491875",https://www.openstreetmap.org/?mlat=45.7311679&mlon=-120.6491875#map=19/45.7311679/-120.6491875
288,47.2596232,-121.2101365,8,"bridge, elevated",60823909,,I 90,3,65 mph,yes,,1,,,,,,,,"https://www.google.com/maps/@?api=1&map_action=pano&viewpoint=47.2596232,-121.2101365","https://www.google.com/maps/search/?api=1&query=47.2596232,-121.2101365",https://www.openstreetmap.org/?mlat=47.2596232&mlon=-121.2101365#map=19/47.2596232/-121.2101365
289,45.7130227,-121.5218849,8,"bridge, elevated",35601577,Columbia River Highway,I 84,2,65 mph,yes,,1,,,,,,,,"https://www.google.com/maps/@?api=1&map_action=pano&viewpoint=45.7130227,-121.5218849","https://www.google.com/maps/search/?api=1&query=45.7130227,-121.5218849",https://www.openstreetmap.org/?mlat=45.7130227&mlon=-121.5218849#map=19/45.7130227/-121.5218849
290,46.6262513,-120.5203294,8,"bridge, elevated",28763093,,US 12,2,60 mph,yes,,1,,,,,,,,"https://www.google.com/maps/@?api=1&map_action=pano&viewpoint=46.6262513,-120.5203294","https://www.google.com/maps/search/?api=1&query=46.6262513,-120.5203294",https://www.openstreetmap.org/?mlat=46.6262513&mlon=-120.5203294#map=19/46.6262513/-120.5203294
291,48.0657519,-122.1847465,8,"bridge, elevated",35134469,,I 5,3,60 mph,yes,,1,,,,,,,,"https://www.google.com/maps/@?api=1&map_action=pano&viewpoint=48.0657519,-122.1847465","https://www.google.com/maps/search/?api=1&query=48.0657519,-122.1847465",https://www.openstreetmap.org/?mlat=48.0657519&mlon=-122.1847465#map=19/48.0657519/-122.1847465
292,47.8489278,-122.0067868,8,"bridge, elevated",38360776,State Highway 522,SR 522,2,60 mph,yes,,1,,,,,,,,"https://www.google.com/maps/@?api=1&map_action=pano&viewpoint=47.8489278,-122.0067868","https://www.google.com/maps/search/?api=1&query=47.8489278,-122.0067868",https://www.openstreetmap.org/?mlat=47.8489278&mlon=-122.0067868#map=19/47.8489278/-122.0067868
293,47.7125512,-116.9476786,8,"bridge, elevated",56699239,,I 90,2,70 mph,yes,,1,,,,,,,,"https://www.google.com/maps/@?api=1&map_action=pano&viewpoint=47.7125512,-116.9476786","https://www.google.com/maps/search/?api=1&query=47.7125512,-116.9476786",https://www.openstreetmap.org/?mlat=47.7125512&mlon=-116.9476786#map=19/47.7125512/-116.9476786
294,46.2441899,-119.3620304,8,"bridge, elevated",27198747,,I 82,2,70 mph,yes,,1,,,,,,,,"https://www.google.com/maps/@?api=1&map_action=pano&viewpoint=46.2441899,-119.3620304","https://www.google.com/maps/search/?api=1&query=46.2441899,-119.3620304",https://www.openstreetmap.org/?mlat=46.2441899&mlon=-119.3620304#map=19/46.2441899/-119.3620304
295,44.746518,-123.0519504,8,"bridge, elevated",98365691,,I 5;OR 99E,2,65 mph,yes,,1,,,,,,,,"https://www.google.com/maps/@?api=1&map_action=pano&viewpoint=44.746518,-123.0519504","https://www.google.com/maps/search/?api=1&query=44.746518,-123.0519504",https://www.openstreetmap.org/?mlat=44.746518&mlon=-123.0519504#map=19/44.746518/-123.0519504
296,44.6109648,-117.4842464,8,"bridge, elevated",91536025,Old Oregon Trail Highway,I 84;US 30,2,,yes,,1,,,,,,,,"https://www.google.com/maps/@?api=1&map_action=pano&viewpoint=44.6109648,-117.4842464","https://www.google.com/maps/search/?api=1&query=44.6109648,-117.4842464",https://www.openstreetmap.org/?mlat=44.6109648&mlon=-117.4842464#map=19/44.6109648/-117.4842464
297,46.7117605,-122.9755322,8,"bridge, elevated",23924494,,I 5;US 12,2,60 mph,yes,,1,,,,,,,,"https://www.google.com/maps/@?api=1&map_action=pano&viewpoint=46.7117605,-122.9755322","https://www.google.com/maps/search/?api=1&query=46.7117605,-122.9755322",https://www.openstreetmap.org/?mlat=46.7117605&mlon=-122.9755322#map=19/46.7117605/-122.9755322
298,44.6462143,-117.5522132,8,"bridge, elevated",91535980,Old Oregon Trail Highway,I 84;US 30,2,,yes,,1,,,,,,,,"https://www.google.com/maps/@?api=1&map_action=pano&viewpoint=44.6462143,-117.5522132","https://www.google.com/maps/search/?api=1&query=44.6462143,-117.5522132",https://www.openstreetmap.org/?mlat=44.6462143&mlon=-117.5522132#map=19/44.6462143/-117.5522132
299,46.1653002,-119.2031294,8,"bridge, elevated",27210611,Lewis and Clark Trail Highway,US 395,2,,yes,,1,,,,,,,,"https://www.google.com/maps/@?api=1&map_action=pano&viewpoint=46.1653002,-119.2031294","https://www.google.com/maps/search/?api=1&query=46.1653002,-119.2031294",https://www.openstreetmap.org/?mlat=46.1653002&mlon=-119.2031294#map=19/46.1653002/-119.2031294
300,46.9904191,-120.5721271,8,"bridge, elevated",65230010,,I 90;US 97,2,70 mph,yes,,1,,,,,,,,"https://www.google.com/maps/@?api=1&map_action=pano&viewpoint=46.9904191,-120.5721271","https://www.google.com/maps/search/?api=1&query=46.9904191,-120.5721271",https://www.openstreetmap.org/?mlat=46.9904191&mlon=-120.5721271#map=19/46.9904191/-120.5721271
