"EVNT_KEY","VIOLATION_DATE","VIOLATION_TIME","CHG_LAW_CD","VIOLATION_CODE","VEH_CATEGORY","REG_PLATE_NUM","REG_STATE_CD","CITY_NM","RPT_OWNING_CMD","X_COORD_CD","Y_COORD_CD","Latitude","Longitude","location","JURIS_CD"
"311330351","08/17/2025","08:39:35","VTL","1172A","CAR/SUV","T744757C","NY","NEW YORK","33","1,001,891","245,600","40.84078110886","-73.93624538182","POINT (-73.9362453818218 40.8407811088581)","01"
"311337603","08/17/2025","13:45:40","VTL","5092","MOPED","855CC5","NY","BROOKLYN","75","1,017,364","186,717","40.67910981","-73.88061332","POINT (-73.88061332 40.67910981)","01"
"311337628","08/17/2025","14:20:00","VTL","3817","MOPED","NONE","ZZ","BROOKLYN","66","986,654","167,140","40.62543683","-73.99133977","POINT (-73.99133977 40.62543683)","01"
"311336175","08/17/2025","12:54:31","VTL","1225D","CAR/SUV","79841MD","NY","NEW YORK","7","988,917","200,245","40.71630999173","-73.98316601369","POINT (-73.9831660136947 40.7163099917327)","01"
"311318672","08/17/2025","01:25:00","VTL","1172A","CAR/SUV","KXU3831","NY","BROOKLYN","69","1,009,037","169,116","40.63082618","-73.91069951","POINT (-73.91069951 40.63082618)","01"
"311336157","08/17/2025","13:09:19","VTL","1172A","CAR/SUV","KYD7102","NY","QUEENS","107","1,039,361","207,045","40.73479561","-73.80114086","POINT (-73.80114086 40.73479561)","01"
"311334952","08/17/2025","11:50:37","VTL","1180D","CAR/SUV","KRP1489","NY","BROOKLYN","412","984,128","179,058","40.65815775355","-74.00044115489","POINT (-74.0004411548878 40.6581577535544)","01"
"311340936","08/17/2025","15:56:00","VTL","5091","MCL","NA","ZZ","QUEENS","114","1,004,390","215,286","40.757574","-73.927304","POINT (-73.927304 40.757574)","01"
"311328226","08/17/2025","07:57:50","VTL","1111D1N","CAR/SUV","KZT7784","PA","QUEENS","107","1,036,694","206,139","40.73232508","-73.81077133","POINT (-73.81077133 40.73232508)","01"
"311331510","08/17/2025","10:08:03","VTL","1180D","CAR/SUV","V26VDM","NJ","BROOKLYN","412","984,128","179,058","40.65815775355","-74.00044115489","POINT (-74.0004411548878 40.6581577535544)","01"
"311328237","08/17/2025","08:22:14","VTL","1180D","CAR/SUV","T799270C","NY","BROOKLYN","412","1,010,541","175,595","40.64861355106","-73.90525720323","POINT (-73.9052572032302 40.6486135510607)","01"
"311337605","08/17/2025","13:45:00","VTL","5091","MOPED","261CC2","NY","QUEENS","104","1,015,256","193,909","40.69885782","-73.88818023","POINT (-73.88818023 40.69885782)","01"
"311318420","08/17/2025","00:26:10","NYCTRR","406A1","CAR/SUV","LMV5575","PA","QUEENS","102","1,033,858","192,834","40.69582247","-73.82110221","POINT (-73.82110221 40.69582247)","01"
"311330361","08/17/2025","08:48:00","NYCTRR","406A1","CAR/SUV","A97VYG","NJ","BROOKLYN","94","1,001,933","201,808","40.72057535","-73.93620741","POINT (-73.93620741 40.72057535)","01"
"311337572","08/17/2025","13:24:20","NYCTRR","403A1","CAR/SUV","LXR9344","NY","NEW YORK","18","988,451","217,993","40.76502407883","-73.98483594971","POINT (-73.9848359497083 40.7650240788333)","01"
"311339355","08/17/2025","14:30:00","VTL","1111D1E","EBIKE","(null)","(null)","BROOKLYN","63","1,002,189","165,609","40.62121672","-73.93538021","POINT (-73.93538021 40.62121672)","01"
"311331499","08/17/2025","09:47:30","VTL","1163D","CAR/SUV","HCY3958","NY","BROOKLYN","412","984,128","179,058","40.65815775355","-74.00044115489","POINT (-74.0004411548878 40.6581577535544)","01"
"311320406","08/17/2025","02:45:43","VTL","1180D","CAR/SUV","LUE1611","NY","QUEENS","100","1,035,329","152,802","40.58594334498","-73.81610192287","POINT (-73.8161019228725 40.5859433449759)","01"
"311334960","08/17/2025","11:56:00","VTL","1111D1C","BIKE","(null)","(null)","NEW YORK","25","1,000,558","231,080","40.80093037274","-73.94109824101","POINT (-73.9410982410066 40.8009303727402)","01"
"311340933","08/17/2025","15:58:26","VTL","1111D1N","CAR/SUV","GYD3912","NY","QUEENS","112","1,024,243","198,430","40.71123083","-73.85574279","POINT (-73.85574279 40.71123083)","01"
"311333739","08/17/2025","10:51:00","VTL","1225C2A","CAR/SUV","DL21HQ","FL","BROOKLYN","94","995,355","202,315","40.72197764","-73.95993714","POINT (-73.95993714 40.72197764)","01"
"311327595","08/17/2025","01:50:00","VTL","1144AV","CAR/SUV","F83ULX","NJ","QUEENS","111","1,048,659","216,392","40.76039613927","-73.76750253495","POINT (-73.7675025349456 40.7603961392658)","01"
"311320408","08/17/2025","03:00:22","VTL","1180D","CAR/SUV","P79VAM","NJ","QUEENS","100","1,031,326","170,802","40.63536347","-73.830387","POINT (-73.830387 40.63536347)","01"
"311339357","08/17/2025","14:24:05","VTL","37512A2","CAR/SUV","LHP3965","NY","QUEENS","105","1,061,752","203,710","40.72547404","-73.72038543","POINT (-73.72038543 40.72547404)","01"
"311333741","08/17/2025","10:57:58","NYCTRR","412P2","MOPED","(null)","(null)","QUEENS","108","1,010,273","213,597","40.75291262","-73.90607473","POINT (-73.90607473 40.75291262)","01"
"311339354","08/17/2025","14:06:00","VTL","1110A","CAR/SUV","LPA9052","NY","BROOKLYN","83","1,008,705","193,427","40.69755537","-73.91180743","POINT (-73.91180743 40.69755537)","01"
"311336153","08/17/2025","12:24:56","VTL","1111D1C","BIKE","UNKNOWN","(null)","NEW YORK","25","1,000,558","231,080","40.80093037274","-73.94109824101","POINT (-73.9410982410066 40.8009303727402)","01"
"311318436","08/17/2025","01:06:56","VTL","5091","CAR/SUV","KLM5071","NY","BROOKLYN","75","1,017,987","181,155","40.66384103","-73.87839504","POINT (-73.87839504 40.66384103)","01"
"311337610","08/17/2025","13:55:00","NYCTRR","407B1","CAR/SUV","KWS1495","NY","QUEENS","113","1,046,740","187,276","40.6804855","-73.77469851","POINT (-73.77469851 40.6804855)","01"
"311334967","08/17/2025","12:00:00","VTL","1110A","CAR/SUV","KYY1085","NY","QUEENS","113","1,046,315","187,088","40.67998073847","-73.7762339072","POINT (-73.7762339071953 40.6799807384666)","01"
"311337598","08/17/2025","13:45:00","VTL","1111D1N","MOPED","261CC2","NY","QUEENS","104","1,015,256","193,909","40.69885782","-73.88818023","POINT (-73.88818023 40.69885782)","01"
"311340942","08/17/2025","16:12:53","VTL","1110A","CAR/SUV","KFT7493","NY","NEW YORK","24","993,369","229,307","40.79607431283","-73.96706674581","POINT (-73.9670667458109 40.7960743128304)","01"
"311331461","08/17/2025","09:33:00","VTL","1163AT","CAR/SUV","T716091C","NY","NEW YORK","25","1,000,558","231,080","40.80093037274","-73.94109824101","POINT (-73.9410982410066 40.8009303727402)","01"
"311331480","08/17/2025","09:28:35","VTL","1111D1N","CAR/SUV","Y103811C","NY","NEW YORK","20","991,202","224,999","40.78425197866","-73.97489766642","POINT (-73.9748976664227 40.7842519786623)","01"
"311333755","08/17/2025","10:55:00","VTL","37512A2","CAR/SUV","C84UEF","NJ","NEW YORK","411","1,002,173","249,401","40.85121316769","-73.93521605199","POINT (-73.9352160519866 40.8512131676868)","01"
"311330380","08/17/2025","09:07:27","VTL","1180D","CAR/SUV","LRU1398","NY","STATEN ISLAND","442","942,822","166,353","40.6231883776","-74.14923769473","POINT (-74.1492376947323 40.6231883776008)","01"
"311336160","08/17/2025","12:36:24","NYCTRR","412P2","MCL","329BX2","NY","QUEENS","112","1,026,568","202,697","40.72293189","-73.84732957","POINT (-73.84732957 40.72293189)","01"
"311331479","08/17/2025","09:27:55","NYCTRR","403A1","CAR/SUV","LHF1277","NY","QUEENS","115","1,022,759","215,403","40.75782406","-73.86099851","POINT (-73.86099851 40.75782406)","01"
"311333734","08/17/2025","10:49:22","NYCTRR","403A3IX","BIKE","(null)","(null)","NEW YORK","17","992,245","215,005","40.75682016831","-73.97114326335","POINT (-73.9711432633524 40.7568201683051)","01"
"311336165","08/17/2025","12:44:02","VTL","1110AB","BIKE","(null)","(null)","BROOKLYN","81","1,005,862","190,486","40.68949041","-73.92206963","POINT (-73.92206963 40.68949041)","01"
"311337564","08/17/2025","13:50:00","VTL","1225D","CAR/SUV","LZN8838","NY","BROOKLYN","94","999,661","201,684","40.72023925","-73.94440408","POINT (-73.94440408 40.72023925)","01"
"311340906","08/17/2025","14:57:00","VTL","5091","MOPED","(null)","NY","NEW YORK","9","987,496","203,963","40.7265156408","-73.98829024376","POINT (-73.9882902437563 40.7265156408036)","01"
"311330313","08/17/2025","08:51:00","VTL","1172A","CAR/SUV","(null)","(null)","QUEENS","108","1,007,698","209,156","40.7407304","-73.9153842","POINT (-73.9153842 40.7407304)","01"
"311339342","08/17/2025","10:10:00","TBTA","10237","CAR/SUV","BE35646","CT","NEW YORK","30","999,790","241,169","40.82862324005","-73.94384883699","POINT (-73.9438488369889 40.8286232400477)","01"
"311318390","08/17/2025","00:17:00","NYCTRR","412P2","CAR/SUV","T136555C","NY","QUEENS","108","996,898","209,626","40.74204247","-73.9543568","POINT (-73.9543568 40.74204247)","01"
"311327615","08/17/2025","06:58:14","VTL","1180D","CAR/SUV","KKE8668","NY","QUEENS","413","1,048,659","216,392","40.76039613927","-73.76750253495","POINT (-73.7675025349456 40.7603961392658)","01"
"311336142","08/17/2025","12:28:00","VTL","37512A2","CAR/SUV","LGH6792","NY","BROOKLYN","68","981,383","169,277","40.6313023","-74.01032905","POINT (-74.01032905 40.6313023)","01"
"311337612","08/17/2025","14:00:32","VTL","1111D1E","EBIKE","(null)","(null)","BROOKLYN","72","984,135","177,775","40.65462795","-74.00041445","POINT (-74.00041445 40.65462795)","01"
"311324610","08/17/2025","00:50:00","VTL","4011A","CAR/SUV","MMT3631","PA","NEW YORK","32","1,000,702","240,065","40.825594","-73.940553","POINT (-73.940553 40.825594)","01"
"311320376","08/17/2025","02:21:00","VTL","1111D1N","CAR/SUV","Y202315C","NY","NEW YORK","24","993,369","229,307","40.79607431283","-73.96706674581","POINT (-73.9670667458109 40.7960743128304)","01"
"311330394","08/17/2025","09:22:31","VTL","1180D","CAR/SUV","SZC9086","TX","NEW YORK","411","982,381","201,750","40.72044188847","-74.00674397419","POINT (-74.0067439741913 40.7204418884676)","01"
"311318659","08/17/2025","01:16:00","VTL","1111D1N","CAR/SUV","MSGETTHT","NY","QUEENS","108","997,341","209,784","40.74247549","-73.95275783","POINT (-73.95275783 40.74247549)","01"
"311336197","08/17/2025","13:16:51","NYCTRR","403A1","CAR/SUV","9EM5774","MD","BRONX","43","1,023,078","240,343","40.82627615","-73.85970288","POINT (-73.85970288 40.82627615)","01"
"311339394","08/17/2025","15:15:47","VTL","1110AB","BIKE","(null)","(null)","BROOKLYN","81","1,004,261","191,337","40.69182997","-73.92784012","POINT (-73.92784012 40.69182997)","01"
"311330342","08/17/2025","08:29:22","VTL","1225D","CAR/SUV","LDH6942","NY","BROOKLYN","88","994,118","187,428","40.68111778","-73.9644216","POINT (-73.9644216 40.68111778)","01"
"311333709","08/17/2025","10:10:00","VTL","5091","CAR/SUV","DWR8944","FL","BRONX","52","1,015,965","258,935","40.87733403","-73.88531628","POINT (-73.88531628 40.87733403)","01"
"311318106","08/17/2025","00:15:46","VTL","5091","CAR/SUV","L21VWL","NJ","QUEENS","102","1,033,858","192,834","40.69582247","-73.82110221","POINT (-73.82110221 40.69582247)","01"
"311334923","08/17/2025","08:00:00","VTL","3752A3","CAR/SUV","LVR2409","NY","QUEENS","110","1,021,691","210,637","40.7447472","-73.86488008","POINT (-73.86488008 40.7447472)","01"
"311337602","08/17/2025","13:49:59","VTL","1163AT","CAR/SUV","T742297C","NY","NEW YORK","7","988,917","200,245","40.71630999173","-73.98316601369","POINT (-73.9831660136947 40.7163099917327)","01"
"311327606","08/17/2025","00:10:00","VTL","3752A1I","CAR/SUV","K83SYK","NJ","BROOKLYN","71","995,420","180,959","40.66336028","-73.95973805","POINT (-73.95973805 40.66336028)","01"
"311353799","08/17/2025","02:58:00","VTL","3752A1I","CAR/SUV","KJC3770","NY","NEW YORK","34","1,002,173","249,401","40.85121316769","-73.93521605199","POINT (-73.9352160519866 40.8512131676868)","01"
"311362562","08/17/2025","22:05:00","VTL","4011U","CAR/SUV","MMN3425","PA","BROOKLYN","67","1,003,842","176,803","40.65193835","-73.92939328","POINT (-73.92939328 40.65193835)","01"
"311362043","08/17/2025","23:57:00","VTL","3817","MCL","777BV3","(null)","QUEENS","103","1,037,559","194,576","40.70058232","-73.80774181","POINT (-73.80774181 40.70058232)","01"
"311353812","08/17/2025","17:26:00","VTL","4021A","CAR/SUV","KWS1020","NY","NEW YORK","24","993,369","229,307","40.79607431283","-73.96706674581","POINT (-73.9670667458109 40.7960743128304)","01"
"311354405","08/17/2025","22:46:00","VTL","37520I","CAR/SUV","KYZ3072","NY","BRONX","44","1,008,110","244,858","40.83872163","-73.91377061","POINT (-73.91377061 40.83872163)","01"
"311340923","08/17/2025","15:37:55","VTL","5092","MCL","519BZ0","NY","QUEENS","114","1,007,788","219,633","40.76949511844","-73.91502417039","POINT (-73.9150241703895 40.7694951184418)","01"
"311336174","08/17/2025","12:52:20","VTL","1180D","CAR/SUV","LJY6602","NY","STATEN ISLAND","122","941,827","134,395","40.53545717","-74.15261991","POINT (-74.15261991 40.53545717)","01"
"311342851","08/17/2025","16:31:36","VTL","4111","MCL","NONE","ZZ","BROOKLYN","66","987,788","165,896","40.62202193","-73.98725527","POINT (-73.98725527 40.62202193)","01"
"311353829","08/17/2025","23:00:00","VTL","1180D","CAR/SUV","MTZ7454","PA","BROOKLYN","77","995,818","186,960","40.67983117","-73.95829317","POINT (-73.95829317 40.67983117)","01"
"311347842","08/17/2025","18:14:00","VTL","1111D1N","CAR/SUV","HFP5777","NY","BROOKLYN","77","1,004,173","183,540","40.67042918","-73.9281805","POINT (-73.9281805 40.67042918)","01"
"311333694","08/17/2025","08:25:00","VTL","1110A","CAR/SUV","N29WBY","NJ","BROOKLYN","84","987,826","192,896","40.69613097","-73.98710407","POINT (-73.98710407 40.69613097)","01"
"311354706","08/17/2025","20:35:00","VTL","1163AT","CAR/SUV","K46VRT","NJ","BRONX","41","1,014,249","238,403","40.8209858","-73.89161332","POINT (-73.89161332 40.8209858)","01"
"311342864","08/17/2025","16:44:15","VTL","1229C2C","CAR/SUV","PC524109","DE","BRONX","42","1,012,946","242,977","40.83354445","-73.8963015","POINT (-73.8963015 40.83354445)","01"
"311344953","08/17/2025","17:56:00","VTL","4011A","CAR/SUV","6CYA268","CA","QUEENS","113","1,048,129","188,676","40.68431825","-73.76967736","POINT (-73.76967736 40.68431825)","01"
"311325073","08/17/2025","05:00:00","NYCTRR","406A1","CAR/SUV","VND5118","TX","QUEENS","115","1,018,154","219,888","40.77015307","-73.877598","POINT (-73.877598 40.77015307)","01"
"311339358","08/17/2025","14:25:41","NYCTRR","403A1","CAR/SUV","Y209345C","NY","NEW YORK","7","988,917","200,245","40.71630999173","-73.98316601369","POINT (-73.9831660136947 40.7163099917327)","01"
"311344900","08/17/2025","11:55:00","VTL","4021B1","CAR/SUV","E377M","FL","BROOKLYN","60","993,250","150,726","40.58037949","-73.96760006","POINT (-73.96760006 40.58037949)","01"
"311336154","08/17/2025","12:25:36","VTL","1163AT","CAR/SUV","T640575C","NY","NEW YORK","20","991,202","224,999","40.78425197866","-73.97489766642","POINT (-73.9748976664227 40.7842519786623)","01"
"311344941","08/17/2025","17:24:28","VTL","37512A2","CAR/SUV","TCD6254","VA","QUEENS","413","1,032,051","217,053","40.76231580042","-73.82744800186","POINT (-73.8274480018593 40.7623158004241)","01"
"311337577","08/17/2025","13:31:59","VTL","1163AT","MCL","216CC1","NY","BROOKLYN","68","977,947","172,030","40.63886517059","-74.02271208766","POINT (-74.0227120876572 40.6388651705916)","01"
"311353798","08/17/2025","22:08:00","VTL","1172A","CAR/SUV","LJV3474","NY","QUEENS","111","1,050,074","216,071","40.75949638","-73.76239656","POINT (-73.76239656 40.75949638)","01"
"311354087","08/17/2025","19:39:00","VTL","1111D1N","CAR/SUV","KZN2960","NY","BROOKLYN","72","982,412","171,832","40.63831551","-74.00662253","POINT (-74.00662253 40.63831551)","01"
"311354105","08/17/2025","23:46:00","VTL","3817","MOPED","568BN0","NY","QUEENS","103","1,038,473","195,143","40.70213305","-73.80444093","POINT (-73.80444093 40.70213305)","01"
"311328229","08/17/2025","08:05:00","NYCTRR","406A1","CAR/SUV","T806252C","NY","BROOKLYN","94","1,001,933","201,808","40.72057535","-73.93620741","POINT (-73.93620741 40.72057535)","01"
"311328236","08/17/2025","08:15:00","VTL","1163D","CAR/SUV","EGE1478","NY","QUEENS","113","1,045,643","180,391","40.66159545","-73.77871632","POINT (-73.77871632 40.66159545)","01"
"311325063","08/17/2025","00:36:00","VTL","5091","MOPED","617CAZ","NY","BROOKLYN","83","1,009,944","191,604","40.69254815","-73.90734616","POINT (-73.90734616 40.69254815)","01"
"311352351","08/17/2025","21:50:00","VTL","1180D","CAR/SUV","KYG5184","NY","STATEN ISLAND","122","963,092","159,859","40.60542705","-74.07619723","POINT (-74.07619723 40.60542705)","01"
"311344951","08/17/2025","17:56:00","VTL","4024","CAR/SUV","6CYA268","CA","QUEENS","113","1,048,129","188,676","40.68431825","-73.76967736","POINT (-73.76967736 40.68431825)","01"
"311342896","08/17/2025","17:18:34","VTL","1225C2A","CAR/SUV","LJK3256","NY","BROOKLYN","61","993,424","159,942","40.60567538","-73.96696115","POINT (-73.96696115 40.60567538)","01"
"311926360","08/17/2025","20:01:00","VTL","37512A1","CAR/SUV","ZKX2828","NY","BRONX","44","1,007,720","245,554","40.840633","-73.91517762","POINT (-73.91517762 40.840633)","01"
"311325049","08/17/2025","04:20:00","VTL","1163AS","CAR/SUV","KHT871","VT","QUEENS","110","1,016,409","211,680","40.74763075","-73.88393715","POINT (-73.88393715 40.74763075)","01"
"311337573","08/17/2025","13:20:00","VTL","1110A","CAR/SUV","T131272C","NY","NEW YORK","14","985,764","213,806","40.75353270126","-73.99453689202","POINT (-73.9945368920152 40.7535327012632)","01"
"311318685","08/17/2025","01:28:00","VTL","3752AW","CAR/SUV","LRM2178","(null)","NEW YORK","17","992,245","215,005","40.75682016831","-73.97114326335","POINT (-73.9711432633524 40.7568201683051)","01"
"311379025","08/17/2025","13:50:00","VTL","3191U","CAR/SUV","G86PNH","NJ","BROOKLYN","79","997,425","192,489","40.69500476","-73.95248855","POINT (-73.95248855 40.69500476)","01"
"311333751","08/17/2025","10:55:00","VTL","5091","CAR/SUV","C84UEF","NJ","NEW YORK","411","1,002,173","249,401","40.85121316769","-73.93521605199","POINT (-73.9352160519866 40.8512131676868)","01"
"311328202","08/17/2025","04:24:00","VTL","1110A","CAR/SUV","Y205211C","NY","NEW YORK","1","982,381","201,750","40.72044188847","-74.00674397419","POINT (-74.0067439741913 40.7204418884676)","01"
"311318411","08/17/2025","00:23:00","VTL","4021A","CAR/SUV","B37PNR","NJ","BROOKLYN","75","1,021,544","183,063","40.66906379","-73.8655633","POINT (-73.8655633 40.66906379)","01"
"311362048","08/17/2025","21:19:00","VTL","1111D1N","CAR/SUV","MXF3174","PA","BROOKLYN","67","1,002,489","176,665","40.65156246","-73.93426967","POINT (-73.93426967 40.65156246)","01"
"311333724","08/17/2025","10:38:18","VTL","1180D","CAR/SUV","LSG1661","NY","QUEENS","116","1,050,633","177,078","40.652475","-73.760762","POINT (-73.760762 40.652475)","01"
"311337609","08/17/2025","13:58:04","VTL","1110A","CAR/SUV","LAH9594","NY","BROOKLYN","75","1,018,247","187,048","40.68001498","-73.87742815","POINT (-73.87742815 40.68001498)","01"
"311350920","08/17/2025","20:37:04","VTL","5091","MOPED","(null)","(null)","QUEENS","114","1,007,788","219,633","40.76949511844","-73.91502417039","POINT (-73.9150241703895 40.7694951184418)","01"
"311349452","08/17/2025","19:35:57","VTL","1180D","CAR/SUV","HAE8240","NY","STATEN ISLAND","122","941,827","134,395","40.53545717","-74.15261991","POINT (-74.15261991 40.53545717)","01"
"311331493","08/17/2025","09:46:53","VTL","1180D","CAR/SUV","LSJ7190","NY","QUEENS","116","1,050,633","177,078","40.652475","-73.760762","POINT (-73.760762 40.652475)","01"
"311344945","08/17/2025","18:02:25","VTL","1180D","CAR/SUV","KTD3226","NY","QUEENS","413","996,424","210,017","40.7431245995","-73.95606807268","POINT (-73.9560680726795 40.7431245994984)","01"
"311331485","08/17/2025","09:33:51","VTL","1180D","CAR/SUV","LNN4433","NY","BRONX","411","1,026,480","262,584","40.88731363447","-73.84727175776","POINT (-73.8472717577564 40.8873136344706)","01"
"311334977","08/17/2025","12:06:01","NYCTRR","403A3II","MOPED","(null)","(null)","BROOKLYN","62","984,452","164,495","40.61817718","-73.99927238","POINT (-73.99927238 40.61817718)","01"
"311780124","08/17/2025","10:20:00","VTL","1172A","CAR/SUV","JCS1406","NY","QUEENS","100","1,042,103","156,197","40.59521205","-73.79168316","POINT (-73.79168316 40.59521205)","01"
"311320402","08/17/2025","02:21:07","VTL","1180D","CAR/SUV","DKH5219","NY","BROOKLYN","412","998,002","196,692","40.70654839478","-73.95040063356","POINT (-73.9504006335643 40.7065483947783)","01"
"311318702","08/17/2025","01:37:00","VTL","1180D","CAR/SUV","M42RYU","NJ","BROOKLYN","412","1,000,528","168,138","40.6281697437","-73.94135878348","POINT (-73.9413587834752 40.6281697437036)","01"
"311330362","08/17/2025","08:46:00","VTL","4011A","CAR/SUV","EY7278","DC","QUEENS","113","1,045,643","180,391","40.66159545","-73.77871632","POINT (-73.77871632 40.66159545)","01"
"311347817","08/17/2025","13:40:00","VTL","1110A","CAR/SUV","LPB6525","NY","NEW YORK","6","982,755","206,652","40.73389675845","-74.00539583734","POINT (-74.0053958373447 40.7338967584511)","01"
"311350897","08/17/2025","13:35:00","VTL","1163D","MOPED","226CC5","NY","NEW YORK","6","982,755","206,652","40.73389675845","-74.00539583734","POINT (-74.0053958373447 40.7338967584511)","01"
"311349467","08/17/2025","20:04:23","NYCTRR","403A1","CAR/SUV","CL12TM","FL","BROOKLYN","84","987,366","192,920","40.69619701","-73.98876293","POINT (-73.98876293 40.69619701)","01"
"311344919","08/17/2025","13:00:00","VTL","3191U","CAR/SUV","VGA8327","VA","QUEENS","103","1,040,590","196,082","40.70469715","-73.79679799","POINT (-73.79679799 40.70469715)","01"
"311320346","08/17/2025","01:30:00","VTL","5091","MCL","774BZ9","NY","NEW YORK","28","997,407","233,806","40.808417746","-73.95247406035","POINT (-73.9524740603515 40.8084177460021)","01"
"311318405","08/17/2025","00:20:00","VTL","37512A1","CAR/SUV","NYCBENZ","NY","QUEENS","114","1,008,434","218,626","40.76673","-73.912692","POINT (-73.912692 40.76673)","01"
"311320392","08/17/2025","02:50:00","VTL","1111D1N","CAR/SUV","JMG1520","NY","QUEENS","103","1,038,718","193,250","40.69693571","-73.80357263","POINT (-73.80357263 40.69693571)","01"
"311334935","08/17/2025","11:21:18","NYCTRR","403A3IX","BIKE","(null)","(null)","NEW YORK","17","992,245","215,005","40.75682016831","-73.97114326335","POINT (-73.9711432633524 40.7568201683051)","01"
"311342849","08/17/2025","16:25:10","NYCTRR","402C","CAR/SUV","GNE1791","NY","BRONX","42","1,012,946","242,977","40.83354445","-73.8963015","POINT (-73.8963015 40.83354445)","01"
"311336170","08/17/2025","12:44:02","VTL","1110AB","BIKE","(null)","(null)","BROOKLYN","81","1,005,334","190,407","40.68927485","-73.92397378","POINT (-73.92397378 40.68927485)","01"
"311331462","08/17/2025","09:12:00","VTL","1110A","CAR/SUV","JAA9628","NY","QUEENS","103","1,037,507","195,007","40.70176563","-73.80792594","POINT (-73.80792594 40.70176563)","01"
"311352349","08/17/2025","21:41:54","VTL","1180D","CAR/SUV","JBW6510","NY","BRONX","411","1,032,091","241,976","40.83072232777","-73.82712605886","POINT (-73.8271260588639 40.8307223277672)","01"
"311347857","08/17/2025","19:12:11","NYCTRR","403A1","CAR/SUV","JLV3076","NY","QUEENS","109","1,030,153","215,586","40.75829105","-73.83430806","POINT (-73.83430806 40.75829105)","01"
"311330393","08/17/2025","09:19:00","VTL","1180D","CAR/SUV","TPS7784","VA","QUEENS","113","1,045,643","180,391","40.66159545","-73.77871632","POINT (-73.77871632 40.66159545)","01"
"311333748","08/17/2025","11:01:55","VTL","1110A","CAR/SUV","LUF7258","NY","QUEENS","112","1,022,411","205,308","40.73011735","-73.86231192","POINT (-73.86231192 40.73011735)","01"
"311407440","08/17/2025","20:12:00","VTL","1229C3A","CAR/SUV","LJF2934","NY","BROOKLYN","67","999,845","176,497","40.65110639","-73.94379859","POINT (-73.94379859 40.65110639)","01"
"311350911","08/17/2025","20:26:35","VTL","1160B","CAR/SUV","0BR6689","NY","QUEENS","109","1,030,153","215,586","40.75829105","-73.83430806","POINT (-73.83430806 40.75829105)","01"
"311342843","08/17/2025","16:23:32","VTL","1110A","CAR/SUV","R41VCD","NJ","BROOKLYN","75","1,017,364","186,717","40.67910981","-73.88061332","POINT (-73.88061332 40.67910981)","01"
"311339372","08/17/2025","14:39:00","VTL","1110A","CAR/SUV","X20RRK","NJ","NEW YORK","14","985,764","213,806","40.75353270126","-73.99453689202","POINT (-73.9945368920152 40.7535327012632)","01"
"311318429","08/17/2025","00:54:00","VTL","1180D","CAR/SUV","AM47431","AZ","BROOKLYN","412","1,010,541","175,595","40.64861355106","-73.90525720323","POINT (-73.9052572032302 40.6486135510607)","01"
"311347834","08/17/2025","16:13:00","VTL","22611","MOPED","(null)","(null)","QUEENS","106","1,030,501","188,490","40.683926","-73.833239","POINT (-73.833239 40.683926)","01"
"311324609","08/17/2025","02:30:00","VTL","1127A","CAR/SUV","3CK2020","MD","BROOKLYN","67","997,843","175,671","40.64885074699","-73.95101651062","POINT (-73.951016510623 40.6488507469884)","01"
"311350884","08/17/2025","20:01:00","VTL","1172A","CAR/SUV","KFL4433","NY","NEW YORK","30","999,790","241,169","40.82862324005","-73.94384883699","POINT (-73.9438488369889 40.8286232400477)","01"
"311350887","08/17/2025","20:45:00","VTL","1111D1N","CAR/SUV","LVP3440","NY","BROOKLYN","71","997,943","180,037","40.66082606","-73.95064585","POINT (-73.95064585 40.66082606)","01"
"311318107","08/17/2025","00:22:10","VTL","1180D","CAR/SUV","KWE2411","NY","QUEENS","413","1,032,051","217,053","40.76231580042","-73.82744800186","POINT (-73.8274480018593 40.7623158004241)","01"
"311330373","08/17/2025","09:02:00","VTL","1110A","CAR/SUV","TDU6610","VA","BROOKLYN","78","990,502","188,496","40.68405249","-73.97745785","POINT (-73.97745785 40.68405249)","01"
"311330321","08/17/2025","07:51:00","VTL","6001A","CAR/SUV","D81VJD","NJ","BROOKLYN","69","1,010,390","175,471","40.64826539","-73.90580042","POINT (-73.90580042 40.64826539)","01"
"311318665","08/17/2025","00:50:00","VTL","37512A2","CAR/SUV","LJN6933","NY","BROOKLYN","76","986,535","188,772","40.68481196","-73.99176113","POINT (-73.99176113 40.68481196)","01"
"311333753","08/17/2025","11:07:52","VTL","1131","CAR/SUV","FSA9606","NY","NEW YORK","411","982,381","201,750","40.72044188847","-74.00674397419","POINT (-74.0067439741913 40.7204418884676)","01"
"311340932","08/17/2025","15:56:00","VTL","4101","MCL","NA","ZZ","QUEENS","114","1,004,390","215,286","40.757574","-73.927304","POINT (-73.927304 40.757574)","01"
"311344942","08/17/2025","18:00:52","VTL","1225D","CAR/SUV","BT00149","CT","QUEENS","101","1,052,204","159,911","40.6053345","-73.75527433","POINT (-73.75527433 40.6053345)","01"
"311336146","08/17/2025","12:20:00","NYCTRR","412A3","CAR/SUV","KER6848","(null)","BROOKLYN","73","1,006,452","183,195","40.66947681","-73.91996618","POINT (-73.91996618 40.66947681)","01"
"311330395","08/17/2025","09:20:00","VTL","1180D","CAR/SUV","D95VJM","NJ","NEW YORK","411","1,002,173","249,401","40.85121316769","-73.93521605199","POINT (-73.9352160519866 40.8512131676868)","01"
"311333733","08/17/2025","10:48:49","VTL","1110A","CAR/SUV","KSR4349","NY","NEW YORK","20","991,202","224,999","40.78425197866","-73.97489766642","POINT (-73.9748976664227 40.7842519786623)","01"
"311333717","08/17/2025","10:23:00","VTL","1160A","CAR/SUV","KWW4263","NY","BROOKLYN","78","990,502","188,496","40.68405249","-73.97745785","POINT (-73.97745785 40.68405249)","01"
"311352353","08/17/2025","22:06:00","VTL","1180D","CAR/SUV","MHV6818","PA","BROOKLYN","77","995,818","186,960","40.67983117","-73.95829317","POINT (-73.95829317 40.67983117)","01"
"311330356","08/17/2025","08:40:54","NYCTRR","403A1","MCL","(null)","(null)","BROOKLYN","83","1,002,212","193,214","40.6969863","-73.93522383","POINT (-73.93522383 40.6969863)","01"
"311337574","08/17/2025","13:26:00","VTL","1225C2A","CAR/SUV","KHA6466","NY","BROOKLYN","70","998,184","163,958","40.61669227","-73.94981041","POINT (-73.94981041 40.61669227)","01"
"311349437","08/17/2025","18:30:00","NYCTRR","405B1","CAR/SUV","HHT7850","NY","QUEENS","103","1,041,920","196,748","40.706528","-73.791996","POINT (-73.791996 40.706528)","01"
"311328225","08/17/2025","07:57:19","VTL","1180D","CAR/SUV","MKP7488","(null)","BROOKLYN","412","1,000,528","168,138","40.6281697437","-73.94135878348","POINT (-73.9413587834752 40.6281697437036)","01"
"311385214","08/17/2025","09:35:00","VTL","1110A","CAR/SUV","LSW9234","NY","BROOKLYN","60","992,074","150,516","40.5798042","-73.97183389","POINT (-73.97183389 40.5798042)","01"
"311349436","08/17/2025","13:34:00","VTL","1229C3A","CAR/SUV","Y101176C","NY","NEW YORK","14","985,764","213,806","40.75353270126","-73.99453689202","POINT (-73.9945368920152 40.7535327012632)","01"
"311333700","08/17/2025","10:20:00","VTL","1225D","CAR/SUV","MYG7112","PA","STATEN ISLAND","123","926,731","142,481","40.5575666","-74.20699746","POINT (-74.20699746 40.5575666)","01"
"311337575","08/17/2025","13:31:54","VTL","1111D1C","BIKE","(null)","(null)","BROOKLYN","62","984,452","164,495","40.61817718","-73.99927238","POINT (-73.99927238 40.61817718)","01"
"311331509","08/17/2025","10:07:51","VTL","1180D","CAR/SUV","LJJ9891","NY","BRONX","411","1,026,480","262,584","40.88731363447","-73.84727175776","POINT (-73.8472717577564 40.8873136344706)","01"
"311333693","08/17/2025","00:00:00","VTL","1110A","CAR/SUV","LPN5477","(null)","BROOKLYN","63","1,002,189","165,609","40.62121672","-73.93538021","POINT (-73.93538021 40.62121672)","01"
"311325457","08/17/2025","04:15:00","VTL","1111D1N","MCL","709BY6","NY","BROOKLYN","72","984,780","178,590","40.65686493","-73.99808981","POINT (-73.99808981 40.65686493)","01"
"311318105","08/17/2025","00:15:46","VTL","1110A","CAR/SUV","L21VWL","NJ","QUEENS","102","1,033,858","192,834","40.69582247","-73.82110221","POINT (-73.82110221 40.69582247)","01"
"311353827","08/17/2025","22:47:02","VTL","1122A","MCL","610CA3","NY","QUEENS","109","1,030,630","213,662","40.75300768","-73.83259955","POINT (-73.83259955 40.75300768)","01"
"311342897","08/17/2025","17:17:03","NYCTRR","403A1","CAR/SUV","Y207049C","NY","QUEENS","112","1,021,783","205,604","40.73093248","-73.86457614","POINT (-73.86457614 40.73093248)","01"
"311353823","08/17/2025","19:43:00","VTL","37512A1","CAR/SUV","LKA1173","NY","BRONX","44","1,006,770","241,354","40.82910769","-73.91862509","POINT (-73.91862509 40.82910769)","01"
"311354086","08/17/2025","17:00:00","VTL","37540B","CAR/SUV","LHC1854","NY","BRONX","48","1,014,423","249,148","40.8504771","-73.89093632","POINT (-73.89093632 40.8504771)","01"
"311325474","08/17/2025","06:13:00","VTL","1180D","CAR/SUV","M68UZE","NJ","QUEENS","413","1,018,623","214,936","40.75656758464","-73.87593153413","POINT (-73.8759315341335 40.7565675846374)","01"
"311342885","08/17/2025","17:00:00","VTL","3191U","MCL","724BK0","NY","BRONX","40","1,007,046","236,603","40.81606683","-73.91764392","POINT (-73.91764392 40.81606683)","01"
"311354113","08/17/2025","21:30:00","VTL","37512A2","CAR/SUV","M57UVL","NJ","BROOKLYN","67","999,411","172,008","40.63878581","-73.94537273","POINT (-73.94537273 40.63878581)","01"
"311347826","08/17/2025","14:30:00","VTL","22611","MOPED","(null)","(null)","QUEENS","106","1,030,776","188,930","40.685132","-73.832243","POINT (-73.832243 40.685132)","01"
"311340917","08/17/2025","15:40:00","VTL","1111D1N","MOPED","243BV6","NY","NEW YORK","33","1,001,891","245,600","40.84078110886","-73.93624538182","POINT (-73.9362453818218 40.8407811088581)","01"
"311328206","08/17/2025","00:22:00","VTL","4011A","CAR/SUV","F3OMAR","NY","BROOKLYN","77","1,002,206","183,027","40.669034","-73.935274","POINT (-73.935274 40.669034)","01"
"311325047","08/17/2025","01:32:00","VTL","6001A","CAR/SUV","MPJ8979","PA","BRONX","44","1,010,025","246,298","40.84266863","-73.90684432","POINT (-73.90684432 40.84266863)","01"
"311344912","08/17/2025","12:03:00","VTL","1225D","CAR/SUV","LCG5855","NY","BROOKLYN","79","997,547","191,683","40.69279229","-73.95205018","POINT (-73.95205018 40.69279229)","01"
"311354109","08/17/2025","21:09:00","VTL","3752A3","CAR/SUV","T10UKZ","NJ","BROOKLYN","73","1,010,059","184,841","40.67398493","-73.90695736","POINT (-73.90695736 40.67398493)","01"
"311328223","08/17/2025","07:54:41","VTL","1172A","CAR/SUV","L54VSF","NJ","NEW YORK","33","1,001,891","245,600","40.84078110886","-73.93624538182","POINT (-73.9362453818218 40.8407811088581)","01"
"311328198","08/17/2025","01:50:00","VTL","1163D","CAR/SUV","F83ULX","NJ","QUEENS","111","1,048,659","216,392","40.76039613927","-73.76750253495","POINT (-73.7675025349456 40.7603961392658)","01"
"311318706","08/17/2025","01:49:00","VTL","1180D","CAR/SUV","R68RCU","NJ","BROOKLYN","412","1,000,528","168,138","40.6281697437","-73.94135878348","POINT (-73.9413587834752 40.6281697437036)","01"
"311333721","08/17/2025","10:28:39","VTL","1225D","CAR/SUV","ZXP7087","PA","NEW YORK","23","998,751","226,901","40.78946329956","-73.94763400394","POINT (-73.9476340039424 40.7894632995555)","01"
"311330344","08/17/2025","08:27:00","VTL","1180D","MCL","(null)","(null)","QUEENS","113","1,045,643","180,391","40.66159545","-73.77871632","POINT (-73.77871632 40.66159545)","01"
"311318419","08/17/2025","00:33:00","VTL","1180D","CAR/SUV","MTX6455","PA","BROOKLYN","412","1,000,528","168,138","40.6281697437","-73.94135878348","POINT (-73.9413587834752 40.6281697437036)","01"
"311337584","08/17/2025","13:31:56","VTL","1110AB","BIKE","(null)","(null)","NEW YORK","33","1,001,891","245,600","40.84078110886","-73.93624538182","POINT (-73.9362453818218 40.8407811088581)","01"
"311333729","08/17/2025","10:46:53","VTL","1110AB","BIKE","(null)","(null)","NEW YORK","17","992,245","215,005","40.75682016831","-73.97114326335","POINT (-73.9711432633524 40.7568201683051)","01"
"311331464","08/17/2025","09:17:00","VTL","37512A2","CAR/SUV","LJV6617","NY","QUEENS","115","1,013,435","214,209","40.75458253","-73.89465942","POINT (-73.89465942 40.75458253)","01"
"311342853","08/17/2025","17:18:03","NYCTRR","403A1","CAR/SUV","LTP4434","NY","NEW YORK","7","988,917","200,245","40.71630999173","-73.98316601369","POINT (-73.9831660136947 40.7163099917327)","01"
"311337558","08/17/2025","13:31:00","NYCTRR","403A3I","CAR/SUV","KSG6754","OH","NEW YORK","10","984,791","209,846","40.74266360845","-73.99804910848","POINT (-73.9980491084798 40.7426636084461)","01"
"311340944","08/17/2025","16:05:22","VTL","4101","MOPED","VEGANGAS","(null)","STATEN ISLAND","122","955,446","149,329","40.57650278","-74.10368819","POINT (-74.10368819 40.57650278)","01"
"311350886","08/17/2025","16:48:00","VTL","1166B","CAR/SUV","OLA1","NY","QUEENS","115","1,024,252","215,581","40.75830599","-73.85560835","POINT (-73.85560835 40.75830599)","01"
"311328210","08/17/2025","07:28:35","VTL","1180D","CAR/SUV","9TA797","MA","BRONX","411","1,026,480","262,584","40.88731363447","-73.84727175776","POINT (-73.8472717577564 40.8873136344706)","01"
"311339388","08/17/2025","15:08:00","VTL","3817","MOPED","867CB3","NY","NEW YORK","33","1,001,891","245,600","40.84078110886","-73.93624538182","POINT (-73.9362453818218 40.8407811088581)","01"
"311337581","08/17/2025","13:31:54","VTL","1111D1C","BIKE","(null)","(null)","BROOKLYN","62","984,021","163,816","40.61631346","-74.00082484","POINT (-74.00082484 40.61631346)","01"
"311350893","08/17/2025","15:02:00","VTL","1229C3B","CAR/SUV","R13STD","NJ","NEW YORK","14","985,764","213,806","40.75353270126","-73.99453689202","POINT (-73.9945368920152 40.7535327012632)","01"
"311347816","08/17/2025","16:45:00","VTL","1110A","CAR/SUV","Y205375C","NY","NEW YORK","6","982,755","206,652","40.73389675845","-74.00539583734","POINT (-74.0053958373447 40.7338967584511)","01"
"311385221","08/17/2025","21:01:00","NYCTRR","403A3I","MCL","524BZ3","NY","BROOKLYN","67","1,002,759","176,681","40.65160582","-73.93329659","POINT (-73.93329659 40.65160582)","01"
"311349438","08/17/2025","19:25:00","VTL","37512A2","CAR/SUV","MSZ9243","PA","QUEENS","103","1,043,107","197,170","40.70766706","-73.78771043","POINT (-73.78771043 40.70766706)","01"
"311362572","08/17/2025","23:17:00","VTL","1111D1N","CAR/SUV","T103885C","NY","QUEENS","115","1,018,776","213,553","40.75276273","-73.87538497","POINT (-73.87538497 40.75276273)","01"
"311353811","08/17/2025","17:26:00","VTL","5091","CAR/SUV","KWS1020","NY","NEW YORK","24","993,369","229,307","40.79607431283","-73.96706674581","POINT (-73.9670667458109 40.7960743128304)","01"
"311342844","08/17/2025","16:24:38","VTL","1180D","CAR/SUV","LTT9745","NY","QUEENS","413","1,036,658","205,330","40.73011306687","-73.81090891488","POINT (-73.8109089148815 40.7301130668694)","01"
"311353806","08/17/2025","16:00:00","NYCTRR","407A","CAR/SUV","KVP6830","NY","STATEN ISLAND","121","945,749","153,919","40.5890646","-74.1386214","POINT (-74.1386214 40.5890646)","01"
"311339376","08/17/2025","14:42:05","VTL","4101","MOPED","(null)","(null)","QUEENS","114","1,007,948","213,873","40.7536767","-73.91446541","POINT (-73.91446541 40.7536767)","01"
"311340946","08/17/2025","16:05:22","VTL","4024","MOPED","VEGANGAS","(null)","STATEN ISLAND","122","955,446","149,329","40.57650278","-74.10368819","POINT (-74.10368819 40.57650278)","01"
"311330360","08/17/2025","08:56:21","VTL","1180D","CAR/SUV","C83LJD","NY","STATEN ISLAND","442","942,822","166,353","40.6231883776","-74.14923769473","POINT (-74.1492376947323 40.6231883776008)","01"
"311334975","08/17/2025","12:06:01","VTL","1111D1N","MOPED","(null)","(null)","BROOKLYN","62","984,452","164,495","40.61817718","-73.99927238","POINT (-73.99927238 40.61817718)","01"
"311339334","08/17/2025","14:27:00","VTL","37512A1","CAR/SUV","LUJ3530","NY","BROOKLYN","70","995,978","169,861","40.63289796","-73.95774605","POINT (-73.95774605 40.63289796)","01"
"311340949","08/17/2025","16:18:22","NYCTRR","403A1","CAR/SUV","LXS9183","NY","BROOKLYN","68","980,155","170,246","40.63396152","-74.0147538","POINT (-74.0147538 40.63396152)","01"
"311358272","08/17/2025","20:00:00","VTL","1160E","CAR/SUV","LEP8482","NY","BROOKLYN","75","1,016,653","182,077","40.6663767","-73.883199","POINT (-73.883199 40.6663767)","01"
"311339353","08/17/2025","14:36:00","VTL","1110A","CAR/SUV","DZ61UH","FL","BROOKLYN","77","995,908","183,618","40.67065802","-73.95797447","POINT (-73.95797447 40.67065802)","01"
"311330343","08/17/2025","08:30:54","VTL","1163AT","MOPED","180CE3","NY","QUEENS","107","1,037,874","196,781","40.70663261","-73.80658821","POINT (-73.80658821 40.70663261)","01"
"311350896","08/17/2025","13:35:00","VTL","5092","MOPED","226CC5","NY","NEW YORK","6","982,755","206,652","40.73389675845","-74.00539583734","POINT (-74.0053958373447 40.7338967584511)","01"
"311352329","08/17/2025","18:02:00","VTL","4021B1","CAR/SUV","T120147C","NY","QUEENS","101","1,044,086","156,152","40.59507537","-73.78454321","POINT (-73.78454321 40.59507537)","01"
"311333716","08/17/2025","10:25:24","VTL","1180D","CAR/SUV","LNW8502","PA","BRONX","411","1,026,480","262,584","40.88731363447","-73.84727175776","POINT (-73.8472717577564 40.8873136344706)","01"
"311331458","08/17/2025","09:42:00","VTL","1110A","CAR/SUV","LZW9732","NY","QUEENS","113","1,046,315","187,088","40.67998073847","-73.7762339072","POINT (-73.7762339071953 40.6799807384666)","01"
"311349442","08/17/2025","19:18:35","VTL","1180D","CAR/SUV","T117817C","NY","QUEENS","413","996,424","210,017","40.7431245995","-73.95606807268","POINT (-73.9560680726795 40.7431245994984)","01"
"311336181","08/17/2025","13:01:03","VTL","1110A","CAR/SUV","LVU3305","NY","BROOKLYN","75","1,018,247","187,048","40.68001498","-73.87742815","POINT (-73.87742815 40.68001498)","01"
"311350916","08/17/2025","20:34:59","NYCTRR","406A1","CAR/SUV","R29UUL","NJ","BROOKLYN","75","1,017,987","181,155","40.66384103","-73.87839504","POINT (-73.87839504 40.66384103)","01"
"311347838","08/17/2025","15:33:00","VTL","1110A","CAR/SUV","633285","DE","NEW YORK","13","988,886","207,857","40.73720309857","-73.98327259815","POINT (-73.9832725981497 40.7372030985741)","01"
"311331491","08/17/2025","09:42:42","VTL","1225D","TRUCK/BUS","ZXR6142","PA","QUEENS","115","1,022,759","215,403","40.75782406","-73.86099851","POINT (-73.86099851 40.75782406)","01"
"311334945","08/17/2025","11:50:00","VTL","1180D","CAR/SUV","841BBN","NY","QUEENS","116","1,050,633","177,078","40.652475","-73.760762","POINT (-73.760762 40.652475)","01"
"311336150","08/17/2025","12:20:02","VTL","1110A","CAR/SUV","246960V","NJ","QUEENS","107","1,035,158","200,056","40.71563773","-73.81635953","POINT (-73.81635953 40.71563773)","01"
"311358280","08/17/2025","19:50:00","VTL","5091","CAR/SUV","MLD8724","PA","BROOKLYN","67","1,003,568","176,728","40.65173309","-73.93038095","POINT (-73.93038095 40.65173309)","01"
"311379026","08/17/2025","13:50:00","VTL","4011AG","CAR/SUV","G86PNH","NJ","BROOKLYN","79","997,425","192,489","40.69500476","-73.95248855","POINT (-73.95248855 40.69500476)","01"
"311350930","08/17/2025","21:08:18","VTL","1110A","CAR/SUV","AI77IA","NY","BROOKLYN","75","1,018,247","187,048","40.68001498","-73.87742815","POINT (-73.87742815 40.68001498)","01"
"311330352","08/17/2025","08:39:51","VTL","1180D","CAR/SUV","LWU8544","NY","NEW YORK","411","982,381","201,750","40.72044188847","-74.00674397419","POINT (-74.0067439741913 40.7204418884676)","01"
"311347833","08/17/2025","14:21:00","VTL","4021A","CAR/SUV","LKA2209","NY","NEW YORK","33","1,001,891","245,600","40.84078110886","-73.93624538182","POINT (-73.9362453818218 40.8407811088581)","01"
"311333758","08/17/2025","11:10:00","VTL","3817","MCL","475BX6","NY","QUEENS","108","1,010,732","213,341","40.7522086","-73.90441906","POINT (-73.90441906 40.7522086)","01"
"311362573","08/17/2025","23:25:00","NYCTRR","405B1","CAR/SUV","RKE1694","NY","NEW YORK","34","1,002,173","249,401","40.85121316769","-73.93521605199","POINT (-73.9352160519866 40.8512131676868)","01"
"311340912","08/17/2025","15:45:00","VTL","1110A","CAR/SUV","LZW7750","PA","BROOKLYN","81","1,005,848","186,935","40.67974376","-73.92213149","POINT (-73.92213149 40.67974376)","01"
"311344929","08/17/2025","17:35:24","VTL","4101","MOPED","(null)","(null)","QUEENS","114","1,008,156","218,174","40.76548128","-73.91369937","POINT (-73.91369937 40.76548128)","01"
"311352346","08/17/2025","21:36:07","NYCTRR","406A1","CAR/SUV","462937E","MT","BROOKLYN","75","1,017,987","181,155","40.66384103","-73.87839504","POINT (-73.87839504 40.66384103)","01"
"311320400","08/17/2025","02:23:57","VTL","1180D","CAR/SUV","GNF9774","NY","QUEENS","100","1,031,326","170,802","40.63536347","-73.830387","POINT (-73.830387 40.63536347)","01"
"311318433","08/17/2025","00:57:13","VTL","5091","CAR/SUV","240804V","NJ","QUEENS","413","1,048,659","216,392","40.76039613927","-73.76750253495","POINT (-73.7675025349456 40.7603961392658)","01"
"311328213","08/17/2025","07:36:35","VTL","1180D","CAR/SUV","MRF7652","PA","BROOKLYN","412","1,010,541","175,595","40.64861355106","-73.90525720323","POINT (-73.9052572032302 40.6486135510607)","01"
"311347847","08/17/2025","18:39:37","VTL","37512A1","CAR/SUV","LRN6465","NY","QUEENS","101","1,052,204","159,911","40.6053345","-73.75527433","POINT (-73.75527433 40.6053345)","01"
"311354689","08/17/2025","23:30:00","VTL","4024","CAR/SUV","JSA0264","PA","STATEN ISLAND","120","962,873","174,172","40.64472094387","-74.0770327199","POINT (-74.0770327198983 40.6447209438691)","01"
"311320409","08/17/2025","03:03:00","NYCTRR","406A1","CAR/SUV","KZD7231","NY","QUEENS","115","1,018,154","219,888","40.77015307","-73.877598","POINT (-73.877598 40.77015307)","01"
"311353813","08/17/2025","20:09:00","VTL","1110A","CAR/SUV","T686796C","NY","NEW YORK","24","993,369","229,307","40.79607431283","-73.96706674581","POINT (-73.9670667458109 40.7960743128304)","01"
"311331488","08/17/2025","09:39:00","VTL","1160A","CAR/SUV","DCF9384","NY","QUEENS","108","1,002,241","207,972","40.73749339","-73.9350798","POINT (-73.9350798 40.73749339)","01"
"311333757","08/17/2025","10:55:00","VTL","37512A2","CAR/SUV","C84UEF","NJ","NEW YORK","411","1,002,173","249,401","40.85121316769","-73.93521605199","POINT (-73.9352160519866 40.8512131676868)","01"
"311347846","08/17/2025","18:20:26","VTL","1110A","CAR/SUV","ZM168888","NY","QUEENS","413","996,424","210,017","40.7431245995","-73.95606807268","POINT (-73.9560680726795 40.7431245994984)","01"
"311344954","08/17/2025","17:57:22","NYCTRR","403A1","CAR/SUV","LRE4858","NY","QUEENS","112","1,021,783","205,604","40.73093248","-73.86457614","POINT (-73.86457614 40.73093248)","01"
"311324604","08/17/2025","00:50:00","VTL","4011A","CAR/SUV","MMT3631","PA","NEW YORK","32","1,000,702","240,065","40.825594","-73.940553","POINT (-73.940553 40.825594)","01"
"311328222","08/17/2025","07:53:10","VTL","1180D","CAR/SUV","H54VHE","NJ","BRONX","411","1,026,480","262,584","40.88731363447","-73.84727175776","POINT (-73.8472717577564 40.8873136344706)","01"
"311350933","08/17/2025","21:16:48","VTL","1229C3A","CAR/SUV","LNJ1237","NY","QUEENS","116","1,052,693","187,158","40.68011759","-73.75323687","POINT (-73.75323687 40.68011759)","01"
"311349444","08/17/2025","19:00:00","NYCTRR","403A1","MOPED","(null)","(null)","BROOKLYN","67","996,508","176,285","40.65052974","-73.95582488","POINT (-73.95582488 40.65052974)","01"
"311330387","08/17/2025","09:15:00","VTL","1160A","CAR/SUV","T120740C","NY","BROOKLYN","78","990,502","188,496","40.68405249","-73.97745785","POINT (-73.97745785 40.68405249)","01"
"311318424","08/17/2025","00:36:59","VTL","1163AT","CAR/SUV","LJL7072","NY","NEW YORK","23","998,751","226,901","40.78946329956","-73.94763400394","POINT (-73.9476340039424 40.7894632995555)","01"
"311318707","08/17/2025","01:46:37","VTL","4011A","CAR/SUV","S2295179","GA","BROOKLYN","75","1,019,724","186,309","40.6779808","-73.87210691","POINT (-73.87210691 40.6779808)","01"
"311330334","08/17/2025","09:10:00","VTL","1110A","CAR/SUV","LTU1728","NY","QUEENS","116","1,052,693","187,158","40.68011759","-73.75323687","POINT (-73.75323687 40.68011759)","01"
"311339385","08/17/2025","15:00:40","VTL","1110A","CAR/SUV","LPK6922","NY","BROOKLYN","75","1,018,247","187,048","40.68001498","-73.87742815","POINT (-73.87742815 40.68001498)","01"
"311342887","08/17/2025","17:00:00","VTL","1110A","MCL","724BK0","NY","BRONX","40","1,007,046","236,603","40.81606683","-73.91764392","POINT (-73.91764392 40.81606683)","01"
"311333742","08/17/2025","10:55:00","VTL","1180D","CAR/SUV","C84UEF","NJ","NEW YORK","411","1,002,173","249,401","40.85121316769","-73.93521605199","POINT (-73.9352160519866 40.8512131676868)","01"
"311327596","08/17/2025","02:41:00","VTL","4021A","CAR/SUV","E15RWY","NJ","BROOKLYN","63","1,006,349","161,949","40.61116138","-73.92040706","POINT (-73.92040706 40.61116138)","01"
"311483852","08/17/2025","09:50:00","VTL","1229C3A","CAR/SUV","BP42526","CT","BROOKLYN","83","1,008,282","194,600","40.70077614","-73.91332872","POINT (-73.91332872 40.70077614)","01"
"311328207","08/17/2025","00:22:00","VTL","3752A1I","CAR/SUV","F3OMAR","NY","BROOKLYN","77","1,002,206","183,027","40.669034","-73.935274","POINT (-73.935274 40.669034)","01"
"311350903","08/17/2025","18:48:00","VTL","3817","MOPED","236CD4","NY","QUEENS","103","1,037,507","195,007","40.70176563","-73.80792594","POINT (-73.80792594 40.70176563)","01"
"311331513","08/17/2025","10:10:07","VTL","5092","MCL","389BX4","NY","NEW YORK","23","998,751","226,901","40.78946329956","-73.94763400394","POINT (-73.9476340039424 40.7894632995555)","01"
"311337606","08/17/2025","13:51:35","VTL","1110A","CAR/SUV","Y204711C","NY","NEW YORK","6","982,755","206,652","40.73389675845","-74.00539583734","POINT (-74.0053958373447 40.7338967584511)","01"
"311337593","08/17/2025","13:43:00","NYCTRR","403A1","CAR/SUV","E66VPA","NJ","BROOKLYN","70","997,133","161,865","40.61094901","-73.95360005","POINT (-73.95360005 40.61094901)","01"
"311347823","08/17/2025","18:44:00","VTL","4011A","CAR/SUV","(null)","(null)","QUEENS","106","1,031,726","186,224","40.67769126","-73.82883725","POINT (-73.82883725 40.67769126)","01"
"311353803","08/17/2025","20:50:00","VTL","37512A2","CAR/SUV","229170V","NJ","BROOKLYN","61","993,470","159,624","40.60480249","-73.96679592","POINT (-73.96679592 40.60480249)","01"
"311352316","08/17/2025","21:00:00","VTL","37512A2","CAR/SUV","KYD9091","NY","QUEENS","112","1,027,166","204,873","40.72890159","-73.84515829","POINT (-73.84515829 40.72890159)","01"
"311347821","08/17/2025","17:55:00","VTL","5091","CAR/SUV","KAH7677","NY","QUEENS","104","1,007,471","199,160","40.71329442","-73.91623786","POINT (-73.91623786 40.71329442)","01"
"311339351","08/17/2025","12:01:00","VTL","5091","MCL","638BU3","NY","BROOKLYN","90","997,661","199,434","40.71406679","-73.95162366","POINT (-73.95162366 40.71406679)","01"
"311339377","08/17/2025","14:42:05","VTL","5091","MOPED","(null)","(null)","QUEENS","114","1,007,948","213,873","40.7536767","-73.91446541","POINT (-73.91446541 40.7536767)","01"
"311318425","08/17/2025","00:41:00","VTL","1180D","CAR/SUV","LSG2388","NY","BROOKLYN","412","1,000,528","168,138","40.6281697437","-73.94135878348","POINT (-73.9413587834752 40.6281697437036)","01"
"311318422","08/17/2025","00:32:27","VTL","1180D","CAR/SUV","FIHX46","FL","QUEENS","413","1,032,051","217,053","40.76231580042","-73.82744800186","POINT (-73.8274480018593 40.7623158004241)","01"
"311337578","08/17/2025","13:32:30","NYCTRR","403A3IX","BIKE","(null)","(null)","NEW YORK","17","992,245","215,005","40.75682016831","-73.97114326335","POINT (-73.9711432633524 40.7568201683051)","01"
"311362039","08/17/2025","23:45:00","VTL","1163D","CAR/SUV","T132779C","NY","BROOKLYN","79","998,863","189,153","40.68584595","-73.94731009","POINT (-73.94731009 40.68584595)","01"
"311344899","08/17/2025","14:30:00","VTL","1110A","CAR/SUV","C30USZ","NJ","BROOKLYN","60","993,250","150,726","40.58037949","-73.96760006","POINT (-73.96760006 40.58037949)","01"
"311349428","08/17/2025","19:30:00","VTL","37512A2","CAR/SUV","TBD8426","VA","QUEENS","101","1,052,632","161,443","40.60953621","-73.75371746","POINT (-73.75371746 40.60953621)","01"
"311342828","08/17/2025","15:59:00","NYCTRR","403A5","MOPED","647CD6","NY","BROOKLYN","81","1,006,232","189,451","40.68664866","-73.92073883","POINT (-73.92073883 40.68664866)","01"
"311340937","08/17/2025","16:05:22","VTL","1111D1N","MOPED","VEGANGAS","(null)","STATEN ISLAND","122","955,446","149,329","40.57650278","-74.10368819","POINT (-74.10368819 40.57650278)","01"
"311325061","08/17/2025","04:03:00","VTL","1111D1N","CAR/SUV","MLD5411","PA","BROOKLYN","83","1,006,832","193,088","40.69662987","-73.9185632","POINT (-73.9185632 40.69662987)","01"
"311363059","08/17/2025","20:08:00","VTL","37534","CAR/SUV","(null)","(null)","BRONX","47","1,019,669","259,998","40.88023754","-73.87191675","POINT (-73.87191675 40.88023754)","01"
"311336167","08/17/2025","12:36:24","VTL","4101","MCL","329BX2","NY","QUEENS","112","1,026,568","202,697","40.72293189","-73.84732957","POINT (-73.84732957 40.72293189)","01"
"311328205","08/17/2025","07:30:00","VTL","4021B1","CAR/SUV","T596060C","NY","NEW YORK","14","987,220","212,676","40.750432","-73.989281","POINT (-73.989281 40.750432)","01"
"311344927","08/17/2025","17:35:24","VTL","5091","MOPED","(null)","(null)","QUEENS","114","1,008,156","218,174","40.76548128","-73.91369937","POINT (-73.91369937 40.76548128)","01"
"311342894","08/17/2025","17:10:00","NYCTRR","406A1","CAR/SUV","KVT6634","NY","BRONX","49","1,020,413","251,419","40.85668781","-73.86927257","POINT (-73.86927257 40.85668781)","01"
"311333728","08/17/2025","10:42:00","VTL","1180D","CAR/SUV","KWS6305","NY","QUEENS","113","1,045,643","180,391","40.66159545","-73.77871632","POINT (-73.77871632 40.66159545)","01"
"311353821","08/17/2025","22:20:00","VTL","3817","MCL","797BZ5","NY","NEW YORK","28","997,407","233,806","40.808417746","-73.95247406035","POINT (-73.9524740603515 40.8084177460021)","01"
"311354114","08/17/2025","23:28:52","VTL","1111D1N","CAR/SUV","S16VYZ","NJ","BROOKLYN","75","1,017,364","186,717","40.67910981","-73.88061332","POINT (-73.88061332 40.67910981)","01"
"311318681","08/17/2025","01:38:00","VTL","37540B","CAR/SUV","Y208558C","NY","NEW YORK","19","994,244","218,713","40.76699564239","-73.96392230354","POINT (-73.9639223035387 40.7669956423899)","01"
"311340945","08/17/2025","16:14:51","VTL","4011A","CAR/SUV","TLA6592","VA","BRONX","411","1,026,480","262,584","40.88731363447","-73.84727175776","POINT (-73.8472717577564 40.8873136344706)","01"
"311354700","08/17/2025","21:17:00","VTL","1110A","CAR/SUV","LVC5572","NY","QUEENS","105","1,060,784","205,266","40.72975328","-73.7238601","POINT (-73.7238601 40.72975328)","01"
"311318097","08/17/2025","00:01:11","VTL","1180D","CAR/SUV","B98UZD","NJ","QUEENS","413","1,032,051","217,053","40.76231580042","-73.82744800186","POINT (-73.8274480018593 40.7623158004241)","01"
"311337567","08/17/2025","13:55:26","VTL","1225C2A","CAR/SUV","MNX8236","PA","BROOKLYN","60","993,250","150,726","40.58037949","-73.96760006","POINT (-73.96760006 40.58037949)","01"
"311342881","08/17/2025","17:07:00","VTL","1110A","MCL","573BU1","NY","BROOKLYN","66","991,426","167,424","40.62621377","-73.97414871","POINT (-73.97414871 40.62621377)","01"
"311354096","08/17/2025","22:44:00","VTL","3752A3","CAR/SUV","T805667C","NY","NEW YORK","32","999,433","236,538","40.81591307653","-73.94514930665","POINT (-73.9451493066481 40.81591307653)","01"
"311344961","08/17/2025","18:10:00","VTL","1229C1B","CAR/SUV","LXE1420","NY","BRONX","49","1,020,413","251,419","40.85668781","-73.86927257","POINT (-73.86927257 40.85668781)","01"
"311318708","08/17/2025","01:56:32","VTL","1225D","CAR/SUV","KW203B","FL","QUEENS","105","1,059,064","204,240","40.72695189","-73.73007734","POINT (-73.73007734 40.72695189)","01"
"311334940","08/17/2025","11:25:11","NYCTRR","403A3IX","BIKE","(null)","(null)","NEW YORK","17","992,245","215,005","40.75682016831","-73.97114326335","POINT (-73.9711432633524 40.7568201683051)","01"
"311349463","08/17/2025","19:54:23","VTL","1180D","CAR/SUV","LRE6413","NY","QUEENS","413","996,424","210,017","40.7431245995","-73.95606807268","POINT (-73.9560680726795 40.7431245994984)","01"
"311333762","08/17/2025","11:13:00","VTL","1225D","CAR/SUV","LEA2683","NY","QUEENS","113","1,045,643","180,391","40.66159545","-73.77871632","POINT (-73.77871632 40.66159545)","01"
"311330338","08/17/2025","08:47:27","VTL","1180D","CAR/SUV","LHY1917","NY","BROOKLYN","412","984,128","179,058","40.65815775355","-74.00044115489","POINT (-74.0004411548878 40.6581577535544)","01"
"311340910","08/17/2025","14:57:00","VTL","1111D1N","MOPED","(null)","(null)","NEW YORK","9","987,496","203,963","40.7265156408","-73.98829024376","POINT (-73.9882902437563 40.7265156408036)","01"
"311330347","08/17/2025","08:27:00","VTL","4111","MCL","(null)","(null)","QUEENS","113","1,045,643","180,391","40.66159545","-73.77871632","POINT (-73.77871632 40.66159545)","01"
"311330374","08/17/2025","09:01:51","VTL","5091","CAR/SUV","GLH8614","NY","QUEENS","108","1,002,241","207,972","40.73749339","-73.9350798","POINT (-73.9350798 40.73749339)","01"
"311330319","08/17/2025","08:35:00","VTL","1160E","CAR/SUV","JSF5593","NY","BRONX","50","1,012,338","263,872","40.89089683","-73.89841105","POINT (-73.89841105 40.89089683)","01"
"311334955","08/17/2025","11:47:48","VTL","1225C2A","CAR/SUV","GKE4897","NY","QUEENS","107","1,035,158","200,056","40.71563773","-73.81635953","POINT (-73.81635953 40.71563773)","01"
"311337621","08/17/2025","14:08:46","NYCTRR","403A1","CAR/SUV","JHJ2099","NY","BROOKLYN","68","980,155","170,246","40.63396152","-74.0147538","POINT (-74.0147538 40.63396152)","01"
"311347839","08/17/2025","16:41:00","VTL","4021A","CAR/SUV","LVS7757","NY","NEW YORK","13","988,886","207,857","40.73720309857","-73.98327259815","POINT (-73.9832725981497 40.7372030985741)","01"
"311353818","08/17/2025","21:17:00","VTL","3816","MCL","499CD3","NY","BROOKLYN","75","1,012,795","183,062","40.66909358","-73.8971015","POINT (-73.8971015 40.66909358)","01"
"311529493","08/17/2025","04:49:00","VTL","3752A1","CAR/SUV","T103736C","NY","NEW YORK","18","988,451","217,993","40.76502407883","-73.98483594971","POINT (-73.9848359497083 40.7650240788333)","01"
"311354704","08/17/2025","21:55:00","VTL","3817","MOPED","201CB8","NY","QUEENS","114","1,008,434","218,626","40.76673","-73.912692","POINT (-73.912692 40.76673)","01"
"311354074","08/17/2025","22:45:00","VTL","4021A","CAR/SUV","MJL9636","PA","BRONX","46","1,011,539","251,547","40.857081","-73.901352","POINT (-73.901352 40.857081)","01"
"311339348","08/17/2025","11:08:00","VTL","5091","MCL","747BY6","NY","BROOKLYN","90","997,661","199,434","40.71406679","-73.95162366","POINT (-73.95162366 40.71406679)","01"
"311324602","08/17/2025","00:15:00","VTL","5092","MCL","727CB8","NY","BROOKLYN","79","996,897","187,335","40.68085899","-73.95440229","POINT (-73.95440229 40.68085899)","01"
"311330327","08/17/2025","08:10:00","VTL","2501","MOPED","(null)","(null)","NEW YORK","19","994,244","218,713","40.76699564239","-73.96392230354","POINT (-73.9639223035387 40.7669956423899)","01"
"311350879","08/17/2025","20:25:00","VTL","1172A","CAR/SUV","LAC4961","NY","STATEN ISLAND","121","939,348","155,247","40.59267957","-74.16167673","POINT (-74.16167673 40.59267957)","01"
"311342842","08/17/2025","16:20:00","VTL","1180D","CAR/SUV","KYU1732","NY","BROOKLYN","412","984,128","179,058","40.65815775355","-74.00044115489","POINT (-74.0004411548878 40.6581577535544)","01"
"311350925","08/17/2025","20:54:35","VTL","1163AT","CAR/SUV","CVJ3763","NY","QUEENS","112","1,030,758","199,858","40.7151185","-73.83223298","POINT (-73.83223298 40.7151185)","01"
"311339395","08/17/2025","15:15:47","VTL","1110AB","BIKE","(null)","(null)","BROOKLYN","81","1,004,302","191,071","40.69109977","-73.92769306","POINT (-73.92769306 40.69109977)","01"
"311330389","08/17/2025","09:17:34","VTL","1111D1N","CAR/SUV","F81UDT","NJ","BROOKLYN","68","977,947","172,030","40.63886517059","-74.02271208766","POINT (-74.0227120876572 40.6388651705916)","01"
"311350918","08/17/2025","20:37:04","VTL","1180D","MOPED","(null)","(null)","QUEENS","114","1,007,788","219,633","40.76949511844","-73.91502417039","POINT (-73.9150241703895 40.7694951184418)","01"
"311358271","08/17/2025","19:12:00","VTL","1225D","CAR/SUV","1GS5102","MD","BROOKLYN","75","1,021,544","183,063","40.66906379","-73.8655633","POINT (-73.8655633 40.66906379)","01"
"311318426","08/17/2025","00:36:59","VTL","1110A","CAR/SUV","LJL7072","NY","NEW YORK","23","998,751","226,901","40.78946329956","-73.94763400394","POINT (-73.9476340039424 40.7894632995555)","01"
"311426702","08/17/2025","03:20:00","VTL","37512A2","CAR/SUV","S37VPC","NJ","BRONX","43","1,028,537","243,495","40.83490178","-73.83995712","POINT (-73.83995712 40.83490178)","01"
"311320368","08/17/2025","02:27:00","VTL","5091","CAR/SUV","G58UZF","NJ","BRONX","44","1,007,509","245,160","40.83955214","-73.91594156","POINT (-73.91594156 40.83955214)","01"
"311365077","08/17/2025","23:55:00","VTL","1111D1C","BIKE","(null)","(null)","BROOKLYN","72","984,295","177,978","40.65518514","-73.99983781","POINT (-73.99983781 40.65518514)","01"
"311331507","08/17/2025","10:00:00","VTL","1229C3A","CAR/SUV","T125107C","NY","BROOKLYN","60","995,635","149,905","40.57812327","-73.95901546","POINT (-73.95901546 40.57812327)","01"
"311347825","08/17/2025","16:00:00","VTL","1110A","CAR/SUV","T129644C","NY","BROOKLYN","60","992,074","150,516","40.5798042","-73.97183389","POINT (-73.97183389 40.5798042)","01"
"311333714","08/17/2025","10:05:00","VTL","37512A2","CAR/SUV","BK16044","CT","NEW YORK","411","1,002,173","249,401","40.85121316769","-73.93521605199","POINT (-73.9352160519866 40.8512131676868)","01"
"311339349","08/17/2025","11:08:00","VTL","1225A","MCL","747BY6","NY","BROOKLYN","90","997,661","199,434","40.71406679","-73.95162366","POINT (-73.95162366 40.71406679)","01"
"311324592","08/17/2025","02:48:00","VTL","4011AG","CAR/SUV","M2A7NT","AZ","BROOKLYN","70","995,708","176,233","40.65038808","-73.95870799","POINT (-73.95870799 40.65038808)","01"
"311331502","08/17/2025","09:56:28","VTL","1225D","CAR/SUV","A322MA","AL","NEW YORK","20","991,202","224,999","40.78425197866","-73.97489766642","POINT (-73.9748976664227 40.7842519786623)","01"
"311350928","08/17/2025","21:03:32","VTL","5091","CAR/SUV","MTN7119","PA","BROOKLYN","61","997,745","157,651","40.59938153","-73.95140427","POINT (-73.95140427 40.59938153)","01"
"311340914","08/17/2025","00:50:00","VTL","37518","CAR/SUV","LXS3077","NY","BROOKLYN","75","1,021,287","183,014","40.66893038","-73.86649","POINT (-73.86649 40.66893038)","01"
"311354101","08/17/2025","21:00:00","VTL","37512A2","CAR/SUV","LTP9891","NY","QUEENS","101","1,044,764","157,167","40.59785673","-73.78209279","POINT (-73.78209279 40.59785673)","01"
"311336188","08/17/2025","13:08:00","VTL","3816","MOPED","265CA8","NY","BROOKLYN","63","1,001,301","166,706","40.6242295","-73.93857619","POINT (-73.93857619 40.6242295)","01"
"311331498","08/17/2025","09:51:00","VTL","1110A","CAR/SUV","LVA4483","NY","BROOKLYN","68","977,947","172,030","40.63886517059","-74.02271208766","POINT (-74.0227120876572 40.6388651705916)","01"
"311358274","08/17/2025","20:58:00","VTL","1229C3","CAR/SUV","LFJ7853","NC","BROOKLYN","75","1,021,544","183,063","40.66906379","-73.8655633","POINT (-73.8655633 40.66906379)","01"
"311352327","08/17/2025","17:12:00","VTL","4021B1","CAR/SUV","4351280","PA","NEW YORK","14","985,764","213,806","40.75353270126","-73.99453689202","POINT (-73.9945368920152 40.7535327012632)","01"
"311353815","08/17/2025","21:30:00","VTL","4011A","CAR/SUV","LWE2918","NY","BRONX","52","1,017,478","256,069","40.86947047705","-73.87986080373","POINT (-73.8798608037303 40.8694704770483)","01"
"311325470","08/17/2025","05:39:31","VTL","1180D","CAR/SUV","LEV6344","NY","QUEENS","413","1,036,658","205,330","40.73011306687","-73.81090891488","POINT (-73.8109089148815 40.7301130668694)","01"
"311325475","08/17/2025","06:16:11","VTL","1180D","CAR/SUV","TDF5370","VA","BRONX","411","1,026,480","262,584","40.88731363447","-73.84727175776","POINT (-73.8472717577564 40.8873136344706)","01"
"311347837","08/17/2025","18:00:00","VTL","12385C","EBIKE","(null)","(null)","NEW YORK","7","988,917","200,245","40.71630999173","-73.98316601369","POINT (-73.9831660136947 40.7163099917327)","01"
"311349445","08/17/2025","19:00:00","VTL","1111D1N","MOPED","(null)","(null)","BROOKLYN","67","996,526","175,598","40.64864405","-73.95576127","POINT (-73.95576127 40.64864405)","01"
"311344935","08/17/2025","17:49:37","VTL","37512A3","CAR/SUV","MHN6940","PA","NEW YORK","34","1,002,173","249,401","40.85121316769","-73.93521605199","POINT (-73.9352160519866 40.8512131676868)","01"
"311333711","08/17/2025","10:19:43","VTL","1111D1N","MOPED","(null)","(null)","QUEENS","100","1,033,359","152,778","40.58588036","-73.82319327","POINT (-73.82319327 40.58588036)","01"
"311339346","08/17/2025","09:39:00","NYCTRR","406A1","CAR/SUV","LUV6531","NY","BROOKLYN","90","1,005,308","199,418","40.71400798","-73.92403936","POINT (-73.92403936 40.71400798)","01"
"311327619","08/17/2025","07:14:38","VTL","1180D","CAR/SUV","T728643C","NY","BRONX","411","1,026,480","262,584","40.88731363447","-73.84727175776","POINT (-73.8472717577564 40.8873136344706)","01"
"311327594","08/17/2025","01:50:00","VTL","1128A","CAR/SUV","F83ULX","NJ","QUEENS","111","1,048,659","216,392","40.76039613927","-73.76750253495","POINT (-73.7675025349456 40.7603961392658)","01"
"311318435","08/17/2025","01:06:56","NYCTRR","406A1","CAR/SUV","KLM5071","NY","BROOKLYN","75","1,017,987","181,155","40.66384103","-73.87839504","POINT (-73.87839504 40.66384103)","01"
"311350906","08/17/2025","21:18:01","VTL","4021B1","CAR/SUV","G30VKA","(null)","NEW YORK","34","1,002,173","249,401","40.85121316769","-73.93521605199","POINT (-73.9352160519866 40.8512131676868)","01"
"311337625","08/17/2025","13:40:00","VTL","4111","MOPED","NONE","ZZ","BROOKLYN","66","986,654","167,140","40.62543683","-73.99133977","POINT (-73.99133977 40.62543683)","01"
"311350936","08/17/2025","21:18:01","VTL","4021B1","CAR/SUV","G30VKA","(null)","NEW YORK","34","1,002,173","249,401","40.85121316769","-73.93521605199","POINT (-73.9352160519866 40.8512131676868)","01"
"311352318","08/17/2025","16:40:00","VTL","1163AT","CAR/SUV","D15MXZ","NJ","NEW YORK","5","984,990","200,136","40.716012012","-73.9973320301","POINT (-73.9973320301008 40.7160120119955)","01"
"311358275","08/17/2025","23:15:00","VTL","3817","MOPED","790BN4","NY","NEW YORK","28","997,407","233,806","40.808417746","-73.95247406035","POINT (-73.9524740603515 40.8084177460021)","01"
"311342866","08/17/2025","16:47:14","NYCTRR","406A1","CAR/SUV","BZ36316","IL","BROOKLYN","76","983,251","186,757","40.67928148","-74.00360172","POINT (-74.00360172 40.67928148)","01"
"311339387","08/17/2025","15:05:19","NYCTRR","403A1","CAR/SUV","N23RPH","NJ","BROOKLYN","76","984,471","191,235","40.69157262","-73.99920307","POINT (-73.99920307 40.69157262)","01"
"311352338","08/17/2025","21:21:48","VTL","1180D","CAR/SUV","W31LYF","NJ","BROOKLYN","77","994,971","187,190","40.68046354","-73.96134655","POINT (-73.96134655 40.68046354)","01"
"311333726","08/17/2025","10:39:00","VTL","1160A","CAR/SUV","T709001C","NY","BROOKLYN","78","990,502","188,496","40.68405249","-73.97745785","POINT (-73.97745785 40.68405249)","01"
"311318682","08/17/2025","01:18:00","VTL","1110A","CAR/SUV","P36RTV","NJ","BRONX","41","1,016,235","234,575","40.81047205","-73.88445613","POINT (-73.88445613 40.81047205)","01"
"311318397","08/17/2025","00:35:00","NYCTRR","403A5","CAR/SUV","LXJ4013","NY","BROOKLYN","73","1,009,102","182,811","40.66841578","-73.91041488","POINT (-73.91041488 40.66841578)","01"
"311342850","08/17/2025","16:30:34","VTL","1110A","CAR/SUV","LXN3487","PA","BRONX","40","1,007,046","236,603","40.81606683","-73.91764392","POINT (-73.91764392 40.81606683)","01"
"311333705","08/17/2025","09:59:00","VTL","1225D","CAR/SUV","Z17VRN","NJ","NEW YORK","17","990,027","212,028","40.748653","-73.979148","POINT (-73.979148 40.748653)","01"
"311334957","08/17/2025","11:37:21","VTL","1163AT","CAR/SUV","VFT2666","TX","BROOKLYN","60","992,892","148,861","40.57526079","-73.96889124","POINT (-73.96889124 40.57526079)","01"
"311350910","08/17/2025","20:20:00","VTL","1180D","CAR/SUV","Y60VXH","NJ","STATEN ISLAND","122","963,092","159,859","40.60542705","-74.07619723","POINT (-74.07619723 40.60542705)","01"
"311340911","08/17/2025","14:30:00","VTL","3752A2","CAR/SUV","KTH9065","PA","QUEENS","107","1,049,438","203,384","40.72467856","-73.76481526","POINT (-73.76481526 40.72467856)","01"
"311328201","08/17/2025","08:05:00","VTL","1110A","CAR/SUV","DU30IV","FL","BROOKLYN","84","987,826","192,896","40.69613097","-73.98710407","POINT (-73.98710407 40.69613097)","01"
"311340938","08/17/2025","16:07:20","VTL","1229C3A","CAR/SUV","LER5812","NY","BROOKLYN","61","993,835","157,085","40.59783306","-73.96548504","POINT (-73.96548504 40.59783306)","01"
"311363056","08/17/2025","21:50:00","VTL","1229C3","CAR/SUV","LLF1683","NY","BROOKLYN","79","998,208","186,460","40.67845534","-73.9496774","POINT (-73.9496774 40.67845534)","01"
"311336155","08/17/2025","12:25:36","VTL","1110AB","BIKE","(null)","(null)","BROOKLYN","81","1,003,328","192,015","40.69369298","-73.9312026","POINT (-73.9312026 40.69369298)","01"
"311347828","08/17/2025","14:30:00","VTL","306B","MOPED","(null)","(null)","QUEENS","106","1,030,776","188,930","40.685132","-73.832243","POINT (-73.832243 40.685132)","01"
"311353822","08/17/2025","21:30:00","VTL","37512A2","CAR/SUV","M57UVL","NJ","BROOKLYN","67","999,411","172,008","40.63878581","-73.94537273","POINT (-73.94537273 40.63878581)","01"
"311333738","08/17/2025","10:47:43","VTL","1111D1C","BIKE","UNKNOWN","(null)","NEW YORK","25","1,000,558","231,080","40.80093037274","-73.94109824101","POINT (-73.9410982410066 40.8009303727402)","01"
"311330329","08/17/2025","08:45:00","VTL","1110A","CAR/SUV","ORTIZ5","NY","QUEENS","112","1,022,411","205,308","40.73011735","-73.86231192","POINT (-73.86231192 40.73011735)","01"
"311342876","08/17/2025","17:01:12","NYCTRR","403A3II","MCL","(null)","(null)","QUEENS","114","1,005,004","219,314","40.76861825","-73.92507456","POINT (-73.92507456 40.76861825)","01"
"311342893","08/17/2025","17:12:00","VTL","4101G","MOPED","(null)","(null)","QUEENS","114","1,004,247","219,776","40.76988806","-73.92780608","POINT (-73.92780608 40.76988806)","01"
"311337568","08/17/2025","13:20:00","VTL","1110A","CAR/SUV","Y205516C","NY","NEW YORK","14","985,764","213,806","40.75353270126","-73.99453689202","POINT (-73.9945368920152 40.7535327012632)","01"
"311337597","08/17/2025","13:45:57","NYCTRR","403A1","CAR/SUV","KRV3549","NY","BROOKLYN","68","977,947","172,030","40.63886517059","-74.02271208766","POINT (-74.0227120876572 40.6388651705916)","01"
"311353816","08/17/2025","21:30:00","VTL","3191U","CAR/SUV","LWE2918","NY","BRONX","52","1,017,478","256,069","40.86947047705","-73.87986080373","POINT (-73.8798608037303 40.8694704770483)","01"
"311342854","08/17/2025","16:34:26","VTL","1225D","CAR/SUV","DCF5088","NY","BRONX","42","1,012,946","242,977","40.83354445","-73.8963015","POINT (-73.8963015 40.83354445)","01"
"311353802","08/17/2025","18:47:00","VTL","1110A","CAR/SUV","T712572C","NY","NEW YORK","1","982,381","201,750","40.72044188847","-74.00674397419","POINT (-74.0067439741913 40.7204418884676)","01"
"311347851","08/17/2025","18:54:15","VTL","4021B2","CAR/SUV","T732226","OH","BROOKLYN","84","986,827","190,348","40.68913764","-73.99070768","POINT (-73.99070768 40.68913764)","01"
"311320369","08/17/2025","02:49:00","VTL","1160E","CAR/SUV","654HAM","MS","BRONX","44","1,006,912","241,681","40.83000484","-73.91811088","POINT (-73.91811088 40.83000484)","01"
"311318678","08/17/2025","01:37:00","VTL","1113A","CAR/SUV","3JU174","OK","QUEENS","114","1,008,156","218,174","40.76548128","-73.91369937","POINT (-73.91369937 40.76548128)","01"
"311330388","08/17/2025","09:11:04","VTL","5091","CAR/SUV","KMF2808","OH","QUEENS","115","1,022,759","215,403","40.75782406","-73.86099851","POINT (-73.86099851 40.75782406)","01"
"311354117","08/17/2025","23:23:57","VTL","1180D","CAR/SUV","LSC7645","NY","BRONX","411","1,020,219","239,110","40.82291230848","-73.87004130432","POINT (-73.8700413043181 40.8229123084767)","01"
"311344914","08/17/2025","13:08:00","VTL","1111D1N","CAR/SUV","CWP3766","NY","BROOKLYN","79","999,987","187,042","40.68004981","-73.94326223","POINT (-73.94326223 40.68004981)","01"
"311354118","08/17/2025","23:23:57","VTL","1163D","CAR/SUV","LSC7645","NY","BRONX","411","1,020,219","239,110","40.82291230848","-73.87004130432","POINT (-73.8700413043181 40.8229123084767)","01"
"311558178","08/17/2025","16:50:00","VTL","4021A","CAR/SUV","KRM2913","NY","BROOKLYN","60","986,713","149,102","40.57592616","-73.9911338","POINT (-73.9911338 40.57592616)","01"
"311354723","08/17/2025","21:38:00","VTL","5091","CAR/SUV","ZKH8384","NY","BROOKLYN","73","1,010,140","183,016","40.66897548","-73.90667237","POINT (-73.90667237 40.66897548)","01"
"311344940","08/17/2025","17:24:28","VTL","37512A2","CAR/SUV","TCD6254","VA","QUEENS","413","1,032,051","217,053","40.76231580042","-73.82744800186","POINT (-73.8274480018593 40.7623158004241)","01"
"311337615","08/17/2025","14:01:00","VTL","1225C2A","CAR/SUV","LGM4363","NY","BROOKLYN","70","997,133","161,865","40.61094901","-73.95360005","POINT (-73.95360005 40.61094901)","01"
"311430649","08/17/2025","02:36:00","VTL","37512A1","CAR/SUV","KTX5520","NY","BRONX","47","1,026,480","262,584","40.88731363447","-73.84727175776","POINT (-73.8472717577564 40.8873136344706)","01"
"311330391","08/17/2025","09:21:01","NYCTRR","412P2","CAR/SUV","T783699C","NY","NEW YORK","6","982,755","206,652","40.73389675845","-74.00539583734","POINT (-74.0053958373447 40.7338967584511)","01"
"311340909","08/17/2025","16:20:00","VTL","1163AT","CAR/SUV","Y209995C","NY","NEW YORK","9","987,496","203,963","40.7265156408","-73.98829024376","POINT (-73.9882902437563 40.7265156408036)","01"
"311320397","08/17/2025","00:26:00","VTL","37512A","CAR/SUV","MYJ1580","PA","BROOKLYN","67","999,743","177,743","40.65452656","-73.94416332","POINT (-73.94416332 40.65452656)","01"
"311334920","08/17/2025","11:50:00","VTL","37540A","CAR/SUV","JCN2665","NY","BROOKLYN","68","978,397","171,814","40.63826436","-74.02108903","POINT (-74.02108903 40.63826436)","01"
"311330367","08/17/2025","08:59:09","VTL","1180D","CAR/SUV","AM37243","CT","NEW YORK","411","1,002,173","249,401","40.85121316769","-73.93521605199","POINT (-73.9352160519866 40.8512131676868)","01"
"311347849","08/17/2025","18:39:37","VTL","37512A2","CAR/SUV","LRN6465","NY","QUEENS","101","1,052,204","159,911","40.6053345","-73.75527433","POINT (-73.75527433 40.6053345)","01"
"311344902","08/17/2025","14:07:00","VTL","1110A","CAR/SUV","MRJ8729","PA","BROOKLYN","60","993,250","150,726","40.58037949","-73.96760006","POINT (-73.96760006 40.58037949)","01"
"311330332","08/17/2025","08:49:00","VTL","4021B2","MOPED","981CC6","(null)","NEW YORK","19","994,244","218,713","40.76699564239","-73.96392230354","POINT (-73.9639223035387 40.7669956423899)","01"
"311331512","08/17/2025","10:05:00","VTL","1180D","CAR/SUV","BK16044","CT","NEW YORK","411","1,002,173","249,401","40.85121316769","-73.93521605199","POINT (-73.9352160519866 40.8512131676868)","01"
"311330318","08/17/2025","08:44:00","VTL","1110A","CAR/SUV","T652862C","NY","QUEENS","114","1,003,680","218,842","40.76732574","-73.92985579","POINT (-73.92985579 40.76732574)","01"
"311344955","08/17/2025","18:08:45","VTL","1110A","CAR/SUV","BM43117","CT","QUEENS","413","996,424","210,017","40.7431245995","-73.95606807268","POINT (-73.9560680726795 40.7431245994984)","01"
"311318701","08/17/2025","01:28:46","VTL","1180D","CAR/SUV","LKH4130","NY","BROOKLYN","75","1,019,724","186,309","40.6779808","-73.87210691","POINT (-73.87210691 40.6779808)","01"
"311354090","08/17/2025","23:20:00","VTL","1111D1E","EBIKE","(null)","(null)","BROOKLYN","72","985,283","180,512","40.66214035","-73.99627664","POINT (-73.99627664 40.66214035)","01"
"311336180","08/17/2025","12:50:00","VTL","1111D1E","EBIKE","(null)","(null)","BROOKLYN","72","979,629","173,374","40.64254695","-74.01665106","POINT (-74.01665106 40.64254695)","01"
"311354099","08/17/2025","18:14:00","VTL","1111D1N","CAR/SUV","HFP5777","NY","BROOKLYN","77","1,004,173","183,540","40.67042918","-73.9281805","POINT (-73.9281805 40.67042918)","01"
"311330372","08/17/2025","09:01:51","VTL","1160A","CAR/SUV","GLH8614","NY","QUEENS","108","1,002,241","207,972","40.73749339","-73.9350798","POINT (-73.9350798 40.73749339)","01"
"311347818","08/17/2025","17:19:00","VTL","1110A","CAR/SUV","Y208901C","NY","NEW YORK","6","982,755","206,652","40.73389675845","-74.00539583734","POINT (-74.0053958373447 40.7338967584511)","01"
"311325052","08/17/2025","03:55:00","VTL","5091","CAR/SUV","BA26037","IL","BROOKLYN","69","1,010,971","174,786","40.646394","-73.90371","POINT (-73.90371 40.646394)","01"
"311320364","08/17/2025","02:06:00","VTL","4011A","CAR/SUV","HAK024","MS","NEW YORK","34","1,004,979","253,368","40.862096","-73.925058","POINT (-73.925058 40.862096)","01"
"311349424","08/17/2025","19:24:00","VTL","3752A","CAR/SUV","KNG1556","NY","BRONX","43","1,021,636","245,257","40.83976987","-73.86488585","POINT (-73.86488585 40.83976987)","01"
"311333730","08/17/2025","10:47:43","VTL","1111D1C","BIKE","UNKNOWN","(null)","NEW YORK","25","1,000,558","231,080","40.80093037274","-73.94109824101","POINT (-73.9410982410066 40.8009303727402)","01"
"311350888","08/17/2025","20:05:00","VTL","5091","MOPED","219CBF","(null)","QUEENS","114","999,059","215,127","40.757147","-73.946545","POINT (-73.946545 40.757147)","01"
"311354084","08/17/2025","21:20:00","VTL","37512A2","CAR/SUV","JPT9237","NY","NEW YORK","25","1,000,558","231,080","40.80093037274","-73.94109824101","POINT (-73.9410982410066 40.8009303727402)","01"
"311331505","08/17/2025","09:55:00","VTL","1180D","CAR/SUV","LGG6386","NY","NEW YORK","411","1,002,173","249,401","40.85121316769","-73.93521605199","POINT (-73.9352160519866 40.8512131676868)","01"
"311334938","08/17/2025","11:21:00","VTL","1225C2A","CAR/SUV","LLF1607","NY","BROOKLYN","70","998,184","163,958","40.61669227","-73.94981041","POINT (-73.94981041 40.61669227)","01"
"311340950","08/17/2025","16:12:53","VTL","5092","CAR/SUV","KFT7493","NY","NEW YORK","24","993,369","229,307","40.79607431283","-73.96706674581","POINT (-73.9670667458109 40.7960743128304)","01"
"311344944","08/17/2025","17:59:00","NYCTRR","403A1","CAR/SUV","T748238C","NY","QUEENS","109","1,030,091","215,841","40.75899128","-73.83453011","POINT (-73.83453011 40.75899128)","01"
"311339352","08/17/2025","08:51:00","VTL","1225D","CAR/SUV","AX20779","CT","BROOKLYN","90","1,002,701","199,553","40.71438435","-73.93344298","POINT (-73.93344298 40.71438435)","01"
"311350874","08/17/2025","20:04:00","VTL","1111D1C","BIKE","(null)","(null)","NEW YORK","23","998,751","226,901","40.78946329956","-73.94763400394","POINT (-73.9476340039424 40.7894632995555)","01"
"311350867","08/17/2025","17:35:00","VTL","1110A","CAR/SUV","LUT8460","NY","BROOKLYN","68","980,155","170,246","40.63396152","-74.0147538","POINT (-74.0147538 40.63396152)","01"
"311342870","08/17/2025","17:01:00","VTL","1110A","MCL","573BU1","NY","BROOKLYN","66","991,684","167,462","40.62631786","-73.97321923","POINT (-73.97321923 40.62631786)","01"
"311334951","08/17/2025","12:06:49","VTL","1225D","CAR/SUV","KJA6733","NY","BROOKLYN","73","1,006,652","185,868","40.67681309","-73.91923633","POINT (-73.91923633 40.67681309)","01"
"311331494","08/17/2025","09:47:30","VTL","1180D","CAR/SUV","HCY3958","NY","BROOKLYN","412","984,128","179,058","40.65815775355","-74.00044115489","POINT (-74.0004411548878 40.6581577535544)","01"
"311339396","08/17/2025","15:20:46","VTL","1180D","CAR/SUV","BS40979","CT","QUEENS","413","1,032,051","217,053","40.76231580042","-73.82744800186","POINT (-73.8274480018593 40.7623158004241)","01"
"311339380","08/17/2025","14:53:27","VTL","1163AT","CAR/SUV","LAE7578","NY","NEW YORK","7","988,917","200,245","40.71630999173","-73.98316601369","POINT (-73.9831660136947 40.7163099917327)","01"
"311339379","08/17/2025","14:48:00","VTL","1110A","CAR/SUV","Y210130C","NY","NEW YORK","14","985,764","213,806","40.75353270126","-73.99453689202","POINT (-73.9945368920152 40.7535327012632)","01"
"311363053","08/17/2025","20:08:00","VTL","37534","CAR/SUV","(null)","(null)","BRONX","47","1,019,669","259,998","40.88023754","-73.87191675","POINT (-73.87191675 40.88023754)","01"
"311328208","08/17/2025","07:24:58","VTL","1180D","CAR/SUV","KYV6202","NY","QUEENS","413","1,048,659","216,392","40.76039613927","-73.76750253495","POINT (-73.7675025349456 40.7603961392658)","01"
"311352325","08/17/2025","17:12:00","VTL","1229C3A","CAR/SUV","4351280","PA","NEW YORK","14","985,764","213,806","40.75353270126","-73.99453689202","POINT (-73.9945368920152 40.7535327012632)","01"
"311347836","08/17/2025","18:07:00","VTL","37512A2","CAR/SUV","225304V","NY","STATEN ISLAND","121","939,984","162,264","40.61194298","-74.1594327","POINT (-74.1594327 40.61194298)","01"
"311333722","08/17/2025","10:23:00","NYCTRR","403A1","CAR/SUV","KWW4263","NY","BROOKLYN","78","990,502","188,496","40.68405249","-73.97745785","POINT (-73.97745785 40.68405249)","01"
"311327592","08/17/2025","00:21:00","VTL","3752A1","CAR/SUV","T135739C","NY","BROOKLYN","71","995,420","180,959","40.66336028","-73.95973805","POINT (-73.95973805 40.66336028)","01"
"311350899","08/17/2025","16:05:00","VTL","1252C","MOPED","828BL8","NY","NEW YORK","6","982,755","206,652","40.73389675845","-74.00539583734","POINT (-74.0053958373447 40.7338967584511)","01"
"311328231","08/17/2025","08:12:39","VTL","1180D","CAR/SUV","LVC3032","NY","BROOKLYN","412","1,000,528","168,138","40.6281697437","-73.94135878348","POINT (-73.9413587834752 40.6281697437036)","01"
"311344905","08/17/2025","17:10:00","VTL","1110A","CAR/SUV","T139913C","NY","BROOKLYN","84","987,855","189,851","40.68777313","-73.98700112","POINT (-73.98700112 40.68777313)","01"
"311334970","08/17/2025","12:05:11","VTL","1110A","CAR/SUV","LUE8027","NY","NEW YORK","23","998,751","226,901","40.78946329956","-73.94763400394","POINT (-73.9476340039424 40.7894632995555)","01"
"311330382","08/17/2025","09:00:41","VTL","5091","MOPED","796BX9","NY","BROOKLYN","88","994,118","187,428","40.68111778","-73.9644216","POINT (-73.9644216 40.68111778)","01"
"311334937","08/17/2025","11:20:00","VTL","1111D1N","CAR/SUV","LNK4484","NY","QUEENS","113","1,046,530","179,945","40.66036509","-73.77552337","POINT (-73.77552337 40.66036509)","01"
"311347822","08/17/2025","17:55:00","VTL","1110A","CAR/SUV","KAH7677","NY","QUEENS","104","1,007,471","199,160","40.71329442","-73.91623786","POINT (-73.91623786 40.71329442)","01"
"311350890","08/17/2025","14:00:00","VTL","1229C3A","CAR/SUV","OT632G","NJ","NEW YORK","14","985,764","213,806","40.75353270126","-73.99453689202","POINT (-73.9945368920152 40.7535327012632)","01"
"311344918","08/17/2025","14:06:00","VTL","1180A","MCL","785BX0","NY","BROOKLYN","79","996,897","187,335","40.68085899","-73.95440229","POINT (-73.95440229 40.68085899)","01"
"311344920","08/17/2025","13:00:00","VTL","4011A","CAR/SUV","VGA8327","VA","QUEENS","103","1,040,590","196,082","40.70469715","-73.79679799","POINT (-73.79679799 40.70469715)","01"
"311350924","08/17/2025","20:45:00","VTL","1180D","CAR/SUV","T741686C","NY","STATEN ISLAND","122","963,092","159,859","40.60542705","-74.07619723","POINT (-74.07619723 40.60542705)","01"
"311349443","08/17/2025","19:21:08","NYCTRR","412P2","MOPED","MP2940","DE","QUEENS","112","1,030,007","200,604","40.71717","-73.83493696","POINT (-73.83493696 40.71717)","01"
"311330355","08/17/2025","08:42:41","VTL","1225C2A","CAR/SUV","04033CJ","MD","QUEENS","115","1,022,759","215,403","40.75782406","-73.86099851","POINT (-73.86099851 40.75782406)","01"
"311362049","08/17/2025","22:35:00","VTL","1110A","CAR/SUV","97ALKN","FL","BROOKLYN","67","1,000,892","176,560","40.6512774","-73.94002525","POINT (-73.94002525 40.6512774)","01"
"311344956","08/17/2025","18:09:52","VTL","1110A","CAR/SUV","T768495C","NY","BRONX","42","1,012,946","242,977","40.83354445","-73.8963015","POINT (-73.8963015 40.83354445)","01"
"311379027","08/17/2025","13:25:00","VTL","1225C2A","CAR/SUV","KSY1131","NY","BROOKLYN","79","996,736","190,196","40.688712","-73.95497746","POINT (-73.95497746 40.688712)","01"
"311324596","08/17/2025","03:20:00","NYCTRR","405B1","CAR/SUV","LWV3091","NY","NEW YORK","34","1,002,173","249,401","40.85121316769","-73.93521605199","POINT (-73.9352160519866 40.8512131676868)","01"
"311334964","08/17/2025","11:57:00","NYCTRR","406A2","CAR/SUV","LXR7324","NY","BROOKLYN","70","994,297","164,283","40.61758959","-73.96381071","POINT (-73.96381071 40.61758959)","01"
"311334950","08/17/2025","11:39:47","VTL","1111D1N","CAR/SUV","LHN8891","NY","NEW YORK","18","988,599","218,831","40.767325","-73.984298","POINT (-73.984298 40.767325)","01"
"311318677","08/17/2025","01:30:00","VTL","37512A1","CAR/SUV","KMB3240","NY","QUEENS","114","1,008,434","218,626","40.76673","-73.912692","POINT (-73.912692 40.76673)","01"
"311333703","08/17/2025","10:45:00","VTL","1172A","CAR/SUV","LRP2977","NY","NEW YORK","20","991,202","224,999","40.78425197866","-73.97489766642","POINT (-73.9748976664227 40.7842519786623)","01"
"311349433","08/17/2025","18:41:00","NYCTRR","407C31","BIKE","(null)","(null)","BROOKLYN","77","1,003,427","183,920","40.67147385","-73.93086864","POINT (-73.93086864 40.67147385)","01"
"311352352","08/17/2025","21:53:48","VTL","1110A","CAR/SUV","LXJ4015","NY","BROOKLYN","75","1,017,364","186,717","40.67910981","-73.88061332","POINT (-73.88061332 40.67910981)","01"
"311528839","08/17/2025","21:27:00","VTL","4021B1","CAR/SUV","8361U81","TX","NEW YORK","32","999,433","236,538","40.81591307653","-73.94514930665","POINT (-73.9451493066481 40.81591307653)","01"
"311325058","08/17/2025","00:03:00","VTL","4021B1","CAR/SUV","(null)","(null)","NEW YORK","14","988,138","215,039","40.756917","-73.985965","POINT (-73.985965 40.756917)","01"
"311330381","08/17/2025","09:04:55","VTL","1229C3B","CAR/SUV","KSS3690","NY","BROOKLYN","68","977,947","172,030","40.63886517059","-74.02271208766","POINT (-74.0227120876572 40.6388651705916)","01"
"311362034","08/17/2025","17:20:00","VTL","1110A","CAR/SUV","T141235C","NY","BROOKLYN","83","1,009,350","190,373","40.68917104","-73.90949273","POINT (-73.90949273 40.68917104)","01"
"311362032","08/17/2025","23:28:00","VTL","37540A","CAR/SUV","5DSF52","MA","BROOKLYN","69","1,013,182","170,846","40.63556209","-73.89575885","POINT (-73.89575885 40.63556209)","01"
"311340943","08/17/2025","16:12:56","NYCTRR","403A1","CAR/SUV","JPE1441","NY","NEW YORK","7","988,917","200,245","40.71630999173","-73.98316601369","POINT (-73.9831660136947 40.7163099917327)","01"
"311349425","08/17/2025","18:08:00","VTL","1110A","CAR/SUV","KFV2548","NY","BROOKLYN","84","987,366","192,920","40.69619701","-73.98876293","POINT (-73.98876293 40.69619701)","01"
"311342835","08/17/2025","13:40:00","VTL","1110A","CAR/SUV","Y201376C","NY","NEW YORK","1","982,381","201,750","40.72044188847","-74.00674397419","POINT (-74.0067439741913 40.7204418884676)","01"
"311339375","08/17/2025","14:33:00","VTL","1111D1E","EBIKE","(null)","(null)","BROOKLYN","63","1,003,000","164,657","40.618602","-73.93246147","POINT (-73.93246147 40.618602)","01"
"311328220","08/17/2025","07:44:24","VTL","3852","TRUCK/BUS","R802417","TX","NEW YORK","411","1,001,891","245,600","40.84078110886","-73.93624538182","POINT (-73.9362453818218 40.8407811088581)","01"
"311318427","08/17/2025","00:36:59","NYCTRR","403A3I","CAR/SUV","LJL7072","NY","NEW YORK","23","998,751","226,901","40.78946329956","-73.94763400394","POINT (-73.9476340039424 40.7894632995555)","01"
"311331497","08/17/2025","09:51:00","VTL","1111A2D","CAR/SUV","LVA4483","NY","BROOKLYN","68","977,947","172,030","40.63886517059","-74.02271208766","POINT (-74.0227120876572 40.6388651705916)","01"
"311330316","08/17/2025","08:50:00","VTL","3752A3","CAR/SUV","KLF1700","NY","NEW YORK","34","1,002,173","249,401","40.85121316769","-73.93521605199","POINT (-73.9352160519866 40.8512131676868)","01"
"311349458","08/17/2025","19:40:00","VTL","1225C2A","CAR/SUV","GXW4972","NY","BRONX","49","1,020,413","251,419","40.85668781","-73.86927257","POINT (-73.86927257 40.85668781)","01"
"311354122","08/17/2025","23:55:00","VTL","1180D","CAR/SUV","KEV1455","NY","BRONX","49","1,027,461","251,594","40.85713645","-73.84379333","POINT (-73.84379333 40.85713645)","01"
"311334976","08/17/2025","12:15:00","VTL","1110A","CAR/SUV","HHZ1397","NY","QUEENS","113","1,046,315","187,088","40.67998073847","-73.7762339072","POINT (-73.7762339071953 40.6799807384666)","01"
"311333749","08/17/2025","11:14:00","VTL","1111D1C","BIKE","(null)","(null)","NEW YORK","25","1,000,558","231,080","40.80093037274","-73.94109824101","POINT (-73.9410982410066 40.8009303727402)","01"
"311354428","08/17/2025","10:40:00","VTL","1151A","CAR/SUV","JCU6479","NY","NEW YORK","28","997,407","233,806","40.808417746","-73.95247406035","POINT (-73.9524740603515 40.8084177460021)","01"
"311318684","08/17/2025","01:18:00","VTL","37512A2","CAR/SUV","P36RTV","NJ","BRONX","41","1,016,235","234,575","40.81047205","-73.88445613","POINT (-73.88445613 40.81047205)","01"
"311354112","08/17/2025","22:38:00","VTL","4021A","CAR/SUV","LWR5697","NY","NEW YORK","13","988,886","207,857","40.73720309857","-73.98327259815","POINT (-73.9832725981497 40.7372030985741)","01"
"311340922","08/17/2025","15:37:55","VTL","1225D","MCL","519BZ0","NY","QUEENS","114","1,007,788","219,633","40.76949511844","-73.91502417039","POINT (-73.9150241703895 40.7694951184418)","01"
"311342830","08/17/2025","12:51:00","VTL","1111D1E","EBIKE","(null)","(null)","BROOKLYN","72","979,790","173,579","40.64310972","-74.01607106","POINT (-74.01607106 40.64310972)","01"
"311328219","08/17/2025","07:44:24","VTL","1110A","TRUCK/BUS","R802417","TX","NEW YORK","411","1,001,891","245,600","40.84078110886","-73.93624538182","POINT (-73.9362453818218 40.8407811088581)","01"
"311347820","08/17/2025","17:50:00","VTL","3752A3","CAR/SUV","GER4445","NY","QUEENS","114","1,005,838","218,381","40.766065","-73.922068","POINT (-73.922068 40.766065)","01"
"311340918","08/17/2025","15:23:45","VTL","1180D","CAR/SUV","T674448C","NY","BROOKLYN","84","988,331","193,442","40.69762939","-73.98528259","POINT (-73.98528259 40.69762939)","01"
"311330379","08/17/2025","09:00:41","VTL","4011AG","MOPED","796BX9","NY","BROOKLYN","88","994,118","187,428","40.68111778","-73.9644216","POINT (-73.9644216 40.68111778)","01"
"311344903","08/17/2025","16:45:00","VTL","3752A3","CAR/SUV","Y205743C","NY","NEW YORK","23","998,751","226,901","40.78946329956","-73.94763400394","POINT (-73.9476340039424 40.7894632995555)","01"
"311334921","08/17/2025","11:43:00","VTL","1111D1N","CAR/SUV","HZX9022","NY","QUEENS","108","1,002,652","210,610","40.7447332","-73.9335895","POINT (-73.9335895 40.7447332)","01"
"311339392","08/17/2025","15:10:00","VTL","3816","MOPED","642CD6","NY","QUEENS","104","1,013,259","203,766","40.72591969","-73.89533971","POINT (-73.89533971 40.72591969)","01"
"311354397","08/17/2025","23:10:00","VTL","37512A2","CAR/SUV","FIPP03","FL","QUEENS","101","1,044,193","155,208","40.59248356","-73.7841663","POINT (-73.7841663 40.59248356)","01"
"311328228","08/17/2025","08:05:10","VTL","1180D","CAR/SUV","Y207711C","NY","BROOKLYN","412","1,000,528","168,138","40.6281697437","-73.94135878348","POINT (-73.9413587834752 40.6281697437036)","01"
"311318709","08/17/2025","02:05:38","VTL","4021B2","CAR/SUV","2KF287","SD","NEW YORK","23","998,751","226,901","40.78946329956","-73.94763400394","POINT (-73.9476340039424 40.7894632995555)","01"
"311349453","08/17/2025","19:37:58","VTL","1110A","CAR/SUV","T663241C","NY","BROOKLYN","61","993,835","157,085","40.59783306","-73.96548504","POINT (-73.96548504 40.59783306)","01"
"311347852","08/17/2025","18:56:33","VTL","1110A","CAR/SUV","LTT9212","NY","NEW YORK","24","993,369","229,307","40.79607431283","-73.96706674581","POINT (-73.9670667458109 40.7960743128304)","01"
"311342839","08/17/2025","13:55:00","VTL","1110A","CAR/SUV","TBR8759","VA","BRONX","41","1,014,509","238,113","40.82018895","-73.89067524","POINT (-73.89067524 40.82018895)","01"
"311328204","08/17/2025","02:31:00","VTL","1111D1N","CAR/SUV","LRE3640","NY","BROOKLYN","83","1,008,289","191,997","40.69363149","-73.91331276","POINT (-73.91331276 40.69363149)","01"
"311344959","08/17/2025","18:12:40","NYCTRR","403A1","CAR/SUV","GDV4139","NY","BROOKLYN","61","993,835","157,085","40.59783306","-73.96548504","POINT (-73.96548504 40.59783306)","01"
"311342871","08/17/2025","16:57:27","VTL","1225D","CAR/SUV","KTW7598","NY","BROOKLYN","76","982,915","187,301","40.6807746","-74.00481322","POINT (-74.00481322 40.6807746)","01"
"311330331","08/17/2025","08:47:00","VTL","3752A3","CAR/SUV","T806630C","NY","NEW YORK","25","1,000,558","231,080","40.80093037274","-73.94109824101","POINT (-73.9410982410066 40.8009303727402)","01"
"311334973","08/17/2025","12:06:01","VTL","1111D1N","MOPED","(null)","(null)","BROOKLYN","62","983,907","164,928","40.61936567","-74.00123551","POINT (-74.00123551 40.61936567)","01"
"311333743","08/17/2025","10:59:07","VTL","1180D","CAR/SUV","LRX4231","NY","QUEENS","116","1,050,633","177,078","40.652475","-73.760762","POINT (-73.760762 40.652475)","01"
"311337620","08/17/2025","14:04:38","NYCTRR","403A3IX","BIKE","(null)","(null)","NEW YORK","33","1,001,891","245,600","40.84078110886","-73.93624538182","POINT (-73.9362453818218 40.8407811088581)","01"
"311331478","08/17/2025","09:25:06","VTL","1180D","CAR/SUV","FMXM75","FL","QUEENS","116","1,050,633","177,078","40.652475","-73.760762","POINT (-73.760762 40.652475)","01"
"311337583","08/17/2025","13:34:39","NYCTRR","403A3IX","BIKE","(null)","(null)","NEW YORK","17","992,245","215,005","40.75682016831","-73.97114326335","POINT (-73.9711432633524 40.7568201683051)","01"
"311354080","08/17/2025","21:56:00","VTL","4021B1","CAR/SUV","LFN9788","NY","BRONX","43","1,018,951","241,512","40.82950189","-73.87460889","POINT (-73.87460889 40.82950189)","01"
"311354693","08/17/2025","23:21:00","VTL","5091","CAR/SUV","MWJ9205","PA","QUEENS","115","1,022,286","213,223","40.751851","-73.862718","POINT (-73.862718 40.751851)","01"
"311508106","08/17/2025","12:19:00","VTL","1111D1N","CAR/SUV","ALAMA","NY","BROOKLYN","75","1,014,657","185,798","40.67659708","-73.89037706","POINT (-73.89037706 40.67659708)","01"
"311318406","08/17/2025","00:18:00","VTL","1160E","CAR/SUV","L19PLY","NJ","QUEENS","114","1,007,508","217,125","40.762615","-73.916042","POINT (-73.916042 40.762615)","01"
"311331511","08/17/2025","10:10:07","VTL","1225D","MCL","389BX4","NY","NEW YORK","23","998,751","226,901","40.78946329956","-73.94763400394","POINT (-73.9476340039424 40.7894632995555)","01"
"311353808","08/17/2025","22:35:00","VTL","1172A","CAR/SUV","LEC1588","NY","QUEENS","115","1,017,783","216,911","40.7619834","-73.87895226","POINT (-73.87895226 40.7619834)","01"
"311334963","08/17/2025","11:50:00","VTL","37512A1","CAR/SUV","841BBN","NY","QUEENS","116","1,050,633","177,078","40.652475","-73.760762","POINT (-73.760762 40.652475)","01"
"311339378","08/17/2025","14:51:03","VTL","1225C2A","CAR/SUV","T672154C","NY","BROOKLYN","81","1,005,862","190,486","40.68949041","-73.92206963","POINT (-73.92206963 40.68949041)","01"
"311344924","08/17/2025","17:57:22","VTL","1163AT","CAR/SUV","LRE4858","NY","QUEENS","112","1,021,783","205,604","40.73093248","-73.86457614","POINT (-73.86457614 40.73093248)","01"
"311328233","08/17/2025","08:15:15","VTL","1180D","CAR/SUV","E58MJH","NJ","NEW YORK","411","982,381","201,750","40.72044188847","-74.00674397419","POINT (-74.0067439741913 40.7204418884676)","01"
"311349435","08/17/2025","13:07:00","VTL","1163AT","CAR/SUV","MJT0594","NY","NEW YORK","14","985,764","213,806","40.75353270126","-73.99453689202","POINT (-73.9945368920152 40.7535327012632)","01"
"311340929","08/17/2025","15:52:47","VTL","1180D","CAR/SUV","QQIK77","FL","QUEENS","413","1,032,051","217,053","40.76231580042","-73.82744800186","POINT (-73.8274480018593 40.7623158004241)","01"
"311339386","08/17/2025","15:02:32","VTL","1111D1N","CAR/SUV","T127039C","NY","BROOKLYN","75","1,017,364","186,717","40.67910981","-73.88061332","POINT (-73.88061332 40.67910981)","01"
"311342873","08/17/2025","17:00:20","NYCTRR","403A1","CAR/SUV","5FTL52","MA","NEW YORK","18","988,451","217,993","40.76502407883","-73.98483594971","POINT (-73.9848359497083 40.7650240788333)","01"
"311328218","08/17/2025","07:45:49","VTL","1180D","CAR/SUV","9CDL742","CA","NEW YORK","411","982,381","201,750","40.72044188847","-74.00674397419","POINT (-74.0067439741913 40.7204418884676)","01"
"311354712","08/17/2025","22:44:00","VTL","5091","CAR/SUV","R42VRS","NJ","QUEENS","101","1,052,910","160,200","40.606132","-73.752727","POINT (-73.752727 40.606132)","01"
"311333696","08/17/2025","10:54:00","VTL","5091","MOPED","973CA4","NY","QUEENS","110","1,018,846","209,345","40.741223","-73.875154","POINT (-73.875154 40.741223)","01"
"311336171","08/17/2025","12:30:00","VTL","3817","MOPED","833CA3","NY","BROOKLYN","63","1,003,203","164,411","40.61792634","-73.93173095","POINT (-73.93173095 40.61792634)","01"
"311354081","08/17/2025","22:35:00","VTL","1160E","CAR/SUV","LRL6613","NY","NEW YORK","32","999,433","236,538","40.81591307653","-73.94514930665","POINT (-73.9451493066481 40.81591307653)","01"
"311342860","08/17/2025","16:35:00","VTL","1180D","CAR/SUV","LPW1650","NY","BROOKLYN","67","1,004,850","172,459","40.64001272","-73.92577386","POINT (-73.92577386 40.64001272)","01"
"311350889","08/17/2025","13:47:00","VTL","1229C3A","CAR/SUV","U52FRZ","NJ","NEW YORK","14","985,764","213,806","40.75353270126","-73.99453689202","POINT (-73.9945368920152 40.7535327012632)","01"
"311330349","08/17/2025","08:27:00","VTL","3191U","MCL","(null)","(null)","QUEENS","113","1,045,643","180,391","40.66159545","-73.77871632","POINT (-73.77871632 40.66159545)","01"
"311336144","08/17/2025","02:26:00","VTL","3752A1I","CAR/SUV","T797373C","NY","NEW YORK","18","988,451","217,993","40.76502407883","-73.98483594971","POINT (-73.9848359497083 40.7650240788333)","01"
"311331492","08/17/2025","09:42:00","VTL","37512A2","CAR/SUV","T106716C","(null)","NEW YORK","19","994,244","218,713","40.76699564239","-73.96392230354","POINT (-73.9639223035387 40.7669956423899)","01"
"311349459","08/17/2025","19:39:00","VTL","306BG","CAR/SUV","LLC2746","NY","QUEENS","113","1,048,112","188,482","40.68378589","-73.76974049","POINT (-73.76974049 40.68378589)","01"
"311340935","08/17/2025","16:01:00","VTL","1229C1B","CAR/SUV","LCD9719","NY","BROOKLYN","84","988,902","192,641","40.69543880812","-73.9832253756","POINT (-73.9832253756043 40.6954388081238)","01"
"311352340","08/17/2025","21:20:00","VTL","1110A","CAR/SUV","2JXJ58","MA","BROOKLYN","62","985,969","158,583","40.60194979","-73.99380961","POINT (-73.99380961 40.60194979)","01"
"311339347","08/17/2025","09:54:00","NYCTRR","406A1","CAR/SUV","LUT6470","NY","BROOKLYN","90","1,005,308","199,418","40.71400798","-73.92403936","POINT (-73.92403936 40.71400798)","01"
"311344934","08/17/2025","17:50:45","VTL","3817","MOPED","(null)","(null)","QUEENS","114","1,004,058","215,491","40.75812727","-73.92850105","POINT (-73.92850105 40.75812727)","01"
"311344908","08/17/2025","16:50:00","VTL","1110A","CAR/SUV","1A1BAD5","AL","BROOKLYN","79","996,546","187,436","40.6811367","-73.9556676","POINT (-73.9556676 40.6811367)","01"
"311325057","08/17/2025","03:20:00","VTL","3752A1","CAR/SUV","ZKU5486","NY","BRONX","49","1,021,489","255,055","40.866672","-73.865364","POINT (-73.865364 40.866672)","01"
"311320398","08/17/2025","00:26:00","VTL","37512A2","CAR/SUV","MYJ1580","PA","BROOKLYN","67","999,743","177,743","40.65452656","-73.94416332","POINT (-73.94416332 40.65452656)","01"
"311337623","08/17/2025","12:35:00","VTL","4101","MOPED","NONE","(null)","BRONX","41","1,015,354","237,626","40.81884933","-73.88762455","POINT (-73.88762455 40.81884933)","01"
"311358281","08/17/2025","19:50:00","VTL","1110A","CAR/SUV","MLD8724","PA","BROOKLYN","67","1,003,568","176,728","40.65173309","-73.93038095","POINT (-73.93038095 40.65173309)","01"
"311342888","08/17/2025","17:00:00","VTL","303C","MCL","724BK0","NY","BRONX","40","1,007,046","236,603","40.81606683","-73.91764392","POINT (-73.91764392 40.81606683)","01"
"311408590","08/17/2025","01:20:00","VTL","37512A2","CAR/SUV","LLY9574","NY","QUEENS","104","1,009,639","195,502","40.70324813","-73.90843131","POINT (-73.90843131 40.70324813)","01"
"311333731","08/17/2025","10:48:02","VTL","1180D","CAR/SUV","L54VSG","NJ","NEW YORK","7","988,917","200,245","40.71630999173","-73.98316601369","POINT (-73.9831660136947 40.7163099917327)","01"
"311352335","08/17/2025","08:50:00","VTL","3752A1I","CAR/SUV","LHW6950","NC","NEW YORK","28","997,407","233,806","40.808417746","-73.95247406035","POINT (-73.9524740603515 40.8084177460021)","01"
"311342895","08/17/2025","17:17:03","VTL","1163AT","CAR/SUV","Y207049C","NY","QUEENS","112","1,021,783","205,604","40.73093248","-73.86457614","POINT (-73.86457614 40.73093248)","01"
"311354115","08/17/2025","23:15:31","VTL","3817","MOPED","201CB8","NY","QUEENS","114","1,007,508","217,125","40.762615","-73.916042","POINT (-73.916042 40.762615)","01"
"311354701","08/17/2025","19:15:00","VTL","37512A","CAR/SUV","DX84HB","FL","BROOKLYN","61","1,001,813","157,448","40.59881721","-73.93675586","POINT (-73.93675586 40.59881721)","01"
"311320348","08/17/2025","01:30:00","VTL","3817","MCL","774BZ9","NY","NEW YORK","28","997,407","233,806","40.808417746","-73.95247406035","POINT (-73.9524740603515 40.8084177460021)","01"
"311336149","08/17/2025","12:29:00","VTL","1229C3A","CAR/SUV","T31STC","NJ","BRONX","41","1,014,135","236,990","40.8171079","-73.89203149","POINT (-73.89203149 40.8171079)","01"
"311353800","08/17/2025","22:10:00","NYCTRR","405B1","CAR/SUV","LUF8342","NY","QUEENS","106","1,031,320","188,913","40.68507411","-73.83028219","POINT (-73.83028219 40.68507411)","01"
"311320350","08/17/2025","02:30:00","VTL","1110A","CAR/SUV","LUM9647","NY","QUEENS","109","1,031,307","216,054","40.75956952","-73.8301393","POINT (-73.8301393 40.75956952)","01"
"311339364","08/17/2025","14:26:00","NYCTRR","403A1","CAR/SUV","1AEY88","MA","BROOKLYN","78","987,578","185,225","40.67507592","-73.98800221","POINT (-73.98800221 40.67507592)","01"
"311334966","08/17/2025","12:02:03","NYCTRR","403A3IX","BIKE","(null)","(null)","NEW YORK","17","992,245","215,005","40.75682016831","-73.97114326335","POINT (-73.9711432633524 40.7568201683051)","01"
"311344932","08/17/2025","17:44:14","VTL","5091","CAR/SUV","KHF3710","NY","BROOKLYN","67","1,003,568","176,728","40.65173309","-73.93038095","POINT (-73.93038095 40.65173309)","01"
"311325460","08/17/2025","03:00:00","NYCTRR","403A3I","CAR/SUV","SLG8852","GA","STATEN ISLAND","120","962,526","165,890","40.62197953","-74.07825499","POINT (-74.07825499 40.62197953)","01"
"311318695","08/17/2025","00:04:00","VTL","6001A","CAR/SUV","LCL1246","NY","BROOKLYN","75","1,016,225","181,755","40.66549443","-73.88474331","POINT (-73.88474331 40.66549443)","01"
"311331500","08/17/2025","09:51:00","VTL","1111D3","CAR/SUV","KDX5239","NY","BROOKLYN","78","990,502","188,496","40.68405249","-73.97745785","POINT (-73.97745785 40.68405249)","01"
"311328234","08/17/2025","00:00:00","VTL","1180D","CAR/SUV","JLZ7238","NY","QUEENS","413","1,048,659","216,392","40.76039613927","-73.76750253495","POINT (-73.7675025349456 40.7603961392658)","01"
"311334979","08/17/2025","12:15:00","VTL","4011A","CAR/SUV","HHZ1397","NY","QUEENS","113","1,046,315","187,088","40.67998073847","-73.7762339072","POINT (-73.7762339071953 40.6799807384666)","01"
"311342883","08/17/2025","17:01:12","VTL","1160B","MOPED","(null)","(null)","QUEENS","114","1,004,247","219,776","40.76988806","-73.92780608","POINT (-73.92780608 40.76988806)","01"
"311325070","08/17/2025","04:35:43","VTL","1180D","CAR/SUV","W27VAX","NJ","QUEENS","100","1,031,326","170,802","40.63536347","-73.830387","POINT (-73.830387 40.63536347)","01"
"311353824","08/17/2025","22:40:49","VTL","1180D","CAR/SUV","KYH5225","NY","QUEENS","413","1,032,051","217,053","40.76231580042","-73.82744800186","POINT (-73.8274480018593 40.7623158004241)","01"
"311330335","08/17/2025","08:50:00","VTL","1225D","CAR/SUV","KHA3291","NY","BROOKLYN","79","998,208","186,460","40.67845534","-73.9496774","POINT (-73.9496774 40.67845534)","01"
"311318705","08/17/2025","01:46:37","VTL","1180D","CAR/SUV","S2295179","GA","BROOKLYN","75","1,019,724","186,309","40.6779808","-73.87210691","POINT (-73.87210691 40.6779808)","01"
"311353796","08/17/2025","22:05:00","VTL","3817","MOPED","323CC4","NY","NEW YORK","28","997,407","233,806","40.808417746","-73.95247406035","POINT (-73.9524740603515 40.8084177460021)","01"
"311327603","08/17/2025","02:45:00","VTL","1172A","CAR/SUV","JHM6207","NC","QUEENS","110","1,022,377","209,961","40.74288882","-73.86240823","POINT (-73.86240823 40.74288882)","01"
"311350923","08/17/2025","20:40:00","VTL","37512A1","CAR/SUV","LLU9823","NY","BRONX","49","1,030,852","253,590","40.86259761","-73.8315211","POINT (-73.8315211 40.86259761)","01"
"311342861","08/17/2025","16:40:00","NYCTRR","412A3","MCL","NONE","ZZ","BROOKLYN","66","987,788","165,896","40.62202193","-73.98725527","POINT (-73.98725527 40.62202193)","01"
"311347815","08/17/2025","19:00:00","VTL","37520I","CAR/SUV","LBZ9762","PA","STATEN ISLAND","120","960,980","166,355","40.62325193","-74.08382565","POINT (-74.08382565 40.62325193)","01"
"311339370","08/17/2025","14:30:00","VTL","1180D","CAR/SUV","KWE7695","NY","QUEENS","413","1,048,659","216,392","40.76039613927","-73.76750253495","POINT (-73.7675025349456 40.7603961392658)","01"
"311350885","08/17/2025","16:19:00","VTL","1172A","CAR/SUV","Y200292C","NY","BROOKLYN","79","997,009","191,833","40.6932048","-73.95398996","POINT (-73.95398996 40.6932048)","01"
"311350900","08/17/2025","16:05:00","VTL","5092","MOPED","828BL8","NY","NEW YORK","6","982,755","206,652","40.73389675845","-74.00539583734","POINT (-74.0053958373447 40.7338967584511)","01"
"311350919","08/17/2025","20:39:34","NYCTRR","403A1","CAR/SUV","KPV5146","NY","BROOKLYN","61","997,745","157,651","40.59938153","-73.95140427","POINT (-73.95140427 40.59938153)","01"
"311336156","08/17/2025","12:25:36","VTL","1110AB","BIKE","(null)","(null)","BROOKLYN","81","1,002,516","191,891","40.69335435","-73.9341311","POINT (-73.9341311 40.69335435)","01"
"311337569","08/17/2025","13:24:20","VTL","1163AT","CAR/SUV","LXR9344","NY","NEW YORK","18","988,451","217,993","40.76502407883","-73.98483594971","POINT (-73.9848359497083 40.7650240788333)","01"
"311331489","08/17/2025","09:38:00","VTL","1225D","CAR/SUV","LLD1331","NY","BROOKLYN","78","990,502","188,496","40.68405249","-73.97745785","POINT (-73.97745785 40.68405249)","01"
"311327618","08/17/2025","07:09:54","VTL","1180A","MCL","UNKXXX","(null)","QUEENS","107","1,036,331","201,306","40.71906185","-73.8121185","POINT (-73.8121185 40.71906185)","01"
"311325074","08/17/2025","04:42:00","VTL","37512A1","CAR/SUV","A39VSL","NJ","STATEN ISLAND","442","947,309","160,705","40.60769741","-74.13304179","POINT (-74.13304179 40.60769741)","01"
"311330325","08/17/2025","08:05:00","VTL","4021B2","CAR/SUV","DNW1388","NY","NEW YORK","14","987,704","212,565","40.750128","-73.987533","POINT (-73.987533 40.750128)","01"
"311339335","08/17/2025","02:10:00","VTL","37540B","CAR/SUV","HPB6982","NY","QUEENS","103","1,043,991","193,406","40.69732987","-73.78455536","POINT (-73.78455536 40.69732987)","01"
"311344937","08/17/2025","17:50:45","VTL","5091","MOPED","(null)","(null)","QUEENS","114","1,004,058","215,491","40.75812727","-73.92850105","POINT (-73.92850105 40.75812727)","01"
"311325046","08/17/2025","03:32:00","VTL","4024","CAR/SUV","LSW5687","NY","BRONX","43","1,026,449","236,935","40.8169067","-73.8475439","POINT (-73.8475439 40.8169067)","01"
"311318696","08/17/2025","00:58:00","VTL","3816","MOPED","(null)","(null)","QUEENS","110","1,015,096","211,497","40.74713314","-73.88867664","POINT (-73.88867664 40.74713314)","01"
"311347845","08/17/2025","19:10:00","VTL","1110A","CAR/SUV","LRN6726","NY","NEW YORK","34","1,002,173","249,401","40.85121316769","-73.93521605199","POINT (-73.9352160519866 40.8512131676868)","01"
"311337579","08/17/2025","13:33:27","VTL","1110A","CAR/SUV","W90VHA","NJ","BRONX","43","1,023,078","240,343","40.82627615","-73.85970288","POINT (-73.85970288 40.82627615)","01"
"311342837","08/17/2025","16:10:00","VTL","37512A1","CAR/SUV","LBN1802","NY","BRONX","40","1,008,345","235,949","40.81426834","-73.91295332","POINT (-73.91295332 40.81426834)","01"
"311333764","08/17/2025","11:13:53","VTL","4011AG","CAR/SUV","JJM2693","NY","QUEENS","116","1,050,633","177,078","40.652475","-73.760762","POINT (-73.760762 40.652475)","01"
"311327620","08/17/2025","07:14:38","VTL","1180D","CAR/SUV","DPU9081","NY","BROOKLYN","412","1,000,528","168,138","40.6281697437","-73.94135878348","POINT (-73.9413587834752 40.6281697437036)","01"
"311342872","08/17/2025","16:59:06","VTL","1163AT","CAR/SUV","FCS3136","NY","NEW YORK","24","993,369","229,307","40.79607431283","-73.96706674581","POINT (-73.9670667458109 40.7960743128304)","01"
"311340934","08/17/2025","16:00:21","NYCTRR","403A1","CAR/SUV","LPW1408","NY","BROOKLYN","68","980,155","170,246","40.63396152","-74.0147538","POINT (-74.0147538 40.63396152)","01"
"311352347","08/17/2025","21:38:02","VTL","1180B","MOPED","(null)","(null)","QUEENS","114","1,007,788","219,633","40.76949511844","-73.91502417039","POINT (-73.9150241703895 40.7694951184418)","01"
"311336185","08/17/2025","13:08:00","VTL","3817","MOPED","265CA8","NY","BROOKLYN","63","1,001,301","166,706","40.6242295","-73.93857619","POINT (-73.93857619 40.6242295)","01"
"311331472","08/17/2025","08:23:00","VTL","1110A","CAR/SUV","KGA5559","NY","BROOKLYN","84","987,366","192,920","40.69619701","-73.98876293","POINT (-73.98876293 40.69619701)","01"
"311349426","08/17/2025","17:44:00","VTL","5091","CAR/SUV","LLL8985","NY","STATEN ISLAND","121","939,984","162,264","40.61194298","-74.1594327","POINT (-74.1594327 40.61194298)","01"
"311340919","08/17/2025","15:29:43","VTL","1180D","CAR/SUV","FBB5563","NY","QUEENS","413","1,032,051","217,053","40.76231580042","-73.82744800186","POINT (-73.8274480018593 40.7623158004241)","01"
"311353826","08/17/2025","22:44:31","VTL","1111D1N","CAR/SUV","(null)","PA","BROOKLYN","75","1,017,364","186,717","40.67910981","-73.88061332","POINT (-73.88061332 40.67910981)","01"
"311350909","08/17/2025","20:20:03","VTL","1180D","CAR/SUV","LWU4420","NY","BRONX","411","1,020,219","239,110","40.82291230848","-73.87004130432","POINT (-73.8700413043181 40.8229123084767)","01"
"311334924","08/17/2025","11:10:00","VTL","37540B","CAR/SUV","EXN3281","NY","BROOKLYN","73","1,009,804","184,688","40.67356572","-73.90787723","POINT (-73.90787723 40.67356572)","01"
"311333750","08/17/2025","11:03:00","VTL","1160A","CAR/SUV","LUM8936","NY","BROOKLYN","78","990,502","188,496","40.68405249","-73.97745785","POINT (-73.97745785 40.68405249)","01"
"311347840","08/17/2025","16:35:00","VTL","1172A","CAR/SUV","Y200467C","NY","NEW YORK","6","982,755","206,652","40.73389675845","-74.00539583734","POINT (-74.0053958373447 40.7338967584511)","01"
"311342862","08/17/2025","16:39:54","VTL","1180D","CAR/SUV","MLT0497","PA","QUEENS","413","1,036,658","205,330","40.73011306687","-73.81090891488","POINT (-73.8109089148815 40.7301130668694)","01"
"311363046","08/17/2025","19:49:00","VTL","37512A1","CAR/SUV","(null)","(null)","BRONX","47","1,022,770","260,371","40.88124832","-73.86070069","POINT (-73.86070069 40.88124832)","01"
"311352321","08/17/2025","15:53:00","VTL","1110A","CAR/SUV","LPF9689","NY","BROOKLYN","71","995,420","180,959","40.66336028","-73.95973805","POINT (-73.95973805 40.66336028)","01"
"311331473","08/17/2025","09:42:56","VTL","1110A","CAR/SUV","T762417C","NY","BROOKLYN","70","998,767","169,858","40.63288559","-73.94769778","POINT (-73.94769778 40.63288559)","01"
"311350875","08/17/2025","20:23:00","VTL","1236A","BIKE","(null)","(null)","NEW YORK","23","998,751","226,901","40.78946329956","-73.94763400394","POINT (-73.9476340039424 40.7894632995555)","01"
"311334946","08/17/2025","11:30:00","VTL","1110A","CAR/SUV","Y52RVT","NJ","QUEENS","113","1,046,315","187,088","40.67998073847","-73.7762339072","POINT (-73.7762339071953 40.6799807384666)","01"
"311333756","08/17/2025","11:10:00","VTL","4021B1","MCL","475BX6","NY","QUEENS","108","1,010,732","213,341","40.7522086","-73.90441906","POINT (-73.90441906 40.7522086)","01"
"311350876","08/17/2025","20:20:00","VTL","1172A","CAR/SUV","MLC7466","PA","BROOKLYN","71","995,468","182,016","40.66626145","-73.95956328","POINT (-73.95956328 40.66626145)","01"
"311354430","08/17/2025","22:18:00","VTL","5091J","CAR/SUV","LLL0395","PA","BROOKLYN","73","1,009,850","181,614","40.665137","-73.907724","POINT (-73.907724 40.665137)","01"
"311333702","08/17/2025","09:15:00","VTL","1110A","CAR/SUV","LLP1727","PA","NEW YORK","5","984,990","200,136","40.716012012","-73.9973320301","POINT (-73.9973320301008 40.7160120119955)","01"
"311344957","08/17/2025","17:57:22","VTL","3191U","CAR/SUV","LRE4858","NY","QUEENS","112","1,021,783","205,604","40.73093248","-73.86457614","POINT (-73.86457614 40.73093248)","01"
"311349457","08/17/2025","19:39:00","VTL","5091","CAR/SUV","LLC2746","NY","QUEENS","113","1,048,112","188,482","40.68378589","-73.76974049","POINT (-73.76974049 40.68378589)","01"
"311330350","08/17/2025","08:35:00","VTL","1180D","CAR/SUV","FZD5042","NY","QUEENS","413","1,048,659","216,392","40.76039613927","-73.76750253495","POINT (-73.7675025349456 40.7603961392658)","01"
"311325045","08/17/2025","02:47:00","VTL","1110A","CAR/SUV","E15RWY","NJ","BROOKLYN","63","1,006,544","162,111","40.61160555","-73.91970421","POINT (-73.91970421 40.61160555)","01"
"311337570","08/17/2025","13:24:41","VTL","1110A","CAR/SUV","T785311C","NY","QUEENS","112","1,022,411","205,308","40.73011735","-73.86231192","POINT (-73.86231192 40.73011735)","01"
"311337627","08/17/2025","14:17:00","VTL","3816","MOPED","NONE","ZZ","BROOKLYN","66","986,654","167,140","40.62543683","-73.99133977","POINT (-73.99133977 40.62543683)","01"
"311336173","08/17/2025","12:30:00","VTL","3816","MOPED","833CA3","NY","BROOKLYN","63","1,003,203","164,411","40.61792634","-73.93173095","POINT (-73.93173095 40.61792634)","01"
"311327609","08/17/2025","03:43:00","VTL","1110A","CAR/SUV","T116730C","NY","BRONX","41","1,016,235","234,575","40.81047205","-73.88445613","POINT (-73.88445613 40.81047205)","01"
"311353820","08/17/2025","18:54:00","VTL","3817","MOPED","(null)","(null)","NEW YORK","28","997,407","233,806","40.808417746","-73.95247406035","POINT (-73.9524740603515 40.8084177460021)","01"
"311354721","08/17/2025","19:40:00","VTL","3817","MCL","568BR3","NY","NEW YORK","28","997,407","233,806","40.808417746","-73.95247406035","POINT (-73.9524740603515 40.8084177460021)","01"
"311354681","08/17/2025","23:28:00","VTL","1111D1C","BIKE","(null)","(null)","NEW YORK","23","998,751","226,901","40.78946329956","-73.94763400394","POINT (-73.9476340039424 40.7894632995555)","01"
"311334925","08/17/2025","00:44:00","VTL","3754","CAR/SUV","KLE","NY","BRONX","47","1,025,621","268,476","40.90348104","-73.8503406","POINT (-73.8503406 40.90348104)","01"
"311354106","08/17/2025","20:30:00","VTL","1160E","CAR/SUV","P62VCO","NJ","BROOKLYN","75","1,012,795","183,062","40.66909358","-73.8971015","POINT (-73.8971015 40.66909358)","01"
"311333720","08/17/2025","10:27:33","VTL","1225C2A","CAR/SUV","LRU1523","NY","QUEENS","115","1,022,759","215,403","40.75782406","-73.86099851","POINT (-73.86099851 40.75782406)","01"
"311590204","08/17/2025","21:23:00","VTL","37512A1","CAR/SUV","926JTD","ME","QUEENS","116","1,052,693","187,158","40.68011759","-73.75323687","POINT (-73.75323687 40.68011759)","01"
"311339363","08/17/2025","14:29:00","VTL","1111D1C","BIKE","(null)","(null)","NEW YORK","33","1,001,891","245,600","40.84078110886","-73.93624538182","POINT (-73.9362453818218 40.8407811088581)","01"
"311337608","08/17/2025","13:55:00","VTL","1160B","CAR/SUV","KWS1495","NY","QUEENS","113","1,046,740","187,276","40.6804855","-73.77469851","POINT (-73.77469851 40.6804855)","01"
"311331469","08/17/2025","09:05:00","VTL","5091","CAR/SUV","LPA5624","NY","BROOKLYN","77","1,002,705","184,624","40.6734077","-73.93346945","POINT (-73.93346945 40.6734077)","01"
"311327598","08/17/2025","05:30:00","VTL","4011A","CAR/SUV","DWM5098","FL","STATEN ISLAND","121","941,416","164,942","40.61930056","-74.15429208","POINT (-74.15429208 40.61930056)","01"
"311337617","08/17/2025","14:04:38","VTL","1111D1C","BIKE","(null)","(null)","NEW YORK","33","1,001,891","245,600","40.84078110886","-73.93624538182","POINT (-73.9362453818218 40.8407811088581)","01"
"311327616","08/17/2025","07:00:35","VTL","1180D","CAR/SUV","ZTY8226","PA","BROOKLYN","412","1,000,528","168,138","40.6281697437","-73.94135878348","POINT (-73.9413587834752 40.6281697437036)","01"
"311325067","08/17/2025","00:58:00","VTL","4101","MOPED","18CG33","NY","BROOKLYN","83","1,009,944","191,604","40.69254815","-73.90734616","POINT (-73.90734616 40.69254815)","01"
"311325463","08/17/2025","04:48:00","VTL","3754","CAR/SUV","T799080C","NY","NEW YORK","19","995,228","216,821","40.761804","-73.960371","POINT (-73.960371 40.761804)","01"
"311337604","08/17/2025","13:45:00","VTL","1110A","MOPED","261CC2","NY","QUEENS","104","1,015,256","193,909","40.69885782","-73.88818023","POINT (-73.88818023 40.69885782)","01"
"311354075","08/17/2025","21:02:00","VTL","1111D1N","CAR/SUV","LPG2266","NY","BROOKLYN","71","997,943","180,037","40.66082606","-73.95064585","POINT (-73.95064585 40.66082606)","01"
"311337580","08/17/2025","13:31:54","VTL","1111D1C","BIKE","(null)","(null)","BROOKLYN","62","984,392","164,213","40.61740315","-73.99948851","POINT (-73.99948851 40.61740315)","01"
"311334942","08/17/2025","11:25:11","VTL","1102B","BIKE","(null)","(null)","NEW YORK","17","992,245","215,005","40.75682016831","-73.97114326335","POINT (-73.9711432633524 40.7568201683051)","01"
"311349423","08/17/2025","18:43:00","VTL","1163D","CAR/SUV","Y102589C","NY","NEW YORK","10","984,791","209,846","40.74266360845","-73.99804910848","POINT (-73.9980491084798 40.7426636084461)","01"
"311318704","08/17/2025","01:37:00","VTL","5091","CAR/SUV","M42RYU","NJ","BROOKLYN","412","1,000,528","168,138","40.6281697437","-73.94135878348","POINT (-73.9413587834752 40.6281697437036)","01"
"311318100","08/17/2025","00:01:11","VTL","1180D","CAR/SUV","B98UZD","NJ","QUEENS","413","1,032,051","217,053","40.76231580042","-73.82744800186","POINT (-73.8274480018593 40.7623158004241)","01"
"311334969","08/17/2025","12:00:00","VTL","1110A","CAR/SUV","EBY5579","NY","QUEENS","113","1,046,315","187,088","40.67998073847","-73.7762339072","POINT (-73.7762339071953 40.6799807384666)","01"
"311344950","08/17/2025","17:56:00","VTL","5091","CAR/SUV","6CYA268","CA","QUEENS","113","1,048,129","188,676","40.68431825","-73.76967736","POINT (-73.76967736 40.68431825)","01"
"311342890","08/17/2025","17:00:00","VTL","1128A","MCL","724BK0","NY","BRONX","40","1,007,046","236,603","40.81606683","-73.91764392","POINT (-73.91764392 40.81606683)","01"
"311330336","08/17/2025","09:19:38","VTL","1225D","CAR/SUV","KVN6440","NY","QUEENS","100","1,035,275","153,917","40.58899586","-73.81628653","POINT (-73.81628653 40.58899586)","01"
"311330322","08/17/2025","07:51:00","VTL","5091","CAR/SUV","D81VJD","NJ","BROOKLYN","69","1,010,390","175,471","40.64826539","-73.90580042","POINT (-73.90580042 40.64826539)","01"
"311320403","08/17/2025","02:32:00","VTL","1180D","CAR/SUV","35GOKTAN","NY","BROOKLYN","412","998,002","196,692","40.70654839478","-73.95040063356","POINT (-73.9504006335643 40.7065483947783)","01"
"311350868","08/17/2025","17:40:00","VTL","1110A","CAR/SUV","LLE1425","NY","BROOKLYN","68","980,155","170,246","40.63396152","-74.0147538","POINT (-74.0147538 40.63396152)","01"
"311336152","08/17/2025","12:53:00","VTL","1225D","CAR/SUV","KEL8198","NC","BROOKLYN","78","987,578","185,225","40.67507592","-73.98800221","POINT (-73.98800221 40.67507592)","01"
"311324614","08/17/2025","01:13:00","VTL","3753","CAR/SUV","LNB3627","NY","BRONX","44","1,004,449","243,104","40.83391655","-73.92700664","POINT (-73.92700664 40.83391655)","01"
"311333704","08/17/2025","09:56:00","VTL","1160A","CAR/SUV","MD6166","NJ","NEW YORK","24","993,369","229,307","40.79607431283","-73.96706674581","POINT (-73.9670667458109 40.7960743128304)","01"
"311328196","08/17/2025","07:20:00","VTL","37512A2","CAR/SUV","LLX2516","NY","BROOKLYN","68","981,690","169,033","40.63063267","-74.00922292","POINT (-74.00922292 40.63063267)","01"
"311349468","08/17/2025","20:07:25","NYCTRR","403A1","CAR/SUV","JGW7053","NY","BROOKLYN","67","1,006,457","174,289","40.6450318","-73.91997748","POINT (-73.91997748 40.6450318)","01"
"311336162","08/17/2025","12:40:43","VTL","1111D1N","MOPED","NONE","ZZ","BROOKLYN","68","977,947","172,030","40.63886517059","-74.02271208766","POINT (-74.0227120876572 40.6388651705916)","01"
"311365066","08/17/2025","12:00:00","VTL","5091","CAR/SUV","LND9774","NY","BROOKLYN","68","981,473","168,844","40.63011384","-74.01000462","POINT (-74.01000462 40.63011384)","01"
"311354404","08/17/2025","23:19:00","VTL","3191U","CAR/SUV","FL74333","IL","BRONX","44","1,007,317","243,186","40.83413459","-73.91664224","POINT (-73.91664224 40.83413459)","01"
"311333752","08/17/2025","10:55:00","VTL","4021A","CAR/SUV","C84UEF","NJ","NEW YORK","411","1,002,173","249,401","40.85121316769","-73.93521605199","POINT (-73.9352160519866 40.8512131676868)","01"
"311349430","08/17/2025","19:13:00","VTL","37512A1","CAR/SUV","LHC3365","NY","BRONX","47","1,022,722","262,502","40.88709745","-73.86086203","POINT (-73.86086203 40.88709745)","01"
"311354725","08/17/2025","19:15:00","VTL","37512A","CAR/SUV","DX84HB","FL","BROOKLYN","61","1,001,813","157,448","40.59881721","-73.93675586","POINT (-73.93675586 40.59881721)","01"
"311512192","08/17/2025","18:00:00","VTL","4024","MCL","SCKF53","FL","NEW YORK","34","1,002,173","249,401","40.85121316769","-73.93521605199","POINT (-73.9352160519866 40.8512131676868)","01"
"311334968","08/17/2025","12:00:00","VTL","1110A","CAR/SUV","DWA1597","NY","QUEENS","113","1,046,315","187,088","40.67998073847","-73.7762339072","POINT (-73.7762339071953 40.6799807384666)","01"
"311340927","08/17/2025","15:50:49","VTL","1180D","CAR/SUV","KHS7442","NY","QUEENS","413","1,048,659","216,392","40.76039613927","-73.76750253495","POINT (-73.7675025349456 40.7603961392658)","01"
"311354687","08/17/2025","23:30:00","VTL","4011A","CAR/SUV","JSA0264","PA","STATEN ISLAND","120","962,873","174,172","40.64472094387","-74.0770327199","POINT (-74.0770327198983 40.6447209438691)","01"
"311352341","08/17/2025","21:25:09","VTL","1180D","CAR/SUV","LKT1740","NY","BROOKLYN","412","977,947","172,030","40.63886517059","-74.02271208766","POINT (-74.0227120876572 40.6388651705916)","01"
"311354089","08/17/2025","23:35:00","VTL","1111D1C","BIKE","(null)","(null)","BROOKLYN","72","984,801","179,904","40.66047157","-73.99801402","POINT (-73.99801402 40.66047157)","01"
"311354120","08/17/2025","23:42:10","VTL","1180D","CAR/SUV","LPA3974","NY","QUEENS","413","1,048,659","216,392","40.76039613927","-73.76750253495","POINT (-73.7675025349456 40.7603961392658)","01"
"311337594","08/17/2025","13:45:40","VTL","1111D1N","MOPED","855CC5","NY","BROOKLYN","75","1,017,364","186,717","40.67910981","-73.88061332","POINT (-73.88061332 40.67910981)","01"
"311349441","08/17/2025","19:00:00","VTL","1111D1N","MOPED","(null)","(null)","BROOKLYN","67","996,508","176,285","40.65052974","-73.95582488","POINT (-73.95582488 40.65052974)","01"
"311350926","08/17/2025","20:54:35","NYCTRR","403A1","CAR/SUV","CVJ3763","NY","QUEENS","112","1,030,758","199,858","40.7151185","-73.83223298","POINT (-73.83223298 40.7151185)","01"
"311339356","08/17/2025","14:47:00","VTL","1110A","CAR/SUV","BN02960","CT","BRONX","52","1,016,137","255,791","40.8687041","-73.88470928","POINT (-73.88470928 40.8687041)","01"
"311339374","08/17/2025","14:42:05","VTL","1180D","MOPED","(null)","(null)","QUEENS","114","1,007,948","213,873","40.7536767","-73.91446541","POINT (-73.91446541 40.7536767)","01"
"311353825","08/17/2025","22:36:00","VTL","1180D","CAR/SUV","LRD4475","NY","BROOKLYN","77","995,818","186,960","40.67983117","-73.95829317","POINT (-73.95829317 40.67983117)","01"
"311327590","08/17/2025","04:50:00","VTL","1111D1C","BIKE","BICYCLE","(null)","BROOKLYN","72","980,689","175,856","40.64936","-74.01283282","POINT (-74.01283282 40.64936)","01"
"311327607","08/17/2025","06:45:00","VTL","37540B","CAR/SUV","T736168C","NY","NEW YORK","19","994,244","218,713","40.76699564239","-73.96392230354","POINT (-73.9639223035387 40.7669956423899)","01"
"311330365","08/17/2025","08:55:45","VTL","1111D1N","CAR/SUV","T107179C","NY","BROOKLYN","68","977,947","172,030","40.63886517059","-74.02271208766","POINT (-74.0227120876572 40.6388651705916)","01"
"311334926","08/17/2025","10:35:00","NYCTRR","412A3","CAR/SUV","T686608C","NY","NEW YORK","18","988,451","217,993","40.76502407883","-73.98483594971","POINT (-73.9848359497083 40.7650240788333)","01"
"311365078","08/17/2025","08:20:00","VTL","4021B1","CAR/SUV","T730166C","NY","NEW YORK","14","985,764","213,806","40.75353270126","-73.99453689202","POINT (-73.9945368920152 40.7535327012632)","01"
"311328235","08/17/2025","08:15:00","VTL","1180D","CAR/SUV","EGE1478","NY","QUEENS","113","1,045,643","180,391","40.66159545","-73.77871632","POINT (-73.77871632 40.66159545)","01"
"311347853","08/17/2025","18:56:33","VTL","1229C2A","CAR/SUV","LTT9212","NY","NEW YORK","24","993,369","229,307","40.79607431283","-73.96706674581","POINT (-73.9670667458109 40.7960743128304)","01"
"311354695","08/17/2025","19:50:00","VTL","1160C","CAR/SUV","Y103781C","NY","NEW YORK","14","985,764","213,806","40.75353270126","-73.99453689202","POINT (-73.9945368920152 40.7535327012632)","01"
"311336189","08/17/2025","13:12:00","VTL","1225D","CAR/SUV","GMW9524","NY","BROOKLYN","70","996,858","163,767","40.61617","-73.95458695","POINT (-73.95458695 40.61617)","01"
"311350895","08/17/2025","13:05:00","VTL","1111D1N","CAR/SUV","K57SEC","NJ","NEW YORK","6","982,755","206,652","40.73389675845","-74.00539583734","POINT (-74.0053958373447 40.7338967584511)","01"
"311344938","08/17/2025","17:55:48","VTL","1180D","CAR/SUV","KJL3274","NY","QUEENS","413","996,424","210,017","40.7431245995","-73.95606807268","POINT (-73.9560680726795 40.7431245994984)","01"
"311353817","08/17/2025","20:55:00","VTL","1180D","CAR/SUV","LRZ2039","NY","QUEENS","106","1,025,072","184,240","40.67227883","-73.85283853","POINT (-73.85283853 40.67227883)","01"
"311336164","08/17/2025","12:42:43","VTL","1229C3A","CAR/SUV","1909ZS","ME","BRONX","43","1,022,548","239,450","40.82382743","-73.86162302","POINT (-73.86162302 40.82382743)","01"
"311333713","08/17/2025","10:10:00","VTL","37512A2","CAR/SUV","DWR8944","FL","BRONX","52","1,015,965","258,935","40.87733403","-73.88531628","POINT (-73.88531628 40.87733403)","01"
"311344931","08/17/2025","17:44:14","VTL","1110A","CAR/SUV","KHF3710","NY","BROOKLYN","67","1,003,568","176,728","40.65173309","-73.93038095","POINT (-73.93038095 40.65173309)","01"
"311590991","08/17/2025","22:45:00","VTL","1229C3B","CAR/SUV","LRL6613","NY","NEW YORK","32","999,433","236,538","40.81591307653","-73.94514930665","POINT (-73.9451493066481 40.81591307653)","01"
"311334927","08/17/2025","11:40:00","VTL","3817","MCL","00SVHG","CT","NEW YORK","18","988,451","217,993","40.76502407883","-73.98483594971","POINT (-73.9848359497083 40.7650240788333)","01"
"311344898","08/17/2025","17:45:00","VTL","1225D","CAR/SUV","LLC9198","NY","BRONX","49","1,020,413","251,419","40.85668781","-73.86927257","POINT (-73.86927257 40.85668781)","01"
"311340921","08/17/2025","15:37:52","NYCTRR","403A1","CAR/SUV","A45VZC","NJ","NEW YORK","7","988,917","200,245","40.71630999173","-73.98316601369","POINT (-73.9831660136947 40.7163099917327)","01"
"311354092","08/17/2025","21:11:00","VTL","5091","CAR/SUV","(null)","(null)","BROOKLYN","71","1,003,311","182,296","40.66701658","-73.9312914","POINT (-73.9312914 40.66701658)","01"
"311342833","08/17/2025","16:10:00","NYCTRR","412A3","CAR/SUV","23EGND","FL","STATEN ISLAND","121","938,125","170,979","40.6358543","-74.16618779","POINT (-74.16618779 40.6358543)","01"
"311354102","08/17/2025","20:30:00","VTL","1180D","CAR/SUV","LRR1976","NY","QUEENS","106","1,025,072","184,240","40.67227883","-73.85283853","POINT (-73.85283853 40.67227883)","01"
"311333708","08/17/2025","10:23:00","VTL","1180D","CAR/SUV","BK07123","CT","QUEENS","113","1,045,643","180,391","40.66159545","-73.77871632","POINT (-73.77871632 40.66159545)","01"
"311337576","08/17/2025","13:31:56","VTL","1110AB","BIKE","(null)","(null)","NEW YORK","33","1,001,891","245,600","40.84078110886","-73.93624538182","POINT (-73.9362453818218 40.8407811088581)","01"
"311325459","08/17/2025","02:34:00","VTL","37512A3","CAR/SUV","RCZE35","FL","STATEN ISLAND","120","962,526","165,890","40.62197953","-74.07825499","POINT (-74.07825499 40.62197953)","01"
"311330341","08/17/2025","08:25:00","VTL","1180D","CAR/SUV","LEA3336","NY","QUEENS","413","1,048,659","216,392","40.76039613927","-73.76750253495","POINT (-73.7675025349456 40.7603961392658)","01"
"311344923","08/17/2025","17:26:16","VTL","4031","MOPED","782AP3","NY","NEW YORK","24","993,369","229,307","40.79607431283","-73.96706674581","POINT (-73.9670667458109 40.7960743128304)","01"
"311352315","08/17/2025","20:10:00","VTL","4021B1","CAR/SUV","(null)","(null)","BRONX","40","1,006,520","236,780","40.81655399","-73.91954364","POINT (-73.91954364 40.81655399)","01"
"311336172","08/17/2025","12:30:00","VTL","4021B2","MOPED","833CA3","NY","BROOKLYN","63","1,003,203","164,411","40.61792634","-73.93173095","POINT (-73.93173095 40.61792634)","01"
"311320365","08/17/2025","02:05:00","VTL","4024","CAR/SUV","HAK024","MS","NEW YORK","34","1,004,979","253,368","40.862096","-73.925058","POINT (-73.925058 40.862096)","01"
"311330359","08/17/2025","08:46:00","VTL","1180D","CAR/SUV","EY7278","DC","QUEENS","113","1,045,643","180,391","40.66159545","-73.77871632","POINT (-73.77871632 40.66159545)","01"
"311331515","08/17/2025","10:05:00","VTL","4021A","CAR/SUV","BK16044","CT","NEW YORK","411","1,002,173","249,401","40.85121316769","-73.93521605199","POINT (-73.9352160519866 40.8512131676868)","01"
"311354094","08/17/2025","20:05:00","NYCTRR","405B2","CAR/SUV","LEU6031","NY","QUEENS","114","1,006,954","216,229","40.760155","-73.918045","POINT (-73.918045 40.760155)","01"
"311362570","08/17/2025","23:08:00","VTL","1172A","CAR/SUV","TEU6522","VA","BRONX","44","1,007,050","242,630","40.83260922","-73.91760899","POINT (-73.91760899 40.83260922)","01"
"311331501","08/17/2025","09:56:23","VTL","1111D1N","CAR/SUV","T800034C","NY","QUEENS","115","1,022,759","215,403","40.75782406","-73.86099851","POINT (-73.86099851 40.75782406)","01"
"311344917","08/17/2025","14:06:00","VTL","1110A","MCL","785BX0","NY","BROOKLYN","79","996,897","187,335","40.68085899","-73.95440229","POINT (-73.95440229 40.68085899)","01"
"311318430","08/17/2025","00:57:13","VTL","1180D","CAR/SUV","240804V","NJ","QUEENS","413","1,048,659","216,392","40.76039613927","-73.76750253495","POINT (-73.7675025349456 40.7603961392658)","01"
"311354097","08/17/2025","19:40:00","VTL","4021A","CAR/SUV","LTY7866","NY","NEW YORK","24","993,369","229,307","40.79607431283","-73.96706674581","POINT (-73.9670667458109 40.7960743128304)","01"
"311349460","08/17/2025","19:46:14","VTL","1180D","CAR/SUV","T142235C","NY","QUEENS","413","996,424","210,017","40.7431245995","-73.95606807268","POINT (-73.9560680726795 40.7431245994984)","01"
"311350892","08/17/2025","15:02:00","VTL","1229C1C","CAR/SUV","R13STD","NJ","NEW YORK","14","985,764","213,806","40.75353270126","-73.99453689202","POINT (-73.9945368920152 40.7535327012632)","01"
"311333701","08/17/2025","10:14:00","VTL","1172A","CAR/SUV","GBN3903","NY","BRONX","50","1,012,338","263,872","40.89089683","-73.89841105","POINT (-73.89841105 40.89089683)","01"
"311354715","08/17/2025","23:55:00","VTL","1110A","CAR/SUV","LGL3067","NY","BROOKLYN","73","1,008,845","184,144","40.67207528","-73.91133643","POINT (-73.91133643 40.67207528)","01"
"311318710","08/17/2025","02:07:23","NYCTRR","406A1","CAR/SUV","PGNL75","FL","BROOKLYN","75","1,017,987","181,155","40.66384103","-73.87839504","POINT (-73.87839504 40.66384103)","01"
"311340939","08/17/2025","16:09:46","VTL","1180D","CAR/SUV","LEY3451","NY","QUEENS","413","1,036,658","205,330","40.73011306687","-73.81090891488","POINT (-73.8109089148815 40.7301130668694)","01"
"311339350","08/17/2025","12:01:00","NYCTRR","403A1","MCL","638BU3","NY","BROOKLYN","90","997,661","199,434","40.71406679","-73.95162366","POINT (-73.95162366 40.71406679)","01"
"311327602","08/17/2025","03:00:00","VTL","1172A","CAR/SUV","LRY3359","NY","STATEN ISLAND","120","961,091","169,644","40.63227983","-74.08343708","POINT (-74.08343708 40.63227983)","01"
"311339371","08/17/2025","14:32:00","VTL","1111D1E","EBIKE","(null)","(null)","BROOKLYN","63","1,002,701","165,010","40.61957153","-73.93353752","POINT (-73.93353752 40.61957153)","01"
"311339360","08/17/2025","14:27:05","VTL","37512A2","CAR/SUV","Z34PTZ","NJ","STATEN ISLAND","122","942,962","135,789","40.53928878","-74.14854517","POINT (-74.14854517 40.53928878)","01"
"311331487","08/17/2025","09:30:00","VTL","1180D","CAR/SUV","KHY1294","NY","NEW YORK","411","1,002,173","249,401","40.85121316769","-73.93521605199","POINT (-73.9352160519866 40.8512131676868)","01"
"311337585","08/17/2025","13:31:56","VTL","1110AB","BIKE","(null)","(null)","NEW YORK","33","1,001,891","245,600","40.84078110886","-73.93624538182","POINT (-73.9362453818218 40.8407811088581)","01"
"311344928","08/17/2025","17:30:00","VTL","5091","CAR/SUV","W34SEJ","NJ","BRONX","49","1,020,413","251,419","40.85668781","-73.86927257","POINT (-73.86927257 40.85668781)","01"
"311352319","08/17/2025","17:02:00","NYCTRR","403A1","CAR/SUV","Y203565C","NY","NEW YORK","5","984,990","200,136","40.716012012","-73.9973320301","POINT (-73.9973320301008 40.7160120119955)","01"
"311334961","08/17/2025","11:54:20","VTL","1180D","CAR/SUV","T109860C","NY","NEW YORK","7","988,917","200,245","40.71630999173","-73.98316601369","POINT (-73.9831660136947 40.7163099917327)","01"
"311331503","08/17/2025","09:56:37","VTL","1111D1N","CAR/SUV","Y103760C","NY","NEW YORK","6","982,755","206,652","40.73389675845","-74.00539583734","POINT (-74.0053958373447 40.7338967584511)","01"
"311331484","08/17/2025","09:30:34","VTL","1110A","CAR/SUV","N77VJL","NJ","BROOKLYN","68","977,947","172,030","40.63886517059","-74.02271208766","POINT (-74.0227120876572 40.6388651705916)","01"
"311349448","08/17/2025","19:21:08","VTL","3191U","MOPED","MP2940","DE","QUEENS","112","1,030,007","200,604","40.71717","-73.83493696","POINT (-73.83493696 40.71717)","01"
"311330324","08/17/2025","08:52:00","VTL","4021B1","CAR/SUV","8NEY70","MA","NEW YORK","14","986,454","213,101","40.751599","-73.992045","POINT (-73.992045 40.751599)","01"
"311350891","08/17/2025","14:23:00","VTL","4021B1","CAR/SUV","T120231C","NY","NEW YORK","14","985,764","213,806","40.75353270126","-73.99453689202","POINT (-73.9945368920152 40.7535327012632)","01"
"311340920","08/17/2025","15:36:00","VTL","1180D","CAR/SUV","HBY6789","NY","BROOKLYN","84","988,331","193,442","40.69762939","-73.98528259","POINT (-73.98528259 40.69762939)","01"
"311352322","08/17/2025","21:15:00","VTL","5091","MOPED","518CE3","NY","QUEENS","114","1,000,530","214,434","40.75523327","-73.94123827","POINT (-73.94123827 40.75523327)","01"
"311320404","08/17/2025","02:30:00","VTL","1180D","CAR/SUV","LAZ1929","NY","QUEENS","413","1,048,659","216,392","40.76039613927","-73.76750253495","POINT (-73.7675025349456 40.7603961392658)","01"
"311349422","08/17/2025","19:15:00","VTL","3816","MCL","192CE1","NY","NEW YORK","28","997,407","233,806","40.808417746","-73.95247406035","POINT (-73.9524740603515 40.8084177460021)","01"
"311336184","08/17/2025","13:09:52","VTL","1110A","CAR/SUV","HUV8075","NY","BRONX","41","1,014,249","238,403","40.8209858","-73.89161332","POINT (-73.89161332 40.8209858)","01"
"311342841","08/17/2025","16:25:10","VTL","1110A","CAR/SUV","GNE1791","NY","BRONX","42","1,012,946","242,977","40.83354445","-73.8963015","POINT (-73.8963015 40.83354445)","01"
"311340931","08/17/2025","16:01:00","VTL","1225D","CAR/SUV","LCD9719","NY","BROOKLYN","84","988,902","192,641","40.69543880812","-73.9832253756","POINT (-73.9832253756043 40.6954388081238)","01"
"311328221","08/17/2025","07:44:24","NYCTRR","413","TRUCK/BUS","R802417","TX","NEW YORK","411","1,001,891","245,600","40.84078110886","-73.93624538182","POINT (-73.9362453818218 40.8407811088581)","01"
"311330346","08/17/2025","08:27:00","VTL","5092","MCL","(null)","(null)","QUEENS","113","1,045,643","180,391","40.66159545","-73.77871632","POINT (-73.77871632 40.66159545)","01"
"311330368","08/17/2025","08:57:32","VTL","5091","MOPED","(null)","(null)","QUEENS","115","1,022,759","215,403","40.75782406","-73.86099851","POINT (-73.86099851 40.75782406)","01"
"311327589","08/17/2025","06:08:00","VTL","1110A","CAR/SUV","LWU8018","NY","QUEENS","109","1,031,307","216,054","40.75956952","-73.8301393","POINT (-73.8301393 40.75956952)","01"
"311349432","08/17/2025","19:39:00","VTL","1172A","CAR/SUV","(null)","NY","BROOKLYN","77","1,001,176","184,732","40.67370719","-73.93898125","POINT (-73.93898125 40.67370719)","01"
"311327623","08/17/2025","07:22:25","VTL","1180D","CAR/SUV","DW712L","NY","BROOKLYN","412","1,000,528","168,138","40.6281697437","-73.94135878348","POINT (-73.9413587834752 40.6281697437036)","01"
"311342848","08/17/2025","16:25:10","VTL","5091","CAR/SUV","GNE1791","NY","BRONX","42","1,012,946","242,977","40.83354445","-73.8963015","POINT (-73.8963015 40.83354445)","01"
"311350872","08/17/2025","19:05:00","VTL","4101","MCL","(null)","(null)","BROOKLYN","68","977,214","166,202","40.62285974","-74.02534566","POINT (-74.02534566 40.62285974)","01"
"311337590","08/17/2025","13:40:00","VTL","1110A","CAR/SUV","LSX8745","NY","STATEN ISLAND","122","942,261","134,884","40.53680144","-74.1510616","POINT (-74.1510616 40.53680144)","01"
"311331486","08/17/2025","09:34:44","NYCTRR","403A1","CAR/SUV","Y205572C","NY","NEW YORK","6","982,755","206,652","40.73389675845","-74.00539583734","POINT (-74.0053958373447 40.7338967584511)","01"
"311350869","08/17/2025","17:50:00","VTL","3817","MOPED","512CE7","NY","BROOKLYN","68","980,334","170,465","40.63456271","-74.01410901","POINT (-74.01410901 40.63456271)","01"
"311334972","08/17/2025","12:06:01","NYCTRR","403A3II","MOPED","(null)","(null)","BROOKLYN","62","984,452","164,495","40.61817718","-73.99927238","POINT (-73.99927238 40.61817718)","01"
"311344960","08/17/2025","18:09:52","NYCTRR","402C","CAR/SUV","T768495C","NY","BRONX","42","1,012,946","242,977","40.83354445","-73.8963015","POINT (-73.8963015 40.83354445)","01"
"311342829","08/17/2025","16:20:00","NYCTRR","403A1","CAR/SUV","Y209995C","NY","NEW YORK","9","987,496","203,963","40.7265156408","-73.98829024376","POINT (-73.9882902437563 40.7265156408036)","01"
"311339381","08/17/2025","14:50:00","VTL","1127A","CAR/SUV","Y210977C","NY","NEW YORK","14","985,764","213,806","40.75353270126","-73.99453689202","POINT (-73.9945368920152 40.7535327012632)","01"
"311430648","08/17/2025","02:36:00","VTL","306B","CAR/SUV","KTX5520","NY","BRONX","47","1,026,480","262,584","40.88731363447","-73.84727175776","POINT (-73.8472717577564 40.8873136344706)","01"
"311333691","08/17/2025","09:44:00","VTL","37512A1","CAR/SUV","LUS6283","NY","QUEENS","108","1,000,788","210,489","40.74440477","-73.94031673","POINT (-73.94031673 40.74440477)","01"
"311328214","08/17/2025","07:36:35","VTL","1180D","CAR/SUV","J90RDS","NJ","NEW YORK","411","982,381","201,750","40.72044188847","-74.00674397419","POINT (-74.0067439741913 40.7204418884676)","01"
"311334941","08/17/2025","11:25:01","VTL","1111D1N","CAR/SUV","Y201718C","NY","NEW YORK","6","982,755","206,652","40.73389675845","-74.00539583734","POINT (-74.0053958373447 40.7338967584511)","01"
"311342869","08/17/2025","16:54:10","VTL","1180D","CAR/SUV","LAV6112","NY","BROOKLYN","67","1,004,850","172,459","40.64001272","-73.92577386","POINT (-73.92577386 40.64001272)","01"
"311327601","08/17/2025","05:00:00","NYCTRR","412A3","CAR/SUV","LXR4615","NY","NEW YORK","33","1,002,253","246,734","40.843893","-73.934934","POINT (-73.934934 40.843893)","01"
"311318666","08/17/2025","01:36:00","VTL","1110A","CAR/SUV","GZN1365","NY","BROOKLYN","69","1,011,359","174,331","40.64513343","-73.90231306","POINT (-73.90231306 40.64513343)","01"
"311318694","08/17/2025","00:33:00","VTL","50910","CAR/SUV","V36SUU","NJ","BROOKLYN","73","1,007,268","183,637","40.67068792","-73.91702315","POINT (-73.91702315 40.67068792)","01"
"311342865","08/17/2025","16:43:00","VTL","1180D","CAR/SUV","LBT9154","NY","BROOKLYN","412","984,128","179,058","40.65815775355","-74.00044115489","POINT (-74.0004411548878 40.6581577535544)","01"
"311353819","08/17/2025","21:25:00","VTL","1110A","CAR/SUV","LAJ5283","NY","NEW YORK","34","1,002,173","249,401","40.85121316769","-73.93521605199","POINT (-73.9352160519866 40.8512131676868)","01"
"311344926","08/17/2025","17:34:39","VTL","1163AT","CAR/SUV","G23SXM","NJ","BROOKLYN","84","986,764","194,585","40.70076724","-73.99093327","POINT (-73.99093327 40.70076724)","01"
"311365070","08/17/2025","20:35:00","VTL","4021A","CAR/SUV","LRD8892","NY","STATEN ISLAND","121","939,348","155,247","40.59267957","-74.16167673","POINT (-74.16167673 40.59267957)","01"
"311340941","08/17/2025","16:12:21","VTL","1180D","CAR/SUV","LER6049","NY","QUEENS","413","1,032,051","217,053","40.76231580042","-73.82744800186","POINT (-73.8274480018593 40.7623158004241)","01"
"311337566","08/17/2025","12:35:00","VTL","1225A","MOPED","NONE","(null)","BRONX","41","1,015,354","237,626","40.81884933","-73.88762455","POINT (-73.88762455 40.81884933)","01"
"311354690","08/17/2025","23:30:00","VTL","3191U","CAR/SUV","JSA0264","PA","STATEN ISLAND","120","962,873","174,172","40.64472094387","-74.0770327199","POINT (-74.0770327198983 40.6447209438691)","01"
"311330383","08/17/2025","09:05:00","VTL","1180D","CAR/SUV","B21USL","NJ","NEW YORK","411","1,002,173","249,401","40.85121316769","-73.93521605199","POINT (-73.9352160519866 40.8512131676868)","01"
"311327600","08/17/2025","02:00:00","VTL","4011A","CAR/SUV","RHZ7892","NC","NEW YORK","17","992,245","215,005","40.75682016831","-73.97114326335","POINT (-73.9711432633524 40.7568201683051)","01"
"311339341","08/17/2025","14:22:00","VTL","1110A","CAR/SUV","7XVS185","CA","NEW YORK","1","982,381","201,750","40.72044188847","-74.00674397419","POINT (-74.0067439741913 40.7204418884676)","01"
"311334922","08/17/2025","11:07:00","VTL","1172A","CAR/SUV","KKR8973","NY","STATEN ISLAND","121","939,984","162,264","40.61194298","-74.1594327","POINT (-74.1594327 40.61194298)","01"
"311336191","08/17/2025","13:15:07","VTL","1111D1N","MCL","(null)","(null)","BROOKLYN","81","1,006,979","189,657","40.6872122","-73.91804466","POINT (-73.91804466 40.6872122)","01"
"311331459","08/17/2025","09:25:00","VTL","37540B","CAR/SUV","19AMDD","FL","NEW YORK","14","985,802","213,780","40.753463","-73.994399","POINT (-73.994399 40.753463)","01"
"311334965","08/17/2025","11:30:00","VTL","1110A","CAR/SUV","HDB1618","NY","QUEENS","113","1,046,315","187,088","40.67998073847","-73.7762339072","POINT (-73.7762339071953 40.6799807384666)","01"
"311327605","08/17/2025","06:16:00","VTL","1110A","CAR/SUV","R65VRG","NJ","QUEENS","109","1,031,307","216,054","40.75956952","-73.8301393","POINT (-73.8301393 40.75956952)","01"
"311330315","08/17/2025","00:35:00","VTL","22641","CAR/SUV","LWL9946","NY","BROOKLYN","67","998,188","177,056","40.65264348","-73.94976894","POINT (-73.94976894 40.65264348)","01"
"311318657","08/17/2025","01:20:00","VTL","1110AB","BIKE","(null)","(null)","QUEENS","102","1,031,440","194,441","40.70024653","-73.82981079","POINT (-73.82981079 40.70024653)","01"
"311337588","08/17/2025","13:25:00","VTL","1111D1E","EBIKE","(null)","(null)","BROOKLYN","72","984,801","179,904","40.66047157","-73.99801402","POINT (-73.99801402 40.66047157)","01"
"311318700","08/17/2025","01:27:00","VTL","1180D","CAR/SUV","LAG6856","NY","BROOKLYN","412","1,010,541","175,595","40.64861355106","-73.90525720323","POINT (-73.9052572032302 40.6486135510607)","01"
"311342878","08/17/2025","17:01:00","VTL","1180D","CAR/SUV","LKT1581","NY","BROOKLYN","67","1,005,271","175,566","40.64853978","-73.92424723","POINT (-73.92424723 40.64853978)","01"
"311340907","08/17/2025","14:40:00","VTL","1110A","CAR/SUV","LUU1928","NY","QUEENS","108","1,002,924","210,628","40.74478204","-73.93260783","POINT (-73.93260783 40.74478204)","01"
"311330363","08/17/2025","08:54:18","VTL","1180D","CAR/SUV","FHM6842","NY","BRONX","411","1,026,480","262,584","40.88731363447","-73.84727175776","POINT (-73.8472717577564 40.8873136344706)","01"
"311350932","08/17/2025","21:10:00","VTL","1110A","CAR/SUV","TCW4119","NY","BRONX","49","1,030,852","253,590","40.86259761","-73.8315211","POINT (-73.8315211 40.86259761)","01"
"311333699","08/17/2025","10:10:00","VTL","4021B1","CAR/SUV","KLF8352","NY","STATEN ISLAND","123","926,731","142,481","40.5575666","-74.20699746","POINT (-74.20699746 40.5575666)","01"
"311354077","08/17/2025","21:11:00","VTL","4011A","CAR/SUV","(null)","(null)","BROOKLYN","71","1,003,311","182,296","40.66701658","-73.9312914","POINT (-73.9312914 40.66701658)","01"
"311327591","08/17/2025","01:20:00","VTL","37512A2","CAR/SUV","LVJ8879","NY","NEW YORK","6","982,755","206,652","40.73389675845","-74.00539583734","POINT (-74.0053958373447 40.7338967584511)","01"
"311349451","08/17/2025","19:33:00","VTL","1163AT","CAR/SUV","U226171","OH","NEW YORK","24","993,369","229,307","40.79607431283","-73.96706674581","POINT (-73.9670667458109 40.7960743128304)","01"
"311333747","08/17/2025","10:51:00","VTL","1225C2A","CAR/SUV","DL21HQ","FL","BROOKLYN","94","995,355","202,315","40.72197764","-73.95993714","POINT (-73.95993714 40.72197764)","01"
"311333763","08/17/2025","11:16:36","VTL","1180D","CAR/SUV","HHP9892","NY","NEW YORK","411","982,381","201,750","40.72044188847","-74.00674397419","POINT (-74.0067439741913 40.7204418884676)","01"
"311344909","08/17/2025","11:25:00","VTL","1111D1C","BIKE","(null)","(null)","NEW YORK","17","992,245","215,005","40.75682016831","-73.97114326335","POINT (-73.9711432633524 40.7568201683051)","01"
"311352350","08/17/2025","21:46:21","VTL","1110A","CAR/SUV","LVF1747","NY","BROOKLYN","75","1,018,247","187,048","40.68001498","-73.87742815","POINT (-73.87742815 40.68001498)","01"
"311318423","08/17/2025","00:34:36","NYCTRR","406A1","CAR/SUV","LTE3736","NY","BROOKLYN","75","1,017,987","181,155","40.66384103","-73.87839504","POINT (-73.87839504 40.66384103)","01"
"311330370","08/17/2025","08:57:32","VTL","4011A","MOPED","(null)","(null)","QUEENS","115","1,022,759","215,403","40.75782406","-73.86099851","POINT (-73.86099851 40.75782406)","01"
"311342899","08/17/2025","17:18:03","VTL","1111D1N","CAR/SUV","LTP4434","NY","NEW YORK","7","988,917","200,245","40.71630999173","-73.98316601369","POINT (-73.9831660136947 40.7163099917327)","01"
"311318703","08/17/2025","01:38:30","VTL","1180D","CAR/SUV","LTC5665","NY","QUEENS","102","1,033,111","192,553","40.69505535","-73.82379809","POINT (-73.82379809 40.69505535)","01"
"311331490","08/17/2025","09:39:00","NYCTRR","403A1","CAR/SUV","DCF9384","NY","QUEENS","108","1,002,241","207,972","40.73749339","-73.9350798","POINT (-73.9350798 40.73749339)","01"
"311337596","08/17/2025","13:40:00","VTL","1110A","CAR/SUV","Y209833C","NY","NEW YORK","14","985,764","213,806","40.75353270126","-73.99453689202","POINT (-73.9945368920152 40.7535327012632)","01"
"311337600","08/17/2025","13:43:00","VTL","1229C10","CAR/SUV","E66VPA","NJ","BROOKLYN","70","997,133","161,865","40.61094901","-73.95360005","POINT (-73.95360005 40.61094901)","01"
"311352355","08/17/2025","22:17:00","VTL","1180D","CAR/SUV","KWH3857","PA","STATEN ISLAND","122","963,092","159,859","40.60542705","-74.07619723","POINT (-74.07619723 40.60542705)","01"
"311336178","08/17/2025","12:42:43","VTL","3191U","CAR/SUV","1909ZS","ME","BRONX","43","1,022,548","239,450","40.82382743","-73.86162302","POINT (-73.86162302 40.82382743)","01"
"311342879","08/17/2025","17:01:12","VTL","4101","MCL","(null)","(null)","QUEENS","114","1,005,004","219,314","40.76861825","-73.92507456","POINT (-73.92507456 40.76861825)","01"
"311328217","08/17/2025","07:44:24","NYCTRR","414A2","TRUCK/BUS","R802417","TX","NEW YORK","411","1,001,891","245,600","40.84078110886","-73.93624538182","POINT (-73.9362453818218 40.8407811088581)","01"
"311354098","08/17/2025","20:00:00","VTL","1225A","MOPED","210CA4","NY","BROOKLYN","79","999,151","187,101","40.6802132","-73.9462762","POINT (-73.9462762 40.6802132)","01"
"311387888","08/17/2025","23:52:00","VTL","37520I","CAR/SUV","F39RLG","NJ","BRONX","44","1,008,782","244,577","40.83794853","-73.91134305","POINT (-73.91134305 40.83794853)","01"
"311318056","08/17/2025","00:00:00","VTL","1110A","CAR/SUV","MST4853","PA","BROOKLYN","70","995,708","176,233","40.65038808","-73.95870799","POINT (-73.95870799 40.65038808)","01"
"311333725","08/17/2025","10:37:00","VTL","1180D","CAR/SUV","Y92VSF","NJ","NEW YORK","411","1,002,173","249,401","40.85121316769","-73.93521605199","POINT (-73.9352160519866 40.8512131676868)","01"
"311333723","08/17/2025","10:59:34","VTL","1110A","CAR/SUV","T680682C","NY","BROOKLYN","73","1,007,268","183,637","40.67068792","-73.91702315","POINT (-73.91702315 40.67068792)","01"
"311330390","08/17/2025","09:18:59","VTL","1180D","CAR/SUV","MWN8315","PA","STATEN ISLAND","442","942,822","166,353","40.6231883776","-74.14923769473","POINT (-74.1492376947323 40.6231883776008)","01"
"311325044","08/17/2025","02:47:00","VTL","1111D1N","CAR/SUV","E15RWY","NJ","BROOKLYN","63","1,006,349","161,949","40.61116138","-73.92040706","POINT (-73.92040706 40.61116138)","01"
"311327612","08/17/2025","06:29:00","VTL","1180D","CAR/SUV","LUL8773","NY","QUEENS","413","1,018,623","214,936","40.75656758464","-73.87593153413","POINT (-73.8759315341335 40.7565675846374)","01"
"311350917","08/17/2025","20:36:14","VTL","1163AT","CAR/SUV","LSV8938","NY","NEW YORK","24","993,369","229,307","40.79607431283","-73.96706674581","POINT (-73.9670667458109 40.7960743128304)","01"
"311354119","08/17/2025","23:23:57","VTL","1128A","CAR/SUV","LSC7645","NY","BRONX","411","1,013,037","236,657","40.81620584392","-73.89600119326","POINT (-73.8960011932583 40.8162058439227)","01"
"311347854","08/17/2025","19:04:40","VTL","1110A","CAR/SUV","JFS4447","NY","BROOKLYN","61","993,835","157,085","40.59783306","-73.96548504","POINT (-73.96548504 40.59783306)","01"
"311336177","08/17/2025","12:42:43","VTL","4024","CAR/SUV","1909ZS","ME","BRONX","43","1,022,548","239,450","40.82382743","-73.86162302","POINT (-73.86162302 40.82382743)","01"
"311318395","08/17/2025","00:45:00","VTL","1172A","CAR/SUV","LBH1416","PA","BROOKLYN","76","986,664","187,538","40.68142488","-73.99129644","POINT (-73.99129644 40.68142488)","01"
"311352333","08/17/2025","20:10:00","VTL","3191U","CAR/SUV","(null)","NY","BRONX","40","1,006,520","236,780","40.81655399","-73.91954364","POINT (-73.91954364 40.81655399)","01"
"311336158","08/17/2025","12:31:22","VTL","1180D","CAR/SUV","LLP6398","NY","NEW YORK","7","988,917","200,245","40.71630999173","-73.98316601369","POINT (-73.9831660136947 40.7163099917327)","01"
"311350915","08/17/2025","20:33:44","NYCTRR","406A1","CAR/SUV","KGW3153","NY","BROOKLYN","75","1,017,987","181,155","40.66384103","-73.87839504","POINT (-73.87839504 40.66384103)","01"
"311330326","08/17/2025","07:23:00","VTL","4021B1","CAR/SUV","ZAIBI","NY","NEW YORK","14","985,764","213,806","40.75353270126","-73.99453689202","POINT (-73.9945368920152 40.7535327012632)","01"
"311331476","08/17/2025","09:36:15","VTL","1229C3A","CAR/SUV","MSG2824","PA","BROOKLYN","60","994,197","149,502","40.57701884","-73.96419267","POINT (-73.96419267 40.57701884)","01"
"311339366","08/17/2025","14:24:00","VTL","1110A","CAR/SUV","KGC8338","NY","NEW YORK","14","985,764","213,806","40.75353270126","-73.99453689202","POINT (-73.9945368920152 40.7535327012632)","01"
"311325050","08/17/2025","03:55:00","VTL","306B","CAR/SUV","BA26037","IL","BROOKLYN","69","1,010,971","174,786","40.646394","-73.90371","POINT (-73.90371 40.646394)","01"
"311339384","08/17/2025","15:00:39","VTL","1225D","CAR/SUV","LAZ8450","NY","BROOKLYN","81","1,005,862","190,486","40.68949041","-73.92206963","POINT (-73.92206963 40.68949041)","01"
"311330376","08/17/2025","09:04:55","VTL","1111D3","CAR/SUV","KSS3690","NY","BROOKLYN","68","977,947","172,030","40.63886517059","-74.02271208766","POINT (-74.0227120876572 40.6388651705916)","01"
"311352342","08/17/2025","21:28:16","VTL","4021A","CAR/SUV","JDY6647","NY","NEW YORK","34","1,002,173","249,401","40.85121316769","-73.93521605199","POINT (-73.9352160519866 40.8512131676868)","01"
"311354116","08/17/2025","23:19:24","NYCTRR","413","CAR/SUV","3307754","IN","BROOKLYN","412","995,122","155,693","40.59401905866","-73.96085431584","POINT (-73.9608543158447 40.5940190586592)","01"
"311342847","08/17/2025","16:52:41","VTL","1180D","CAR/SUV","KEP7737","(null)","STATEN ISLAND","121","939,164","156,952","40.59735851","-74.16235063","POINT (-74.16235063 40.59735851)","01"
"311350898","08/17/2025","13:35:00","VTL","1163D","MOPED","226CC5","NY","NEW YORK","6","982,755","206,652","40.73389675845","-74.00539583734","POINT (-74.0053958373447 40.7338967584511)","01"
"311354389","08/17/2025","22:22:00","VTL","37512A","CAR/SUV","LRR4534","NY","BROOKLYN","67","1,005,404","181,336","40.66437684","-73.92374984","POINT (-73.92374984 40.66437684)","01"
"311352345","08/17/2025","21:34:06","VTL","1110A","CAR/SUV","EY89709","IL","BROOKLYN","62","985,969","158,583","40.60194979","-73.99380961","POINT (-73.99380961 40.60194979)","01"
"311324594","08/17/2025","03:29:00","VTL","12271","CAR/SUV","TGE3089","NY","QUEENS","115","1,020,893","212,469","40.749788","-73.867751","POINT (-73.867751 40.749788)","01"
"311337616","08/17/2025","13:38:00","VTL","1151A","MOPED","NONE","ZZ","BROOKLYN","66","986,486","166,928","40.62485497","-73.99194505","POINT (-73.99194505 40.62485497)","01"
"311344946","08/17/2025","17:24:28","NYCTRR","402C","CAR/SUV","TCD6254","VA","QUEENS","413","1,032,051","217,053","40.76231580042","-73.82744800186","POINT (-73.8274480018593 40.7623158004241)","01"
"311479114","08/17/2025","09:45:00","VTL","5091","MOPED","340BW6","NY","BROOKLYN","83","1,008,282","194,600","40.70077614","-73.91332872","POINT (-73.91332872 40.70077614)","01"
"311336187","08/17/2025","13:11:56","VTL","1163AT","TRUCK/BUS","17469NG","NY","NEW YORK","7","988,917","200,245","40.71630999173","-73.98316601369","POINT (-73.9831660136947 40.7163099917327)","01"
"311324612","08/17/2025","01:51:00","VTL","1110A","CAR/SUV","N61VWU","NJ","BRONX","52","1,014,845","257,494","40.87338288","-73.88937285","POINT (-73.88937285 40.87338288)","01"
"311342889","08/17/2025","17:00:00","NYCTRR","412A3","MCL","724BK0","NY","BRONX","40","1,007,046","236,603","40.81606683","-73.91764392","POINT (-73.91764392 40.81606683)","01"
"311347824","08/17/2025","16:30:00","VTL","3816","CAR/SUV","489CC5","NY","QUEENS","106","1,029,506","180,892","40.66306777","-73.83687667","POINT (-73.83687667 40.66306777)","01"
"311455072","08/17/2025","21:20:00","VTL","3752A3","CAR/SUV","(null)","(null)","BROOKLYN","73","1,009,519","180,676","40.6625545","-73.9089197","POINT (-73.9089197 40.6625545)","01"
"311362036","08/17/2025","20:07:00","VTL","1163AT","CAR/SUV","T109678C","NY","BRONX","41","1,014,249","238,403","40.8209858","-73.89161332","POINT (-73.89161332 40.8209858)","01"
"311318098","08/17/2025","00:00:48","VTL","37512A2","CAR/SUV","LXT1906","NY","BROOKLYN","75","1,017,987","181,155","40.66384103","-73.87839504","POINT (-73.87839504 40.66384103)","01"
"311350921","08/17/2025","20:40:00","VTL","1110A","CAR/SUV","LLU9823","NY","BRONX","49","1,030,852","253,590","40.86259761","-73.8315211","POINT (-73.8315211 40.86259761)","01"
"311349429","08/17/2025","19:30:00","VTL","4021B1","CAR/SUV","TBD8426","VA","QUEENS","101","1,052,632","161,443","40.60953621","-73.75371746","POINT (-73.75371746 40.60953621)","01"
"311354682","08/17/2025","23:44:00","VTL","1111D1C","BIKE","(null)","(null)","NEW YORK","23","998,751","226,901","40.78946329956","-73.94763400394","POINT (-73.9476340039424 40.7894632995555)","01"
"311350871","08/17/2025","19:05:00","VTL","5091","MCL","(null)","(null)","BROOKLYN","68","977,214","166,202","40.62285974","-74.02534566","POINT (-74.02534566 40.62285974)","01"
"311352320","08/17/2025","19:22:00","VTL","1111D1N","CAR/SUV","KDB3794","NY","NEW YORK","5","984,990","200,136","40.716012012","-73.9973320301","POINT (-73.9973320301008 40.7160120119955)","01"
"311339340","08/17/2025","14:40:00","VTL","4021B2","CAR/SUV","LXZ4550","NY","BRONX","49","1,027,434","251,387","40.8565767276","-73.84389367793","POINT (-73.8438936779283 40.8565767275976)","01"
"311339362","08/17/2025","14:23:00","VTL","1110A","CAR/SUV","FSM4302","NY","NEW YORK","14","985,764","213,806","40.75353270126","-73.99453689202","POINT (-73.9945368920152 40.7535327012632)","01"
"311325469","08/17/2025","01:40:00","VTL","4021A","CAR/SUV","KRH7762","NY","QUEENS","110","1,018,634","211,991","40.748484","-73.875906","POINT (-73.875906 40.748484)","01"
"311327608","08/17/2025","03:43:00","VTL","37512A2","CAR/SUV","T116730C","NY","BRONX","41","1,016,235","234,575","40.81047205","-73.88445613","POINT (-73.88445613 40.81047205)","01"
"311333710","08/17/2025","10:05:00","VTL","37512A2","CAR/SUV","BK16044","CT","NEW YORK","411","1,002,173","249,401","40.85121316769","-73.93521605199","POINT (-73.9352160519866 40.8512131676868)","01"
"311336194","08/17/2025","13:15:07","VTL","5091","MCL","(null)","(null)","BROOKLYN","81","1,006,979","189,657","40.6872122","-73.91804466","POINT (-73.91804466 40.6872122)","01"
"311342834","08/17/2025","16:11:00","VTL","1111D3","CAR/SUV","P31RYW","NJ","NEW YORK","10","984,791","209,846","40.74266360845","-73.99804910848","POINT (-73.9980491084798 40.7426636084461)","01"
"311353810","08/17/2025","22:11:00","VTL","3817","MOPED","567BZ0","NY","QUEENS","114","1,008,714","219,079","40.76796374","-73.9116817","POINT (-73.9116817 40.76796374)","01"
"311349449","08/17/2025","19:31:34","VTL","1180D","CAR/SUV","FJD3349","NY","QUEENS","413","996,424","210,017","40.7431245995","-73.95606807268","POINT (-73.9560680726795 40.7431245994984)","01"
"311354093","08/17/2025","21:50:00","VTL","3817","MOPED","565CD4","NY","QUEENS","114","999,568","215,114","40.757111","-73.94471","POINT (-73.94471 40.757111)","01"
"311333761","08/17/2025","11:14:51","VTL","1180D","CAR/SUV","DAP6058","NY","NEW YORK","7","988,917","200,245","40.71630999173","-73.98316601369","POINT (-73.9831660136947 40.7163099917327)","01"
"311333744","08/17/2025","10:57:58","NYCTRR","403A1","MOPED","(null)","(null)","QUEENS","108","1,010,273","213,597","40.75291262","-73.90607473","POINT (-73.90607473 40.75291262)","01"
"311334932","08/17/2025","11:16:09","VTL","1225C2A","CAR/SUV","KGL8725","NY","NEW YORK","23","998,751","226,901","40.78946329956","-73.94763400394","POINT (-73.9476340039424 40.7894632995555)","01"
"311324603","08/17/2025","00:15:00","VTL","1172A","MCL","727CB8","NY","BROOKLYN","79","996,897","187,335","40.68085899","-73.95440229","POINT (-73.95440229 40.68085899)","01"
"311331481","08/17/2025","09:28:35","VTL","1225D","CAR/SUV","Y103811C","NY","NEW YORK","20","991,202","224,999","40.78425197866","-73.97489766642","POINT (-73.9748976664227 40.7842519786623)","01"
"311340930","08/17/2025","13:50:00","VTL","5091","CAR/SUV","EUS8442","NY","BROOKLYN","70","991,977","169,937","40.63311096","-73.97216087","POINT (-73.97216087 40.63311096)","01"
"311352343","08/17/2025","21:28:16","VTL","4024","CAR/SUV","JDY6647","NY","NEW YORK","34","1,002,173","249,401","40.85121316769","-73.93521605199","POINT (-73.9352160519866 40.8512131676868)","01"
"311318439","08/17/2025","01:17:00","VTL","1180D","CAR/SUV","4DEG28","MA","BROOKLYN","412","1,010,541","175,595","40.64861355106","-73.90525720323","POINT (-73.9052572032302 40.6486135510607)","01"
"311318403","08/17/2025","00:16:00","VTL","37520I","CAR/SUV","LUM1276","NY","BRONX","47","1,023,421","264,176","40.891699","-73.858324","POINT (-73.858324 40.891699)","01"
"311337589","08/17/2025","13:31:56","VTL","1110AB","BIKE","(null)","(null)","NEW YORK","33","1,001,891","245,600","40.84078110886","-73.93624538182","POINT (-73.9362453818218 40.8407811088581)","01"
"311358263","08/17/2025","22:28:00","VTL","3817","MOPED","494BW6","NY","QUEENS","114","1,008,434","218,626","40.76673","-73.912692","POINT (-73.912692 40.76673)","01"
"311354110","08/17/2025","22:00:00","VTL","3817","MCL","569BR0","NY","NEW YORK","28","997,407","233,806","40.808417746","-73.95247406035","POINT (-73.9524740603515 40.8084177460021)","01"
"311354085","08/17/2025","21:38:00","VTL","37512A1","CAR/SUV","LHV2508","NY","BRONX","47","1,021,370","259,389","40.87855904","-73.86576892","POINT (-73.86576892 40.87855904)","01"
"311342858","08/17/2025","16:36:00","VTL","1252B","MCL","NONE","ZZ","BROOKLYN","66","987,788","165,896","40.62202193","-73.98725527","POINT (-73.98725527 40.62202193)","01"
"311320356","08/17/2025","02:10:00","VTL","1127A","CAR/SUV","MSD8424","PA","BROOKLYN","72","982,151","177,703","40.65443008","-74.00756477","POINT (-74.00756477 40.65443008)","01"
"311337571","08/17/2025","13:20:00","VTL","1110A","CAR/SUV","Y203005C","NY","NEW YORK","14","985,764","213,806","40.75353270126","-73.99453689202","POINT (-73.9945368920152 40.7535327012632)","01"
"311352326","08/17/2025","17:12:00","VTL","1225D","CAR/SUV","4351280","PA","NEW YORK","14","985,764","213,806","40.75353270126","-73.99453689202","POINT (-73.9945368920152 40.7535327012632)","01"
"311325465","08/17/2025","05:13:00","VTL","37512A2","CAR/SUV","G70JLU","NJ","NEW YORK","1","982,381","201,750","40.72044188847","-74.00674397419","POINT (-74.0067439741913 40.7204418884676)","01"
"311324616","08/17/2025","01:13:00","VTL","1229C3","CAR/SUV","LNB3627","NY","BRONX","44","1,004,449","243,104","40.83391655","-73.92700664","POINT (-73.92700664 40.83391655)","01"
"311349434","08/17/2025","19:41:00","VTL","3817","MOPED","394BX1","NY","QUEENS","114","1,000,530","214,434","40.75523327","-73.94123827","POINT (-73.94123827 40.75523327)","01"
"311320407","08/17/2025","02:48:00","VTL","1180D","CAR/SUV","T767313C","NY","BROOKLYN","412","998,002","196,692","40.70654839478","-73.95040063356","POINT (-73.9504006335643 40.7065483947783)","01"
"311352328","08/17/2025","16:37:00","NYCTRR","412P2","MOPED","335BW9","NY","NEW YORK","6","982,755","206,652","40.73389675845","-74.00539583734","POINT (-74.0053958373447 40.7338967584511)","01"
"311334954","08/17/2025","11:30:00","VTL","37512A1","CAR/SUV","Y52RVT","NJ","QUEENS","113","1,046,315","187,088","40.67998073847","-73.7762339072","POINT (-73.7762339071953 40.6799807384666)","01"
"311330358","08/17/2025","08:45:44","VTL","1180D","CAR/SUV","KHL1777","NY","BROOKLYN","412","1,010,541","175,595","40.64861355106","-73.90525720323","POINT (-73.9052572032302 40.6486135510607)","01"
"311350905","08/17/2025","20:00:00","VTL","1160E","CAR/SUV","LEP8482","NY","BROOKLYN","75","1,016,845","182,111","40.66646931","-73.88250675","POINT (-73.88250675 40.66646931)","01"
"311318428","08/17/2025","00:45:26","NYCTRR","406A1","CAR/SUV","T717251C","NY","BROOKLYN","75","1,017,987","181,155","40.66384103","-73.87839504","POINT (-73.87839504 40.66384103)","01"
"311347855","08/17/2025","19:04:42","VTL","1180D","CAR/SUV","KVV4540","NY","QUEENS","413","996,424","210,017","40.7431245995","-73.95606807268","POINT (-73.9560680726795 40.7431245994984)","01"
"311328212","08/17/2025","07:28:22","VTL","1110AB","BIKE","(null)","(null)","NEW YORK","33","1,001,891","245,600","40.84078110886","-73.93624538182","POINT (-73.9362453818218 40.8407811088581)","01"
"311362047","08/17/2025","21:19:00","VTL","37520I","CAR/SUV","LVD1797","NY","QUEENS","110","1,020,429","212,242","40.74915777","-73.86942584","POINT (-73.86942584 40.74915777)","01"
"311342857","08/17/2025","16:14:51","VTL","5091","CAR/SUV","TLA6592","VA","BRONX","411","1,026,480","262,584","40.88731363447","-73.84727175776","POINT (-73.8472717577564 40.8873136344706)","01"
"311333698","08/17/2025","08:56:00","VTL","1110A","CAR/SUV","LXD9744","PA","BROOKLYN","84","988,875","191,992","40.69364921","-73.98332174","POINT (-73.98332174 40.69364921)","01"
"311362575","08/17/2025","20:35:00","VTL","1110A","CAR/SUV","BP34479","CT","BROOKLYN","83","1,010,360","191,292","40.69169056","-73.90584725","POINT (-73.90584725 40.69169056)","01"
"311327613","08/17/2025","06:40:18","VTL","1180D","CAR/SUV","BR60506","CT","BRONX","411","1,026,480","262,584","40.88731363447","-73.84727175776","POINT (-73.8472717577564 40.8873136344706)","01"
"311334978","08/17/2025","12:16:36","VTL","1180D","CAR/SUV","KDD4745","NY","NEW YORK","7","988,917","200,245","40.71630999173","-73.98316601369","POINT (-73.9831660136947 40.7163099917327)","01"
"311339365","08/17/2025","14:29:00","NYCTRR","403A3IX","BIKE","(null)","(null)","NEW YORK","33","1,001,891","245,600","40.84078110886","-73.93624538182","POINT (-73.9362453818218 40.8407811088581)","01"
"311342845","08/17/2025","16:26:22","VTL","1225D","CAR/SUV","LXG7734","NY","BROOKLYN","61","993,835","157,085","40.59783306","-73.96548504","POINT (-73.96548504 40.59783306)","01"
"311336148","08/17/2025","12:17:19","VTL","1111D1N","CAR/SUV","MML7933","PA","BROOKLYN","75","1,017,239","186,671","40.67898402","-73.88106421","POINT (-73.88106421 40.67898402)","01"
"311352331","08/17/2025","07:19:00","VTL","3817","MCL","503CDC","NY","QUEENS","103","1,037,949","195,015","40.70178492","-73.80633179","POINT (-73.80633179 40.70178492)","01"
"311340916","08/17/2025","16:19:00","VTL","1180D","CAR/SUV","LNL6121","NY","BROOKLYN","67","1,004,850","172,459","40.64001272","-73.92577386","POINT (-73.92577386 40.64001272)","01"
"311336163","08/17/2025","12:29:00","VTL","5091","CAR/SUV","T31STC","NJ","BRONX","41","1,014,135","236,990","40.8171079","-73.89203149","POINT (-73.89203149 40.8171079)","01"
"311353809","08/17/2025","23:00:00","VTL","1172A","CAR/SUV","T786284C","NY","QUEENS","115","1,016,400","217,406","40.76334718","-73.88394225","POINT (-73.88394225 40.76334718)","01"
"311362563","08/17/2025","22:05:00","VTL","3754","CAR/SUV","MMN3425","PA","BROOKLYN","67","1,003,842","176,803","40.65193835","-73.92939328","POINT (-73.92939328 40.65193835)","01"
"311342868","08/17/2025","16:50:17","NYCTRR","403A1","CAR/SUV","KQJ0498","OH","BROOKLYN","63","1,002,189","165,609","40.62121672","-73.93538021","POINT (-73.93538021 40.62121672)","01"
"311336186","08/17/2025","13:09:00","VTL","1110A","CAR/SUV","KDU1503","NY","BROOKLYN","78","987,578","185,225","40.67507592","-73.98800221","POINT (-73.98800221 40.67507592)","01"
"311340913","08/17/2025","16:00:00","VTL","1110A","CAR/SUV","KNA3595","NY","QUEENS","112","1,022,411","205,308","40.73011735","-73.86231192","POINT (-73.86231192 40.73011735)","01"
"311349450","08/17/2025","19:21:08","VTL","5092","MOPED","MP2940","DE","QUEENS","112","1,030,007","200,604","40.71717","-73.83493696","POINT (-73.83493696 40.71717)","01"
"311328211","08/17/2025","07:28:22","VTL","1110AB","BIKE","(null)","(null)","NEW YORK","33","1,001,891","245,600","40.84078110886","-73.93624538182","POINT (-73.9362453818218 40.8407811088581)","01"
"311354696","08/17/2025","01:14:00","VTL","3754","CAR/SUV","T47UJB","NJ","NEW YORK","34","1,002,173","249,401","40.85121316769","-73.93521605199","POINT (-73.9352160519866 40.8512131676868)","01"
"311330366","08/17/2025","08:57:32","VTL","1111D1N","MOPED","(null)","(null)","QUEENS","115","1,022,759","215,403","40.75782406","-73.86099851","POINT (-73.86099851 40.75782406)","01"
"311331504","08/17/2025","09:56:37","NYCTRR","403A1","CAR/SUV","Y103760C","NY","NEW YORK","6","982,755","206,652","40.73389675845","-74.00539583734","POINT (-74.0053958373447 40.7338967584511)","01"
"311337561","08/17/2025","01:20:00","VTL","37512A2","CAR/SUV","LSX8744","NY","BROOKLYN","60","995,424","150,488","40.579733","-73.959775","POINT (-73.959775 40.579733)","01"
"311325075","08/17/2025","04:42:00","VTL","306B","CAR/SUV","A39VSL","NJ","STATEN ISLAND","442","947,309","160,705","40.60769741","-74.13304179","POINT (-74.13304179 40.60769741)","01"
"311330371","08/17/2025","08:55:40","VTL","1129A","CAR/SUV","10594NC","NY","NEW YORK","411","982,381","201,750","40.72044188847","-74.00674397419","POINT (-74.0067439741913 40.7204418884676)","01"
"311339397","08/17/2025","15:21:12","VTL","1110A","CAR/SUV","LKN1843","NY","BROOKLYN","75","1,018,247","187,048","40.68001498","-73.87742815","POINT (-73.87742815 40.68001498)","01"
"311318103","08/17/2025","00:13:56","NYCTRR","406A1","CAR/SUV","LRR6110","NY","BROOKLYN","75","1,017,987","181,155","40.66384103","-73.87839504","POINT (-73.87839504 40.66384103)","01"
"311336169","08/17/2025","12:36:24","VTL","1111D1N","MCL","329BX2","NY","QUEENS","112","1,026,914","202,494","40.72237304","-73.84608259","POINT (-73.84608259 40.72237304)","01"
"311339345","08/17/2025","09:24:00","VTL","1172A","CAR/SUV","T659482C","NY","BROOKLYN","90","1,003,245","199,494","40.71422125","-73.93148082","POINT (-73.93148082 40.71422125)","01"
"311320370","08/17/2025","01:22:00","VTL","5091","MOPED","(null)","NY","QUEENS","104","1,009,639","195,502","40.70324813","-73.90843131","POINT (-73.90843131 40.70324813)","01"
"311339343","08/17/2025","11:37:00","VTL","1110A","CAR/SUV","LNR3318","NY","BROOKLYN","83","1,008,705","193,427","40.69755537","-73.91180743","POINT (-73.91180743 40.69755537)","01"
"311320366","08/17/2025","01:43:00","VTL","3754","CAR/SUV","HAK024","MS","NEW YORK","34","1,004,979","253,368","40.862096","-73.925058","POINT (-73.925058 40.862096)","01"
"311320372","08/17/2025","03:00:00","VTL","1110A","CAR/SUV","T787795C","NY","QUEENS","112","1,022,411","205,308","40.73011735","-73.86231192","POINT (-73.86231192 40.73011735)","01"
"311330348","08/17/2025","08:27:00","VTL","306B","MCL","(null)","(null)","QUEENS","113","1,045,643","180,391","40.66159545","-73.77871632","POINT (-73.77871632 40.66159545)","01"
"311339393","08/17/2025","15:10:00","VTL","5092","MOPED","642CD6","NY","QUEENS","104","1,013,259","203,766","40.72591969","-73.89533971","POINT (-73.89533971 40.72591969)","01"
"311339361","08/17/2025","14:24:05","VTL","4021A","CAR/SUV","LHP3965","NY","QUEENS","105","1,061,752","203,710","40.72547404","-73.72038543","POINT (-73.72038543 40.72547404)","01"
"311331460","08/17/2025","08:26:00","VTL","5091","CAR/SUV","N29WBV","NJ","BROOKLYN","84","987,826","192,896","40.69613097","-73.98710407","POINT (-73.98710407 40.69613097)","01"
"311334980","08/17/2025","12:15:00","VTL","4024","CAR/SUV","HHZ1397","NY","QUEENS","113","1,046,315","187,088","40.67998073847","-73.7762339072","POINT (-73.7762339071953 40.6799807384666)","01"
"311352337","08/17/2025","20:14:00","VTL","1172A","CAR/SUV","JPD4423","NY","BROOKLYN","75","1,013,014","181,942","40.66601872","-73.89631683","POINT (-73.89631683 40.66601872)","01"
"311344922","08/17/2025","17:26:16","VTL","1111D1N","MOPED","782AP3","NY","NEW YORK","24","993,369","229,307","40.79607431283","-73.96706674581","POINT (-73.9670667458109 40.7960743128304)","01"
"311349455","08/17/2025","19:39:46","NYCTRR","403A1","CAR/SUV","KVW7548","NY","QUEENS","109","1,030,801","217,286","40.76295372","-73.83195726","POINT (-73.83195726 40.76295372)","01"
"311320405","08/17/2025","02:40:00","NYCTRR","406A1","CAR/SUV","X65VLS","NJ","QUEENS","115","1,018,154","219,888","40.77015307","-73.877598","POINT (-73.877598 40.77015307)","01"
"311353814","08/17/2025","19:22:00","VTL","1110A","MCL","970CC8","NY","NEW YORK","24","993,369","229,307","40.79607431283","-73.96706674581","POINT (-73.9670667458109 40.7960743128304)","01"
"311344939","08/17/2025","17:50:45","VTL","4101","MOPED","(null)","(null)","QUEENS","114","1,004,058","215,491","40.75812727","-73.92850105","POINT (-73.92850105 40.75812727)","01"
"311325056","08/17/2025","03:20:00","VTL","4011AG","CAR/SUV","ZKU5486","NY","BRONX","49","1,021,489","255,055","40.866672","-73.865364","POINT (-73.865364 40.866672)","01"
"311330364","08/17/2025","08:55:40","NYCTRR","4014B","CAR/SUV","10594NC","NY","NEW YORK","411","982,381","201,750","40.72044188847","-74.00674397419","POINT (-74.0067439741913 40.7204418884676)","01"
"311349469","08/17/2025","20:18:24","VTL","1225D","CAR/SUV","FPP7680","NY","BROOKLYN","61","997,745","157,651","40.59938153","-73.95140427","POINT (-73.95140427 40.59938153)","01"
"311334931","08/17/2025","11:16:27","VTL","1180D","CAR/SUV","7DR4865","MD","BRONX","411","1,026,480","262,584","40.88731363447","-73.84727175776","POINT (-73.8472717577564 40.8873136344706)","01"
"311328232","08/17/2025","08:14:34","VTL","1229C1C","CAR/SUV","LRR6459","NY","BRONX","411","1,026,480","262,584","40.88731363447","-73.84727175776","POINT (-73.8472717577564 40.8873136344706)","01"
"311336161","08/17/2025","13:03:13","VTL","1225D","CAR/SUV","9FD7932","MD","BROOKLYN","73","1,007,286","183,647","40.67071532","-73.91695823","POINT (-73.91695823 40.67071532)","01"
"311353805","08/17/2025","22:58:00","NYCTRR","405B1","CAR/SUV","T125119C","NY","QUEENS","106","1,031,088","188,794","40.68474872","-73.83111952","POINT (-73.83111952 40.68474872)","01"
"311330337","08/17/2025","08:57:26","VTL","1180D","CAR/SUV","AN36108","CT","BRONX","411","1,026,480","262,584","40.88731363447","-73.84727175776","POINT (-73.8472717577564 40.8873136344706)","01"
"311333718","08/17/2025","10:25:37","VTL","1180D","CAR/SUV","LUT6798","NY","QUEENS","116","1,050,633","177,078","40.652475","-73.760762","POINT (-73.760762 40.652475)","01"
"311318104","08/17/2025","00:16:00","VTL","1180D","CAR/SUV","LWW7265","NY","BROOKLYN","412","1,000,528","168,138","40.6281697437","-73.94135878348","POINT (-73.9413587834752 40.6281697437036)","01"
"311350870","08/17/2025","17:50:00","VTL","5091","MOPED","512CE7","NY","BROOKLYN","68","980,334","170,465","40.63456271","-74.01410901","POINT (-74.01410901 40.63456271)","01"
"311334934","08/17/2025","11:15:00","VTL","1225C2A","CAR/SUV","LZB9139","NY","BROOKLYN","94","998,448","205,502","40.73072076","-73.94877198","POINT (-73.94877198 40.73072076)","01"
"311365067","08/17/2025","12:00:00","VTL","3191U","CAR/SUV","VGX6334","TX","BROOKLYN","68","981,473","168,844","40.63011384","-74.01000462","POINT (-74.01000462 40.63011384)","01"
"311354426","08/17/2025","00:25:00","VTL","1160E","CAR/SUV","LNB1140","NY","MANHATTAN","34","1,003,970","251,215","40.85617993","-73.92871375","POINT (-73.92871375 40.85617993)","01"
"311330340","08/17/2025","08:26:06","VTL","1225D","CAR/SUV","HZR6040","NY","QUEENS","115","1,022,759","215,403","40.75782406","-73.86099851","POINT (-73.86099851 40.75782406)","01"
"311342880","08/17/2025","17:01:12","VTL","1110A","MOPED","(null)","(null)","QUEENS","114","1,004,247","219,776","40.76988806","-73.92780608","POINT (-73.92780608 40.76988806)","01"
"311344943","08/17/2025","17:56:00","NYCTRR","403A1","CAR/SUV","6CYA268","CA","QUEENS","113","1,048,129","188,676","40.68431825","-73.76967736","POINT (-73.76967736 40.68431825)","01"
"311354104","08/17/2025","21:33:00","NYCTRR","405B1","CAR/SUV","DIRMELO","NY","QUEENS","106","1,030,209","188,313","40.68343309","-73.83429215","POINT (-73.83429215 40.68343309)","01"
"311337601","08/17/2025","13:40:00","VTL","1110A","CAR/SUV","T742777C","NY","NEW YORK","14","985,764","213,806","40.75353270126","-73.99453689202","POINT (-73.9945368920152 40.7535327012632)","01"
"311334953","08/17/2025","11:43:44","VTL","1163D","CAR/SUV","T763745C","NY","BROOKLYN","76","983,893","185,605","40.67611955","-74.00128704","POINT (-74.00128704 40.67611955)","01"
"311330377","08/17/2025","09:03:00","VTL","1180D","CAR/SUV","KME4410","NY","QUEENS","113","1,045,643","180,391","40.66159545","-73.77871632","POINT (-73.77871632 40.66159545)","01"
"311333707","08/17/2025","10:39:00","VTL","1111D1C","BIKE","(null)","(null)","NEW YORK","25","1,000,558","231,080","40.80093037274","-73.94109824101","POINT (-73.9410982410066 40.8009303727402)","01"
"311337599","08/17/2025","13:40:00","VTL","1110A","CAR/SUV","T796981C","NY","NEW YORK","14","985,764","213,806","40.75353270126","-73.99453689202","POINT (-73.9945368920152 40.7535327012632)","01"
"311318421","08/17/2025","00:31:15","VTL","3752A1I","CAR/SUV","KYP6302","NY","QUEENS","116","1,051,782","179,430","40.65891304","-73.75659877","POINT (-73.75659877 40.65891304)","01"
"311350929","08/17/2025","21:05:00","VTL","1111D1N","MOPED","58AG87","NY","BROOKLYN","62","985,969","158,583","40.60194979","-73.99380961","POINT (-73.99380961 40.60194979)","01"
"311331506","08/17/2025","10:02:05","VTL","3191U","CAR/SUV","JKW1188","NY","STATEN ISLAND","123","917,706","131,814","40.52822468","-74.23937128","POINT (-74.23937128 40.52822468)","01"
"311354720","08/17/2025","23:59:00","VTL","1172A","CAR/SUV","LFY1576","NY","BROOKLYN","75","1,021,403","182,404","40.66725558","-73.86607521","POINT (-73.86607521 40.66725558)","01"
"311358264","08/17/2025","13:56:00","VTL","37512A1","CAR/SUV","GZT2259","NY","QUEENS","116","1,044,871","182,226","40.66663743","-73.78148239","POINT (-73.78148239 40.66663743)","01"
"311350935","08/17/2025","21:21:00","VTL","1225D","CAR/SUV","FHS1024","NY","BROOKLYN","61","997,745","157,651","40.59938153","-73.95140427","POINT (-73.95140427 40.59938153)","01"
"311331466","08/17/2025","08:23:00","VTL","1160C","CAR/SUV","T121685C","NY","NEW YORK","14","985,764","213,806","40.75353270126","-73.99453689202","POINT (-73.9945368920152 40.7535327012632)","01"
"311354697","08/17/2025","01:14:00","VTL","4021B1","CAR/SUV","TH7UJB","NJ","NEW YORK","34","1,002,173","249,401","40.85121316769","-73.93521605199","POINT (-73.9352160519866 40.8512131676868)","01"
"311354396","08/17/2025","23:10:00","VTL","4021A","CAR/SUV","FIPP03","FL","QUEENS","101","1,044,193","155,208","40.59248356","-73.7841663","POINT (-73.7841663 40.59248356)","01"
"311325072","08/17/2025","04:42:00","VTL","4021A","CAR/SUV","A39VSL","NJ","STATEN ISLAND","442","947,309","160,705","40.60769741","-74.13304179","POINT (-74.13304179 40.60769741)","01"
"311347848","08/17/2025","18:21:42","VTL","1225D","CAR/SUV","LDD5178","NY","BROOKLYN","61","993,835","157,085","40.59783306","-73.96548504","POINT (-73.96548504 40.59783306)","01"
"311337586","08/17/2025","13:33:27","VTL","1160D","CAR/SUV","W90VHA","NJ","BRONX","43","1,023,078","240,343","40.82627615","-73.85970288","POINT (-73.85970288 40.82627615)","01"
"311331483","08/17/2025","09:31:30","VTL","1180D","CAR/SUV","E94PLD","NJ","STATEN ISLAND","442","942,822","166,353","40.6231883776","-74.14923769473","POINT (-74.1492376947323 40.6231883776008)","01"
"311330354","08/17/2025","08:40:54","NYCTRR","406A1","MCL","(null)","(null)","BROOKLYN","83","1,002,212","193,214","40.6969863","-73.93522383","POINT (-73.93522383 40.6969863)","01"
"311331471","08/17/2025","09:11:00","VTL","4021B1","CAR/SUV","LKH5585","NY","BROOKLYN","60","992,074","150,516","40.5798042","-73.97183389","POINT (-73.97183389 40.5798042)","01"
"311337607","08/17/2025","13:51:59","VTL","12823","ESCOOTER","(null)","(null)","NEW YORK","17","992,245","215,005","40.75682016831","-73.97114326335","POINT (-73.9711432633524 40.7568201683051)","01"
"311354398","08/17/2025","23:10:00","VTL","37512A2","CAR/SUV","FIPP03","FL","QUEENS","101","1,044,193","155,208","40.59248356","-73.7841663","POINT (-73.7841663 40.59248356)","01"
"311333735","08/17/2025","10:49:00","VTL","1225D","CAR/SUV","KZM9071","NY","BRONX","41","1,013,237","236,496","40.815755","-73.89527792","POINT (-73.89527792 40.815755)","01"
"311352336","08/17/2025","21:30:00","VTL","1110A","CAR/SUV","KLE4331","NY","NEW YORK","28","997,407","233,806","40.808417746","-73.95247406035","POINT (-73.9524740603515 40.8084177460021)","01"
"311327597","08/17/2025","04:08:00","VTL","1111D1N","CAR/SUV","5MDE28","MA","BROOKLYN","67","999,788","177,177","40.65297294","-73.94400244","POINT (-73.94400244 40.65297294)","01"
"311325472","08/17/2025","06:03:00","VTL","1180D","CAR/SUV","KMX6863","NY","QUEENS","413","1,019,164","210,169","40.74348126388","-73.8740035374","POINT (-73.8740035373971 40.7434812638841)","01"
"311349446","08/17/2025","19:00:00","NYCTRR","403A1","MOPED","(null)","(null)","BROOKLYN","67","996,526","175,598","40.64864405","-73.95576127","POINT (-73.95576127 40.64864405)","01"
"311333732","08/17/2025","10:39:00","NYCTRR","403A1","CAR/SUV","T709001C","NY","BROOKLYN","78","990,502","188,496","40.68405249","-73.97745785","POINT (-73.97745785 40.68405249)","01"
"311325042","08/17/2025","04:16:00","VTL","37512A2","CAR/SUV","KYA7824","NY","NEW YORK","34","1,002,173","249,401","40.85121316769","-73.93521605199","POINT (-73.9352160519866 40.8512131676868)","01"
"311324590","08/17/2025","01:13:00","VTL","1238","BIKE","(null)","(null)","NEW YORK","23","998,751","226,901","40.78946329956","-73.94763400394","POINT (-73.9476340039424 40.7894632995555)","01"
"311344910","08/17/2025","14:28:00","VTL","1110AB","BIKE","(null)","(null)","NEW YORK","17","992,245","215,005","40.75682016831","-73.97114326335","POINT (-73.9711432633524 40.7568201683051)","01"
"311342863","08/17/2025","16:40:21","NYCTRR","406A1","CAR/SUV","LXY2698","NY","QUEENS","105","1,061,752","203,710","40.72547404","-73.72038543","POINT (-73.72038543 40.72547404)","01"
"311327599","08/17/2025","02:00:00","VTL","1163D","CAR/SUV","RHZ7892","NC","NEW YORK","17","992,245","215,005","40.75682016831","-73.97114326335","POINT (-73.9711432633524 40.7568201683051)","01"
"311342827","08/17/2025","16:19:00","VTL","1229C3","CAR/SUV","LJZ7313","NY","BROOKLYN","90","1,002,571","197,040","40.70748703","-73.93391876","POINT (-73.93391876 40.70748703)","01"
"311339383","08/17/2025","14:58:35","VTL","1110AB","BIKE","(null)","(null)","NEW YORK","17","992,245","215,005","40.75682016831","-73.97114326335","POINT (-73.9711432633524 40.7568201683051)","01"
"311336145","08/17/2025","05:38:00","VTL","3752A1I","CAR/SUV","T660217C","NY","NEW YORK","18","986,207","217,302","40.763129","-73.992935","POINT (-73.992935 40.763129)","01"
"311342840","08/17/2025","17:12:00","VTL","1111D1N","MOPED","(null)","(null)","QUEENS","114","1,004,247","219,776","40.76988806","-73.92780608","POINT (-73.92780608 40.76988806)","01"
"311365069","08/17/2025","20:35:00","VTL","1172A","CAR/SUV","LRD8892","NY","STATEN ISLAND","121","939,348","155,247","40.59267957","-74.16167673","POINT (-74.16167673 40.59267957)","01"
"311331465","08/17/2025","09:00:00","VTL","37512A2","CAR/SUV","LKJ6274","NY","QUEENS","115","1,012,648","214,098","40.75428042","-73.89750049","POINT (-73.89750049 40.75428042)","01"
"311353797","08/17/2025","21:24:00","VTL","3752A1I","CAR/SUV","LHC2087","NY","QUEENS","114","1,008,042","218,980","40.767704","-73.914109","POINT (-73.914109 40.767704)","01"
"311344925","08/17/2025","17:30:00","NYCTRR","406A1","CAR/SUV","W34SEJ","NJ","BRONX","49","1,020,413","251,419","40.85668781","-73.86927257","POINT (-73.86927257 40.85668781)","01"
"311336176","08/17/2025","12:42:43","VTL","4011A","CAR/SUV","1909ZS","ME","BRONX","43","1,022,548","239,450","40.82382743","-73.86162302","POINT (-73.86162302 40.82382743)","01"
"311410909","08/17/2025","11:50:00","VTL","1172A","CAR/SUV","1CR3130","NY","NEW YORK","23","998,751","226,901","40.78946329956","-73.94763400394","POINT (-73.9476340039424 40.7894632995555)","01"
"311336151","08/17/2025","12:41:49","VTL","1110A","CAR/SUV","LLJ4297","NY","BROOKLYN","75","1,018,247","187,048","40.68001498","-73.87742815","POINT (-73.87742815 40.68001498)","01"
"311352330","08/17/2025","19:35:00","VTL","1225A","MOPED","(null)","(null)","QUEENS","103","1,037,539","194,686","40.700893","-73.807813","POINT (-73.807813 40.700893)","01"
"311362040","08/17/2025","19:48:00","VTL","12425A","EBIKE","(null)","(null)","BROOKLYN","79","999,151","187,101","40.6802132","-73.9462762","POINT (-73.9462762 40.6802132)","01"
"311320352","08/17/2025","00:17:00","NYCTRR","411C","CAR/SUV","Y201832C","NY","NEW YORK","18","988,451","217,993","40.76502407883","-73.98483594971","POINT (-73.9848359497083 40.7650240788333)","01"
"311342856","08/17/2025","16:32:00","VTL","1252C","MCL","NONE","ZZ","BROOKLYN","66","987,788","165,896","40.62202193","-73.98725527","POINT (-73.98725527 40.62202193)","01"
"311339339","08/17/2025","00:21:00","VTL","3752A3","CAR/SUV","T784180C","NY","BROOKLYN","77","997,351","185,330","40.67535505","-73.95276932","POINT (-73.95276932 40.67535505)","01"
"311337626","08/17/2025","14:18:28","VTL","1110A","CAR/SUV","R43VUN","NJ","BRONX","40","1,004,368","237,509","40.81856005","-73.92731612","POINT (-73.92731612 40.81856005)","01"
"311333697","08/17/2025","07:50:00","NYCTRR","403A5","CAR/SUV","LKY6359","NY","BROOKLYN","75","1,015,966","188,407","40.68375359","-73.8856456","POINT (-73.8856456 40.68375359)","01"
"311347831","08/17/2025","18:26:00","VTL","1110A","CAR/SUV","KFL8642","NY","NEW YORK","1","982,381","201,750","40.72044188847","-74.00674397419","POINT (-74.0067439741913 40.7204418884676)","01"
"311397827","08/17/2025","21:17:00","VTL","1172A","CAR/SUV","MTP7885","PA","NEW YORK","30","999,790","241,169","40.82862324005","-73.94384883699","POINT (-73.9438488369889 40.8286232400477)","01"
"311349466","08/17/2025","20:04:17","NYCTRR","403A1","CAR/SUV","BPS1041","TN","QUEENS","109","1,030,801","217,286","40.76295372","-73.83195726","POINT (-73.83195726 40.76295372)","01"
"311344952","08/17/2025","18:07:45","VTL","1180D","CAR/SUV","LGS7830","NY","STATEN ISLAND","121","938,905","158,528","40.60168298","-74.16329384","POINT (-74.16329384 40.60168298)","01"
"311320353","08/17/2025","02:31:00","VTL","1172A","CAR/SUV","LUS1897","NY","QUEENS","102","1,033,744","191,666","40.69261723","-73.8215219","POINT (-73.8215219 40.69261723)","01"
"311378966","08/17/2025","21:00:00","VTL","1163AT","CAR/SUV","491L94","MD","BROOKLYN","88","991,527","188,131","40.68304987","-73.97376251","POINT (-73.97376251 40.68304987)","01"
"311344916","08/17/2025","13:29:00","VTL","1111D1N","CAR/SUV","LVN6717","NY","BROOKLYN","79","999,790","187,056","40.68008859","-73.94397246","POINT (-73.94397246 40.68008859)","01"
"311336166","08/17/2025","12:40:43","VTL","1163AT","MOPED","NONE","ZZ","BROOKLYN","68","977,947","172,030","40.63886517059","-74.02271208766","POINT (-74.0227120876572 40.6388651705916)","01"
"311334947","08/17/2025","11:37:21","VTL","1225C2A","CAR/SUV","VFT2666","TX","BROOKLYN","60","993,127","150,019","40.57843904","-73.96804379","POINT (-73.96804379 40.57843904)","01"
"311333715","08/17/2025","10:24:55","VTL","1180D","CAR/SUV","HPM4964","NY","BROOKLYN","412","984,128","179,058","40.65815775355","-74.00044115489","POINT (-74.0004411548878 40.6581577535544)","01"
"311331495","08/17/2025","09:42:00","VTL","37512A1","CAR/SUV","T106716C","(null)","NEW YORK","19","994,244","218,713","40.76699564239","-73.96392230354","POINT (-73.9639223035387 40.7669956423899)","01"
"311320371","08/17/2025","01:22:00","VTL","2501","MOPED","(null)","NY","QUEENS","104","1,009,639","195,502","40.70324813","-73.90843131","POINT (-73.90843131 40.70324813)","01"
"311353828","08/17/2025","22:47:02","NYCTRR","403A1","MCL","610CA3","NY","QUEENS","109","1,030,630","213,662","40.75300768","-73.83259955","POINT (-73.83259955 40.75300768)","01"
"311342891","08/17/2025","17:12:00","VTL","5091","MOPED","(null)","(null)","QUEENS","114","1,004,247","219,776","40.76988806","-73.92780608","POINT (-73.92780608 40.76988806)","01"
"311350934","08/17/2025","21:10:00","VTL","5091","CAR/SUV","TCW4119","NY","BRONX","49","1,030,852","253,590","40.86259761","-73.8315211","POINT (-73.8315211 40.86259761)","01"
"311344897","08/17/2025","15:35:00","VTL","1172A","CAR/SUV","T731175C","(null)","NEW YORK","6","982,755","206,652","40.73389675845","-74.00539583734","POINT (-74.0053958373447 40.7338967584511)","01"
"311324611","08/17/2025","03:30:00","NYCTRR","406A1","CAR/SUV","282JTD","ME","QUEENS","115","1,018,154","219,888","40.77015307","-73.877598","POINT (-73.877598 40.77015307)","01"
"311337613","08/17/2025","14:00:57","VTL","1111D1C","BIKE","(null)","(null)","NEW YORK","33","1,001,891","245,600","40.84078110886","-73.93624538182","POINT (-73.9362453818218 40.8407811088581)","01"
"311324615","08/17/2025","01:13:00","VTL","3752B","CAR/SUV","LNB3627","NY","BRONX","44","1,004,449","243,104","40.83391655","-73.92700664","POINT (-73.92700664 40.83391655)","01"
"311354427","08/17/2025","23:39:00","VTL","4024","CAR/SUV","T649560C","NY","NEW YORK","34","1,003,778","250,869","40.855241","-73.929408","POINT (-73.929408 40.855241)","01"
"311363055","08/17/2025","21:50:00","VTL","3191U","CAR/SUV","LLF1683","NY","BROOKLYN","79","998,208","186,460","40.67845534","-73.9496774","POINT (-73.9496774 40.67845534)","01"
"311336193","08/17/2025","13:16:51","VTL","1110A","CAR/SUV","9EM5774","MD","BRONX","43","1,023,078","240,343","40.82627615","-73.85970288","POINT (-73.85970288 40.82627615)","01"
"311333712","08/17/2025","10:20:33","VTL","1163AT","CAR/SUV","(null)","PA","BROOKLYN","60","992,992","149,241","40.57630372","-73.96853078","POINT (-73.96853078 40.57630372)","01"
"311350877","08/17/2025","16:29:00","VTL","1225C2A","CAR/SUV","Y209223C","NY","NEW YORK","14","985,764","213,806","40.75353270126","-73.99453689202","POINT (-73.9945368920152 40.7535327012632)","01"
"311354429","08/17/2025","21:38:00","VTL","4011AG","CAR/SUV","ZKH8384","NY","BROOKLYN","73","1,010,140","183,016","40.66897548","-73.90667237","POINT (-73.90667237 40.66897548)","01"
"311354121","08/17/2025","23:53:27","VTL","1180D","CAR/SUV","KYC9139","NY","QUEENS","413","1,048,659","216,392","40.76039613927","-73.76750253495","POINT (-73.7675025349456 40.7603961392658)","01"
"311330386","08/17/2025","09:11:18","VTL","1180D","CAR/SUV","S11VUH","NJ","NEW YORK","411","982,381","201,750","40.72044188847","-74.00674397419","POINT (-74.0067439741913 40.7204418884676)","01"
"311342867","08/17/2025","16:50:17","VTL","1110A","CAR/SUV","KQJ0498","OH","BROOKLYN","63","1,002,189","165,609","40.62121672","-73.93538021","POINT (-73.93538021 40.62121672)","01"
"311344930","08/17/2025","17:35:24","VTL","4021A","MOPED","(null)","(null)","QUEENS","114","1,008,156","218,174","40.76548128","-73.91369937","POINT (-73.91369937 40.76548128)","01"
"311324598","08/17/2025","01:02:00","VTL","37512A1","CAR/SUV","LDM3415","NY","BRONX","44","1,004,449","243,104","40.83391655","-73.92700664","POINT (-73.92700664 40.83391655)","01"
"311339382","08/17/2025","14:55:00","VTL","1229C3A","CAR/SUV","T716340C","NY","BROOKLYN","72","984,244","180,344","40.66167929","-74.00002162","POINT (-74.00002162 40.66167929)","01"
"311333754","08/17/2025","11:08:27","VTL","1111D3","CAR/SUV","LEM2077","NY","BROOKLYN","60","993,250","150,726","40.58037949","-73.96760006","POINT (-73.96760006 40.58037949)","01"
"311328203","08/17/2025","05:50:00","VTL","4021A","CAR/SUV","LV58801","NY","BROOKLYN","60","994,248","150,292","40.57918718","-73.96400791","POINT (-73.96400791 40.57918718)","01"
"311327611","08/17/2025","00:00:00","VTL","37520I","CAR/SUV","LVN3205","NY","QUEENS","110","1,018,440","211,753","40.747834","-73.876605","POINT (-73.876605 40.747834)","01"
"311349462","08/17/2025","19:45:08","VTL","5091","MOPED","(null)","(null)","QUEENS","114","1,009,269","219,580","40.769346","-73.909676","POINT (-73.909676 40.769346)","01"
"311347850","08/17/2025","18:39:37","VTL","37512A2","CAR/SUV","LRN6465","NY","QUEENS","101","1,052,204","159,911","40.6053345","-73.75527433","POINT (-73.75527433 40.6053345)","01"
"311337619","08/17/2025","14:05:21","VTL","4021B3","MCL","542BP4","NY","NEW YORK","7","988,917","200,245","40.71630999173","-73.98316601369","POINT (-73.9831660136947 40.7163099917327)","01"
"311328216","08/17/2025","07:40:39","VTL","1180D","CAR/SUV","KRU6227","NY","BRONX","411","1,026,480","262,584","40.88731363447","-73.84727175776","POINT (-73.8472717577564 40.8873136344706)","01"
"311350880","08/17/2025","20:10:00","VTL","5091","CAR/SUV","(null)","(null)","BRONX","40","1,006,520","236,780","40.81655399","-73.91954364","POINT (-73.91954364 40.81655399)","01"
"311333745","08/17/2025","11:01:11","VTL","1225C2A","CAR/SUV","Y103913C","NY","NEW YORK","23","998,751","226,901","40.78946329956","-73.94763400394","POINT (-73.9476340039424 40.7894632995555)","01"
"311350878","08/17/2025","16:23:00","VTL","1127A","CAR/SUV","KZH7253","(null)","BROOKLYN","84","988,905","192,846","40.69599323","-73.98321297","POINT (-73.98321297 40.69599323)","01"
"311349464","08/17/2025","20:01:00","VTL","1180D","CAR/SUV","1UZ547","RI","STATEN ISLAND","122","963,092","159,859","40.60542705","-74.07619723","POINT (-74.07619723 40.60542705)","01"
"311344901","08/17/2025","12:40:00","VTL","4021A","CAR/SUV","Z95VNU","NJ","BROOKLYN","60","993,250","150,726","40.58037949","-73.96760006","POINT (-73.96760006 40.58037949)","01"
"311320357","08/17/2025","01:00:00","VTL","1110A","MOPED","647BP8","NY","BROOKLYN","83","1,009,317","192,071","40.69383175","-73.90960541","POINT (-73.90960541 40.69383175)","01"
"311349456","08/17/2025","19:39:00","VTL","1160B","CAR/SUV","LLC2746","NY","QUEENS","113","1,048,112","188,482","40.68378589","-73.76974049","POINT (-73.76974049 40.68378589)","01"
"311344947","08/17/2025","18:00:52","VTL","5091","CAR/SUV","BT00149","CT","QUEENS","101","1,052,204","159,911","40.6053345","-73.75527433","POINT (-73.75527433 40.6053345)","01"
"311354076","08/17/2025","23:15:00","VTL","1236AE","EBIKE","(null)","(null)","NEW YORK","23","998,751","226,901","40.78946329956","-73.94763400394","POINT (-73.9476340039424 40.7894632995555)","01"
"311362025","08/17/2025","22:46:00","VTL","3817","MOPED","867BY8","NY","QUEENS","114","1,008,434","218,626","40.76673","-73.912692","POINT (-73.912692 40.76673)","01"
"311354710","08/17/2025","20:49:00","VTL","4024","CAR/SUV","VXY0230","TX","STATEN ISLAND","120","961,273","166,477","40.62358756","-74.08277059","POINT (-74.08277059 40.62358756)","01"
"311352348","08/17/2025","21:38:02","VTL","1225D","MOPED","(null)","(null)","QUEENS","114","1,007,788","219,633","40.76949511844","-73.91502417039","POINT (-73.9150241703895 40.7694951184418)","01"
"311318656","08/17/2025","01:20:00","VTL","5091","MOPED","524BY4","NY","QUEENS","104","1,009,639","195,502","40.70324813","-73.90843131","POINT (-73.90843131 40.70324813)","01"
"311358279","08/17/2025","20:25:00","VTL","5091","CAR/SUV","MLL1275","PA","BROOKLYN","67","1,004,363","176,942","40.65231871","-73.92751526","POINT (-73.92751526 40.65231871)","01"
"311350904","08/17/2025","19:45:00","VTL","3752A3","CAR/SUV","T737272C","NY","BRONX","42","1,010,199","239,796","40.82482201","-73.90624061","POINT (-73.90624061 40.82482201)","01"
"311334939","08/17/2025","11:25:01","NYCTRR","403A1","CAR/SUV","Y201718C","NY","NEW YORK","6","982,755","206,652","40.73389675845","-74.00539583734","POINT (-74.0053958373447 40.7338967584511)","01"
"311334958","08/17/2025","11:30:00","VTL","37512A3","CAR/SUV","Y52RVT","NJ","QUEENS","113","1,046,315","187,088","40.67998073847","-73.7762339072","POINT (-73.7762339071953 40.6799807384666)","01"
"311327610","08/17/2025","03:43:00","VTL","37512A2","CAR/SUV","T116730C","NY","BRONX","41","1,016,235","234,575","40.81047205","-73.88445613","POINT (-73.88445613 40.81047205)","01"
"311354103","08/17/2025","20:46:00","VTL","1180D","CAR/SUV","LBK2660","NY","QUEENS","106","1,025,072","184,240","40.67227883","-73.85283853","POINT (-73.85283853 40.67227883)","01"
"311349447","08/17/2025","19:24:36","VTL","1225D","CAR/SUV","LRT7941","NY","BROOKLYN","61","993,835","157,085","40.59783306","-73.96548504","POINT (-73.96548504 40.59783306)","01"
"311354100","08/17/2025","00:00:00","VTL","37512A2","CAR/SUV","LTP9891","(null)","QUEENS","101","1,044,764","157,167","40.59785673","-73.78209279","POINT (-73.78209279 40.59785673)","01"
"311342874","08/17/2025","17:01:12","VTL","1111D1N","MCL","(null)","(null)","QUEENS","114","1,005,004","219,314","40.76861825","-73.92507456","POINT (-73.92507456 40.76861825)","01"
"311334936","08/17/2025","11:21:00","VTL","1110A","CAR/SUV","N87SZE","NJ","BRONX","41","1,014,509","238,113","40.82018895","-73.89067524","POINT (-73.89067524 40.82018895)","01"
"311334959","08/17/2025","11:30:00","VTL","37512A2","CAR/SUV","Y52RVT","NJ","QUEENS","113","1,046,315","187,088","40.67998073847","-73.7762339072","POINT (-73.7762339071953 40.6799807384666)","01"
"311333736","08/17/2025","10:50:00","VTL","1180D","CAR/SUV","LEC7251","NY","QUEENS","113","1,045,643","180,391","40.66159545","-73.77871632","POINT (-73.77871632 40.66159545)","01"
"311324589","08/17/2025","01:10:00","VTL","1236AE","EBIKE","(null)","(null)","NEW YORK","23","998,751","226,901","40.78946329956","-73.94763400394","POINT (-73.9476340039424 40.7894632995555)","01"
"311340948","08/17/2025","16:06:00","VTL","1111D1E","EBIKE","(null)","(null)","BROOKLYN","72","983,327","176,757","40.65183371","-74.00332635","POINT (-74.00332635 40.65183371)","01"
"311638505","08/17/2025","19:28:00","VTL","12425A","EBIKE","(null)","(null)","BROOKLYN","88","990,399","191,915","40.69343693","-73.9778261","POINT (-73.9778261 40.69343693)","01"
"311340925","08/17/2025","15:41:00","NYCTRR","403A1","MOPED","243BV6","NY","NEW YORK","33","1,001,891","245,600","40.84078110886","-73.93624538182","POINT (-73.9362453818218 40.8407811088581)","01"
"311336143","08/17/2025","12:44:00","VTL","1110A","CAR/SUV","T117176C","NY","BROOKLYN","68","980,155","170,246","40.63396152","-74.0147538","POINT (-74.0147538 40.63396152)","01"
"311325043","08/17/2025","01:17:00","VTL","3752A1","CAR/SUV","LWW7436","NY","QUEENS","109","1,032,032","217,094","40.76242016","-73.8275149","POINT (-73.8275149 40.76242016)","01"
"311330385","08/17/2025","09:11:04","VTL","1111D1N","CAR/SUV","KMF2808","OH","QUEENS","115","1,022,759","215,403","40.75782406","-73.86099851","POINT (-73.86099851 40.75782406)","01"
"311354111","08/17/2025","22:07:00","VTL","5092M","MCL","569BR0","NY","NEW YORK","28","997,407","233,806","40.808417746","-73.95247406035","POINT (-73.9524740603515 40.8084177460021)","01"
"311339369","08/17/2025","14:40:22","VTL","1180D","CAR/SUV","LSY1397","NY","QUEENS","413","1,032,051","217,053","40.76231580042","-73.82744800186","POINT (-73.8274480018593 40.7623158004241)","01"
"311337591","08/17/2025","13:44:16","VTL","1110A","MCL","612BZ9","NY","BRONX","40","1,007,046","236,603","40.81606683","-73.91764392","POINT (-73.91764392 40.81606683)","01"
"311334974","08/17/2025","12:06:01","VTL","1111D1N","MOPED","(null)","(null)","BROOKLYN","62","983,907","164,928","40.61936567","-74.00123551","POINT (-74.00123551 40.61936567)","01"
"311320349","08/17/2025","02:08:00","VTL","1110A","CAR/SUV","LXU6903","NY","QUEENS","109","1,031,307","216,054","40.75956952","-73.8301393","POINT (-73.8301393 40.75956952)","01"
"311330357","08/17/2025","08:43:14","VTL","1225D","CAR/SUV","KUR4469","NY","BROOKLYN","88","994,118","187,428","40.68111778","-73.9644216","POINT (-73.9644216 40.68111778)","01"
"311320410","08/17/2025","03:13:21","VTL","1180D","CAR/SUV","JJL6691","NY","QUEENS","100","1,031,326","170,802","40.63536347","-73.830387","POINT (-73.830387 40.63536347)","01"
"311339368","08/17/2025","14:37:00","NYCTRR","403A1","CAR/SUV","T116661C","NY","BROOKLYN","70","997,133","161,865","40.61094901","-73.95360005","POINT (-73.95360005 40.61094901)","01"
"311331508","08/17/2025","10:04:00","VTL","1229C3","CAR/SUV","FYT3345","NY","QUEENS","114","1,007,023","218,072","40.765215","-73.917791","POINT (-73.917791 40.765215)","01"
"311352332","08/17/2025","19:37:00","VTL","1110A","CAR/SUV","KUX3956","NY","QUEENS","103","1,041,376","196,495","40.7058257","-73.79395962","POINT (-73.79395962 40.7058257)","01"
"311344936","08/17/2025","17:24:28","VTL","1128A","CAR/SUV","TCD6254","VA","QUEENS","413","1,032,051","217,053","40.76231580042","-73.82744800186","POINT (-73.8274480018593 40.7623158004241)","01"
"311336195","08/17/2025","13:20:18","VTL","1110A","CAR/SUV","W13SZT","NJ","BROOKLYN","75","1,018,247","187,048","40.68001498","-73.87742815","POINT (-73.87742815 40.68001498)","01"
"311342892","08/17/2025","17:16:25","VTL","1110A","CAR/SUV","T802857C","NY","BROOKLYN","76","983,893","185,605","40.67611955","-74.00128704","POINT (-74.00128704 40.67611955)","01"
"311342838","08/17/2025","13:55:00","VTL","1111A2D","CAR/SUV","TBR8759","VA","BRONX","41","1,014,509","238,113","40.82018895","-73.89067524","POINT (-73.89067524 40.82018895)","01"
"311349421","08/17/2025","19:15:00","VTL","5091","MCL","192CE1","NY","NEW YORK","28","997,407","233,806","40.808417746","-73.95247406035","POINT (-73.9524740603515 40.8084177460021)","01"
"311350908","08/17/2025","20:17:54","NYCTRR","403A1","CAR/SUV","LKW6148","NY","QUEENS","109","1,030,153","215,586","40.75829105","-73.83430806","POINT (-73.83430806 40.75829105)","01"
"311328227","08/17/2025","08:01:08","VTL","1180D","CAR/SUV","KVD2365","NY","NEW YORK","411","982,381","201,750","40.72044188847","-74.00674397419","POINT (-74.0067439741913 40.7204418884676)","01"
"311333737","08/17/2025","10:53:14","VTL","37524AB","BIKE","(null)","(null)","NEW YORK","17","992,245","215,005","40.75682016831","-73.97114326335","POINT (-73.9711432633524 40.7568201683051)","01"
"311344913","08/17/2025","12:20:00","VTL","1225C2A","CAR/SUV","90EAFQ","PQ","BROOKLYN","79","997,547","191,683","40.69279229","-73.95205018","POINT (-73.95205018 40.69279229)","01"
"311350907","08/17/2025","20:18:00","NYCTRR","406A1","CAR/SUV","MGE4099","PA","BROOKLYN","75","1,017,987","181,155","40.66384103","-73.87839504","POINT (-73.87839504 40.66384103)","01"
"311337629","08/17/2025","14:22:00","NYCTRR","412A3","MOPED","NONE","ZZ","BROOKLYN","66","986,654","167,140","40.62543683","-73.99133977","POINT (-73.99133977 40.62543683)","01"
"311344949","08/17/2025","17:56:00","VTL","1229C1B","CAR/SUV","6CYA268","CA","QUEENS","113","1,048,129","188,676","40.68431825","-73.76967736","POINT (-73.76967736 40.68431825)","01"
"311333719","08/17/2025","10:10:00","VTL","4011A","CAR/SUV","DWR8944","FL","BRONX","52","1,015,965","258,935","40.87733403","-73.88531628","POINT (-73.88531628 40.87733403)","01"
"311339344","08/17/2025","09:11:00","VTL","1172A","CAR/SUV","LTY2287","NY","BROOKLYN","90","1,003,245","199,494","40.71422125","-73.93148082","POINT (-73.93148082 40.71422125)","01"
"311318673","08/17/2025","00:17:00","NYCTRR","405B2","CAR/SUV","236JDS","ME","BRONX","47","1,022,616","262,246","40.88639528","-73.86124686","POINT (-73.86124686 40.88639528)","01"
"311325473","08/17/2025","06:02:28","VTL","1180D","CAR/SUV","5BJC24","MA","BRONX","411","1,026,480","262,584","40.88731363447","-73.84727175776","POINT (-73.8472717577564 40.8873136344706)","01"
"311342855","08/17/2025","16:31:46","NYCTRR","403A1","CAR/SUV","T109667C","NY","NEW YORK","18","988,451","217,993","40.76502407883","-73.98483594971","POINT (-73.9848359497083 40.7650240788333)","01"
"311333706","08/17/2025","10:30:00","VTL","1110A","CAR/SUV","LEH2230","NY","QUEENS","116","1,056,827","180,411","40.66156574","-73.73840495","POINT (-73.73840495 40.66156574)","01"
"311331477","08/17/2025","09:35:15","VTL","1180D","CAR/SUV","LBR9750","NY","BROOKLYN","412","984,128","179,058","40.65815775355","-74.00044115489","POINT (-74.0004411548878 40.6581577535544)","01"
"311320390","08/17/2025","02:18:00","NYCTRR","405B1","CAR/SUV","LVX8010","NY","QUEENS","103","1,037,507","195,007","40.70176563","-73.80792594","POINT (-73.80792594 40.70176563)","01"
"311349440","08/17/2025","19:45:08","VTL","4021A","MOPED","(null)","(null)","QUEENS","114","1,009,269","219,580","40.769346","-73.909676","POINT (-73.909676 40.769346)","01"
"311352344","08/17/2025","21:32:07","VTL","306C","CAR/SUV","JPJ3202","NY","QUEENS","116","1,052,693","187,158","40.68011759","-73.75323687","POINT (-73.75323687 40.68011759)","01"
"311353804","08/17/2025","22:30:00","VTL","5091","CAR/SUV","LXF4252","NY","QUEENS","106","1,032,182","187,368","40.68082882","-73.82718512","POINT (-73.82718512 40.68082882)","01"
"311344907","08/17/2025","17:40:00","VTL","1163AT","CAR/SUV","P27PHB","NJ","NEW YORK","25","1,000,558","231,080","40.80093037274","-73.94109824101","POINT (-73.9410982410066 40.8009303727402)","01"
"311327614","08/17/2025","06:52:30","VTL","1180D","CAR/SUV","GXP3838","NY","BRONX","411","1,026,480","262,584","40.88731363447","-73.84727175776","POINT (-73.8472717577564 40.8873136344706)","01"
"311590989","08/17/2025","23:40:00","VTL","37512A","CAR/SUV","LSM5032","NY","NEW YORK","32","999,433","236,538","40.81591307653","-73.94514930665","POINT (-73.9451493066481 40.81591307653)","01"
"311336159","08/17/2025","12:34:07","VTL","1111D1N","CAR/SUV","T747856C","NY","BROOKLYN","75","1,017,239","186,671","40.67898402","-73.88106421","POINT (-73.88106421 40.67898402)","01"
"311325062","08/17/2025","04:05:00","VTL","3752A1I","CAR/SUV","LPG1802","NY","QUEENS","109","1,044,525","226,644","40.78855597","-73.78233174","POINT (-73.78233174 40.78855597)","01"
"311328197","08/17/2025","07:45:00","VTL","1172A","CAR/SUV","KHXB743","NY","QUEENS","107","1,040,665","199,309","40.713554","-73.79650045","POINT (-73.79650045 40.713554)","01"
"311337587","08/17/2025","13:31:56","VTL","1110AB","BIKE","(null)","(null)","NEW YORK","33","1,001,891","245,600","40.84078110886","-73.93624538182","POINT (-73.9362453818218 40.8407811088581)","01"
"311350913","08/17/2025","20:26:35","NYCTRR","403A1","CAR/SUV","0BR6689","NY","QUEENS","109","1,030,153","215,586","40.75829105","-73.83430806","POINT (-73.83430806 40.75829105)","01"
"311330330","08/17/2025","09:11:00","VTL","37512A2","CAR/SUV","LKH5585","NY","BROOKLYN","60","992,074","150,516","40.5798042","-73.97183389","POINT (-73.97183389 40.5798042)","01"
"311330378","08/17/2025","09:05:50","VTL","1180D","CAR/SUV","LLA9353","NY","BROOKLYN","412","1,000,528","168,138","40.6281697437","-73.94135878348","POINT (-73.9413587834752 40.6281697437036)","01"
"311318416","08/17/2025","00:00:00","VTL","3754","CAR/SUV","LFY5175","NY","BROOKLYN","75","1,020,902","182,309","40.66699691","-73.86788167","POINT (-73.86788167 40.66699691)","01"
"311340928","08/17/2025","13:50:00","NYCTRR","403A1","CAR/SUV","EUS8442","NY","BROOKLYN","70","991,977","169,937","40.63311096","-73.97216087","POINT (-73.97216087 40.63311096)","01"
"311339359","08/17/2025","14:26:21","VTL","1110AB","BIKE","(null)","(null)","BROOKLYN","81","1,005,291","190,673","40.69000506","-73.924128","POINT (-73.924128 40.69000506)","01"
"311354079","08/17/2025","17:40:00","VTL","37512A2","CAR/SUV","LNX1785","NY","STATEN ISLAND","121","939,984","162,264","40.61194298","-74.1594327","POINT (-74.1594327 40.61194298)","01"
"311349454","08/17/2025","19:38:24","VTL","1180D","CAR/SUV","HVH9106","NY","BROOKLYN","67","1,006,477","174,033","40.64432908","-73.91990626","POINT (-73.91990626 40.64432908)","01"
"311318084","08/17/2025","00:00:48","NYCTRR","406A1","CAR/SUV","LXT1906","NY","BROOKLYN","75","1,017,987","181,155","40.66384103","-73.87839504","POINT (-73.87839504 40.66384103)","01"
"311328230","08/17/2025","08:11:33","NYCTRR","403A1","CAR/SUV","EG21700","IL","QUEENS","115","1,022,759","215,403","40.75782406","-73.86099851","POINT (-73.86099851 40.75782406)","01"
"311334928","08/17/2025","09:27:00","VTL","1110A","CAR/SUV","T39KC2","NJ","NEW YORK","24","993,369","229,307","40.79607431283","-73.96706674581","POINT (-73.9670667458109 40.7960743128304)","01"
"311354414","08/17/2025","21:52:00","VTL","1128A","CAR/SUV","MLH2144","PA","BRONX","44","1,007,050","242,630","40.83260922","-73.91760899","POINT (-73.91760899 40.83260922)","01"
"311349439","08/17/2025","19:25:00","VTL","37540B","CAR/SUV","MSZ9243","PA","QUEENS","103","1,043,107","197,170","40.70766706","-73.78771043","POINT (-73.78771043 40.70766706)","01"
"311330392","08/17/2025","09:21:01","VTL","1110A","CAR/SUV","V13NKM","NJ","NEW YORK","20","991,202","224,999","40.78425197866","-73.97489766642","POINT (-73.9748976664227 40.7842519786623)","01"
"311318683","08/17/2025","01:18:00","VTL","37512A2","CAR/SUV","P36RTV","NJ","BRONX","41","1,016,235","234,575","40.81047205","-73.88445613","POINT (-73.88445613 40.81047205)","01"
"311337562","08/17/2025","10:16:00","VTL","4021B1","CAR/SUV","3NXN42","MA","NEW YORK","5","984,990","200,136","40.716012012","-73.9973320301","POINT (-73.9973320301008 40.7160120119955)","01"
"311352334","08/17/2025","21:05:00","VTL","3754","CAR/SUV","MLF9000","PA","BROOKLYN","75","1,013,924","184,237","40.67231498","-73.89302653","POINT (-73.89302653 40.67231498)","01"
"311330339","08/17/2025","09:23:00","VTL","1225C2A","CAR/SUV","GXD3523","NY","NEW YORK","25","1,000,558","231,080","40.80093037274","-73.94109824101","POINT (-73.9410982410066 40.8009303727402)","01"
"311328209","08/17/2025","07:28:22","VTL","1110AB","BIKE","(null)","(null)","NEW YORK","33","1,001,891","245,600","40.84078110886","-73.93624538182","POINT (-73.9362453818218 40.8407811088581)","01"
"311336190","08/17/2025","13:14:50","NYCTRR","403A1","CAR/SUV","LTL8035","NY","BROOKLYN","68","980,155","170,246","40.63396152","-74.0147538","POINT (-74.0147538 40.63396152)","01"
"311342875","08/17/2025","17:01:51","VTL","1110A","CAR/SUV","KSE8814","NY","QUEENS","112","1,022,411","205,308","40.73011735","-73.86231192","POINT (-73.86231192 40.73011735)","01"
"311334956","08/17/2025","11:30:00","VTL","37512A1","CAR/SUV","Y52RVT","NJ","QUEENS","113","1,046,315","187,088","40.67998073847","-73.7762339072","POINT (-73.7762339071953 40.6799807384666)","01"
"311334919","08/17/2025","11:05:00","VTL","37512A1","CAR/SUV","5ER1745","MD","BROOKLYN","68","977,458","165,319","40.62043628","-74.02446582","POINT (-74.02446582 40.62043628)","01"
"311352354","08/17/2025","22:14:45","VTL","1111D1N","CAR/SUV","Y102885C","NY","BROOKLYN","75","1,017,364","186,717","40.67910981","-73.88061332","POINT (-73.88061332 40.67910981)","01"
"311328224","08/17/2025","07:55:00","VTL","1180D","CAR/SUV","LXG7098","NY","QUEENS","413","1,048,659","216,392","40.76039613927","-73.76750253495","POINT (-73.7675025349456 40.7603961392658)","01"
"311340940","08/17/2025","16:05:00","VTL","1111D1E","EBIKE","(null)","(null)","BROOKLYN","72","983,487","176,958","40.65238543","-74.00274975","POINT (-74.00274975 40.65238543)","01"
"311324613","08/17/2025","03:43:00","NYCTRR","406A1","CAR/SUV","KFN7262","NY","QUEENS","115","1,018,154","219,888","40.77015307","-73.877598","POINT (-73.877598 40.77015307)","01"
"311318674","08/17/2025","01:02:00","VTL","37512A2","CAR/SUV","AESCOBAR","NY","BROOKLYN","68","977,891","171,028","40.63610661","-74.02291147","POINT (-74.02291147 40.63610661)","01"
"311340908","08/17/2025","11:40:00","VTL","1110A","CAR/SUV","TJ8F7E","MO","BROOKLYN","84","986,827","190,348","40.68913764","-73.99070768","POINT (-73.99070768 40.68913764)","01"
"311349427","08/17/2025","17:44:00","VTL","3191U","CAR/SUV","LLL8985","NY","STATEN ISLAND","121","939,984","162,264","40.61194298","-74.1594327","POINT (-74.1594327 40.61194298)","01"
"311330317","08/17/2025","08:59:00","VTL","1110A","CAR/SUV","T137805C","(null)","NEW YORK","5","984,990","200,136","40.716012012","-73.9973320301","POINT (-73.9973320301008 40.7160120119955)","01"
"311342898","08/17/2025","17:21:38","VTL","1180D","CAR/SUV","LSX4396","NY","STATEN ISLAND","121","941,091","160,984","40.6084351","-74.15543745","POINT (-74.15543745 40.6084351)","01"
"311363054","08/17/2025","10:40:00","VTL","1229C3","CAR/SUV","LTY3015","NY","BROOKLYN","94","995,218","201,420","40.71952125","-73.96043284","POINT (-73.96043284 40.71952125)","01"
"311334944","08/17/2025","11:21:00","VTL","1140A","CAR/SUV","N87SZE","NJ","BRONX","41","1,014,509","238,113","40.82018895","-73.89067524","POINT (-73.89067524 40.82018895)","01"
"311342859","08/17/2025","16:38:29","VTL","1110A","CAR/SUV","M15RME","NJ","NEW YORK","24","993,369","229,307","40.79607431283","-73.96706674581","POINT (-73.9670667458109 40.7960743128304)","01"
"311385223","08/17/2025","20:27:00","VTL","1111D1N","CAR/SUV","(null)","(null)","BROOKLYN","73","1,009,192","182,352","40.66715567","-73.91009215","POINT (-73.91009215 40.66715567)","01"
"311336196","08/17/2025","13:09:00","VTL","1128A","CAR/SUV","KDU1503","NY","BROOKLYN","78","987,578","185,225","40.67507592","-73.98800221","POINT (-73.98800221 40.67507592)","01"
"311320401","08/17/2025","00:57:13","VTL","1180D","CAR/SUV","GUK1611","NY","QUEENS","413","1,048,659","216,392","40.76039613927","-73.76750253495","POINT (-73.7675025349456 40.7603961392658)","01"
"311354692","08/17/2025","23:21:00","VTL","12271","CAR/SUV","MWJ9205","PA","QUEENS","115","1,022,286","213,223","40.751851","-73.862718","POINT (-73.862718 40.751851)","01"
"311330369","08/17/2025","09:00:41","VTL","1110A","MOPED","796BX9","NY","BROOKLYN","88","994,118","187,428","40.68111778","-73.9644216","POINT (-73.9644216 40.68111778)","01"
"311344921","08/17/2025","17:24:28","VTL","1180D","CAR/SUV","TCD6254","VA","QUEENS","413","1,032,051","217,053","40.76231580042","-73.82744800186","POINT (-73.8274480018593 40.7623158004241)","01"
"311334948","08/17/2025","11:38:23","VTL","1111D1C","BIKE","(null)","(null)","NEW YORK","25","1,000,558","231,080","40.80093037274","-73.94109824101","POINT (-73.9410982410066 40.8009303727402)","01"
"311330384","08/17/2025","09:00:41","VTL","22653","MOPED","796BX9","NY","BROOKLYN","88","994,118","187,428","40.68111778","-73.9644216","POINT (-73.9644216 40.68111778)","01"
"311337595","08/17/2025","13:26:00","VTL","1111D1E","EBIKE","(null)","(null)","BROOKLYN","72","984,963","180,110","40.66103698","-73.9974301","POINT (-73.9974301 40.66103698)","01"
"311318434","08/17/2025","01:07:00","VTL","1180D","CAR/SUV","GJC8118","NY","BROOKLYN","412","1,017,036","183,890","40.67135982034","-73.88181102317","POINT (-73.8818110231735 40.6713598203364)","01"
"311324597","08/17/2025","02:27:00","VTL","5091","CAR/SUV","G58UZF","(null)","BRONX","44","1,007,509","245,160","40.83955214","-73.91594156","POINT (-73.91594156 40.83955214)","01"
"311347835","08/17/2025","16:13:00","VTL","1225A","MOPED","323BX0","NY","QUEENS","106","1,030,501","188,490","40.683926","-73.833239","POINT (-73.833239 40.683926)","01"
"311342877","08/17/2025","17:00:00","VTL","4011A","MCL","724BK0","NY","BRONX","40","1,007,046","236,603","40.81606683","-73.91764392","POINT (-73.91764392 40.81606683)","01"
"311354082","08/17/2025","21:20:00","VTL","37512A2","CAR/SUV","JPT9237","NY","NEW YORK","25","1,000,558","231,080","40.80093037274","-73.94109824101","POINT (-73.9410982410066 40.8009303727402)","01"
"311336183","08/17/2025","13:04:54","VTL","1110A","CAR/SUV","VNT461","SC","NEW YORK","25","1,000,558","231,080","40.80093037274","-73.94109824101","POINT (-73.9410982410066 40.8009303727402)","01"
"311324605","08/17/2025","01:26:00","VTL","4021A","CAR/SUV","LXP7798","NY","BROOKLYN","73","1,010,445","181,444","40.6646598","-73.90557902","POINT (-73.90557902 40.6646598)","01"
"311342852","08/17/2025","16:31:46","VTL","1163AT","CAR/SUV","T109667C","NY","NEW YORK","18","988,451","217,993","40.76502407883","-73.98483594971","POINT (-73.9848359497083 40.7650240788333)","01"
"311331463","08/17/2025","09:32:00","VTL","3816","CAR/SUV","155CF8","NY","QUEENS","103","1,037,507","195,007","40.70176563","-73.80792594","POINT (-73.80792594 40.70176563)","01"
"311325464","08/17/2025","04:00:00","VTL","1111D1N","CAR/SUV","LLL4002","NY","BROOKLYN","72","979,763","172,257","40.6394811","-74.01616747","POINT (-74.01616747 40.6394811)","01"
"311331496","08/17/2025","09:47:00","VTL","1180A","CAR/SUV","TBN2381","VA","NEW YORK","411","1,002,173","249,401","40.85121316769","-73.93521605199","POINT (-73.9352160519866 40.8512131676868)","01"
"311330345","08/17/2025","08:30:54","NYCTRR","403A1","MOPED","180CE3","NY","QUEENS","107","1,037,874","196,781","40.70663261","-73.80658821","POINT (-73.80658821 40.70663261)","01"
"311331475","08/17/2025","09:35:12","VTL","1225D","CAR/SUV","LKF2353","NY","BROOKLYN","73","1,007,286","183,647","40.67071532","-73.91695823","POINT (-73.91695823 40.67071532)","01"
"311318671","08/17/2025","01:28:00","VTL","1110A","CAR/SUV","T134865C","NY","BROOKLYN","84","987,826","192,896","40.69613097","-73.98710407","POINT (-73.98710407 40.69613097)","01"
"311324607","08/17/2025","00:17:00","VTL","4021A","MOPED","(null)","(null)","BROOKLYN","67","997,385","176,999","40.65248826","-73.95266298","POINT (-73.95266298 40.65248826)","01"
"311339336","08/17/2025","14:25:00","VTL","37540B","CAR/SUV","TDV7347","VA","QUEENS","103","1,043,991","193,406","40.69732987","-73.78455536","POINT (-73.78455536 40.69732987)","01"
"311344915","08/17/2025","13:29:00","VTL","1225D","CAR/SUV","LVN6717","NY","BROOKLYN","79","999,987","187,042","40.68004981","-73.94326223","POINT (-73.94326223 40.68004981)","01"
"311339373","08/17/2025","14:41:39","VTL","1163AT","CAR/SUV","T123895C","NY","BROOKLYN","88","995,342","190,257","40.68888129","-73.9600039","POINT (-73.9600039 40.68888129)","01"
"311334962","08/17/2025","11:54:50","VTL","1110A","CAR/SUV","Y206997C","NY","NEW YORK","20","991,202","224,999","40.78425197866","-73.97489766642","POINT (-73.9748976664227 40.7842519786623)","01"
"311320367","08/17/2025","02:05:00","VTL","1172A","CAR/SUV","T775879C","NY","NEW YORK","18","988,451","217,993","40.76502407883","-73.98483594971","POINT (-73.9848359497083 40.7650240788333)","01"
"311354390","08/17/2025","21:40:00","VTL","37512A","CAR/SUV","1KF1966","(null)","BROOKLYN","67","1,005,404","181,336","40.66437684","-73.92374984","POINT (-73.92374984 40.66437684)","01"
"311349431","08/17/2025","19:39:00","VTL","5092","CAR/SUV","(null)","NY","BROOKLYN","77","1,001,176","184,732","40.67370719","-73.93898125","POINT (-73.93898125 40.67370719)","01"
"311339391","08/17/2025","15:10:00","VTL","3817","MOPED","642CD6","NY","QUEENS","104","1,013,259","203,766","40.72591969","-73.89533971","POINT (-73.89533971 40.72591969)","01"
"311350931","08/17/2025","21:10:00","VTL","1180D","CAR/SUV","LKH1117","NY","STATEN ISLAND","122","963,092","159,859","40.60542705","-74.07619723","POINT (-74.07619723 40.60542705)","01"
"311344958","08/17/2025","18:10:00","NYCTRR","406A1","CAR/SUV","LXE1420","NY","BRONX","49","1,020,413","251,419","40.85668781","-73.86927257","POINT (-73.86927257 40.85668781)","01"
"311350922","08/17/2025","20:43:46","VTL","1110A","CAR/SUV","MHM5223","PA","BROOKLYN","62","985,969","158,583","40.60194979","-73.99380961","POINT (-73.99380961 40.60194979)","01"
"311336179","08/17/2025","12:42:43","NYCTRR","412A3","CAR/SUV","1909ZS","ME","BRONX","43","1,022,548","239,450","40.82382743","-73.86162302","POINT (-73.86162302 40.82382743)","01"
"311342882","08/17/2025","17:00:00","VTL","5091","MCL","724BK0","NY","BRONX","40","1,007,046","236,603","40.81606683","-73.91764392","POINT (-73.91764392 40.81606683)","01"
"311354423","08/17/2025","23:48:00","NYCTRR","405B2","CAR/SUV","LLK4468","NY","QUEENS","103","1,037,520","194,797","40.70118915","-73.80788072","POINT (-73.80788072 40.70118915)","01"
"311330333","08/17/2025","08:34:00","VTL","1225D","CAR/SUV","LSW5936","NY","BROOKLYN","79","998,208","186,460","40.67845534","-73.9496774","POINT (-73.9496774 40.67845534)","01"
"311325060","08/17/2025","04:40:00","NYCTRR","405B1","CAR/SUV","KZR7598","NY","NEW YORK","34","1,002,173","249,401","40.85121316769","-73.93521605199","POINT (-73.9352160519866 40.8512131676868)","01"
"311347856","08/17/2025","19:11:39","VTL","4021A","CAR/SUV","KKF5009","NY","QUEENS","413","996,424","210,017","40.7431245995","-73.95606807268","POINT (-73.9560680726795 40.7431245994984)","01"
"311333759","08/17/2025","11:10:00","VTL","5092","MCL","475BX6","NY","QUEENS","108","1,010,732","213,341","40.7522086","-73.90441906","POINT (-73.90441906 40.7522086)","01"
"311344906","08/17/2025","17:12:00","VTL","4011A","CAR/SUV","K18VAW","NJ","QUEENS","101","1,050,400","155,849","40.59419882","-73.7618109","POINT (-73.7618109 40.59419882)","01"
"311342846","08/17/2025","16:26:22","VTL","37540A","CAR/SUV","LXG7734","NY","BROOKLYN","61","993,835","157,085","40.59783306","-73.96548504","POINT (-73.96548504 40.59783306)","01"
"311318668","08/17/2025","01:25:00","VTL","3752A3","CAR/SUV","Y104038C","NY","NEW YORK","19","994,244","218,713","40.76699564239","-73.96392230354","POINT (-73.9639223035387 40.7669956423899)","01"
"311350927","08/17/2025","21:03:32","NYCTRR","403A1","CAR/SUV","MTN7119","PA","BROOKLYN","61","997,745","157,651","40.59938153","-73.95140427","POINT (-73.95140427 40.59938153)","01"
"311658516","08/17/2025","00:43:00","VTL","1111D1E","EBIKE","(null)","(null)","BROOKLYN","88","990,027","191,934","40.69348934","-73.97916756","POINT (-73.97916756 40.69348934)","01"
"311333760","08/17/2025","11:13:53","VTL","1180D","CAR/SUV","JJM2693","NY","QUEENS","116","1,050,633","177,078","40.652475","-73.760762","POINT (-73.760762 40.652475)","01"
"311354433","08/17/2025","22:35:00","VTL","1166A","CAR/SUV","KTL1687","NY","BROOKLYN","67","1,004,097","176,890","40.65217658","-73.92847404","POINT (-73.92847404 40.65217658)","01"
"311362577","08/17/2025","21:19:00","VTL","5094","CAR/SUV","LVD1797","NY","QUEENS","110","1,020,429","212,242","40.74915777","-73.86942584","POINT (-73.86942584 40.74915777)","01"
"311325066","08/17/2025","01:38:00","VTL","1110A","CAR/SUV","LJR9693","NY","BROOKLYN","69","1,015,289","169,710","40.63243688","-73.88817263","POINT (-73.88817263 40.63243688)","01"
"311362024","08/17/2025","22:46:00","VTL","5092","MOPED","867BY8","NY","QUEENS","114","1,008,434","218,626","40.76673","-73.912692","POINT (-73.912692 40.76673)","01"
"311350902","08/17/2025","19:55:00","VTL","37512A2","CAR/SUV","MXS7829","PA","QUEENS","103","1,042,592","197,006","40.70722033","-73.78956938","POINT (-73.78956938 40.70722033)","01"
"311333695","08/17/2025","10:35:00","VTL","1172A","CAR/SUV","LJN4419","NY","STATEN ISLAND","121","939,984","162,264","40.61194298","-74.1594327","POINT (-74.1594327 40.61194298)","01"
"311350873","08/17/2025","20:30:00","VTL","1172A","CAR/SUV","Y206739C","NY","NEW YORK","6","982,755","206,652","40.73389675845","-74.00539583734","POINT (-74.0053958373447 40.7338967584511)","01"
"311337582","08/17/2025","13:31:59","NYCTRR","403A1","MCL","216CC1","NY","BROOKLYN","68","977,947","172,030","40.63886517059","-74.02271208766","POINT (-74.0227120876572 40.6388651705916)","01"
"311327621","08/17/2025","07:09:54","VTL","1163AT","MCL","UNKXXX","(null)","QUEENS","107","1,036,331","201,306","40.71906185","-73.8121185","POINT (-73.8121185 40.71906185)","01"
"311339390","08/17/2025","15:09:00","VTL","5091","MOPED","867CB3","NY","NEW YORK","33","1,001,891","245,600","40.84078110886","-73.93624538182","POINT (-73.9362453818218 40.8407811088581)","01"
"311318394","08/17/2025","00:02:00","VTL","1111D1E","EBIKE","(null)","(null)","NEW YORK","23","998,751","226,901","40.78946329956","-73.94763400394","POINT (-73.9476340039424 40.7894632995555)","01"
"311347819","08/17/2025","17:40:00","VTL","1110A","CAR/SUV","LWB3953","NY","NEW YORK","6","982,755","206,652","40.73389675845","-74.00539583734","POINT (-74.0053958373447 40.7338967584511)","01"
"311331514","08/17/2025","10:17:12","VTL","1180D","CAR/SUV","LLC1510","NY","NEW YORK","411","982,381","201,750","40.72044188847","-74.00674397419","POINT (-74.0067439741913 40.7204418884676)","01"
"311337618","08/17/2025","14:01:00","NYCTRR","403A1","ZZZ","(null)","(null)","NEW YORK","33","1,001,891","245,600","40.84078110886","-73.93624538182","POINT (-73.9362453818218 40.8407811088581)","01"
"311352324","08/17/2025","19:31:00","VTL","1151A","CAR/SUV","GTT9099","NY","NEW YORK","24","993,369","229,307","40.79607431283","-73.96706674581","POINT (-73.9670667458109 40.7960743128304)","01"
"311333746","08/17/2025","10:59:00","VTL","1225C2A","CAR/SUV","ARA4312","NY","BROOKLYN","70","996,858","163,767","40.61617","-73.95458695","POINT (-73.95458695 40.61617)","01"
"311331474","08/17/2025","09:53:30","NYCTRR","412A3","CAR/SUV","LVR5336","NY","STATEN ISLAND","123","926,731","142,481","40.5575666","-74.20699746","POINT (-74.20699746 40.5575666)","01"
"311334930","08/17/2025","11:39:00","VTL","1128A","MCL","672AT9","NY","NEW YORK","18","988,451","217,993","40.76502407883","-73.98483594971","POINT (-73.9848359497083 40.7650240788333)","01"
"311342884","08/17/2025","17:01:12","VTL","4101","MOPED","(null)","(null)","QUEENS","114","1,004,247","219,776","40.76988806","-73.92780608","POINT (-73.92780608 40.76988806)","01"
"311318431","08/17/2025","00:57:28","VTL","1180D","CAR/SUV","FBDT74","FL","QUEENS","102","1,033,111","192,553","40.69505535","-73.82379809","POINT (-73.82379809 40.69505535)","01"
"311325051","08/17/2025","03:55:00","VTL","4011A","CAR/SUV","BA26037","IL","BROOKLYN","69","1,010,971","174,786","40.646394","-73.90371","POINT (-73.90371 40.646394)","01"
"311339367","08/17/2025","14:38:07","VTL","1110A","CAR/SUV","LEC4399","NY","BRONX","40","1,004,368","237,509","40.81856005","-73.92731612","POINT (-73.92731612 40.81856005)","01"
"311334943","08/17/2025","12:09:12","NYCTRR","403A1","CAR/SUV","Y201135C","NY","NEW YORK","6","982,755","206,652","40.73389675845","-74.00539583734","POINT (-74.0053958373447 40.7338967584511)","01"
"311352339","08/17/2025","20:39:00","VTL","1111D1N","CAR/SUV","MBV8564","PA","BRONX","40","1,006,727","233,759","40.80826167","-73.91880591","POINT (-73.91880591 40.80826167)","01"
"311336192","08/17/2025","13:12:00","VTL","1111D1N","CAR/SUV","T141154C","NY","BRONX","52","1,011,276","253,604","40.86271768","-73.90229353","POINT (-73.90229353 40.86271768)","01"
"311327588","08/17/2025","05:57:00","VTL","1163AT","CAR/SUV","LKC9590","NY","QUEENS","101","1,052,830","157,163","40.597787","-73.75304781","POINT (-73.75304781 40.597787)","01"
"311333727","08/17/2025","10:38:18","VTL","5092","CAR/SUV","LSG1661","NY","QUEENS","116","1,050,633","177,078","40.652475","-73.760762","POINT (-73.760762 40.652475)","01"
"311353801","08/17/2025","22:30:00","VTL","1172A","CAR/SUV","LXF4252","NY","QUEENS","106","1,032,182","187,368","40.68082882","-73.82718512","POINT (-73.82718512 40.68082882)","01"
"311352323","08/17/2025","17:43:00","VTL","1110A","CAR/SUV","5WLX64","MA","NEW YORK","24","993,369","229,307","40.79607431283","-73.96706674581","POINT (-73.9670667458109 40.7960743128304)","01"
"311350912","08/17/2025","20:25:00","VTL","1110A","CAR/SUV","JJZ7349","NY","BRONX","49","1,030,852","253,590","40.86259761","-73.8315211","POINT (-73.8315211 40.86259761)","01"
"311334949","08/17/2025","11:38:45","VTL","1110AB","BIKE","(null)","(null)","NEW YORK","17","992,245","215,005","40.75682016831","-73.97114326335","POINT (-73.9711432633524 40.7568201683051)","01"
"311340924","08/17/2025","15:37:55","VTL","4101","MCL","519BZ0","NY","QUEENS","114","1,007,788","219,633","40.76949511844","-73.91502417039","POINT (-73.9150241703895 40.7694951184418)","01"
"311337592","08/17/2025","13:44:21","VTL","1111D1C","BIKE","UNKNOWN","(null)","NEW YORK","25","1,000,558","231,080","40.80093037274","-73.94109824101","POINT (-73.9410982410066 40.8009303727402)","01"
"311354713","08/17/2025","22:06:00","VTL","3752A3","CAR/SUV","Z305YR","NJ","BROOKLYN","75","1,023,015","180,905","40.66313425","-73.86027309","POINT (-73.86027309 40.66313425)","01"
"311331468","08/17/2025","09:05:00","VTL","1172A","CAR/SUV","LPA5624","NY","BROOKLYN","77","1,002,705","184,624","40.6734077","-73.93346945","POINT (-73.93346945 40.6734077)","01"
"311342832","08/17/2025","16:16:00","VTL","1110A","TRUCK/BUS","4JGE73","MA","QUEENS","114","1,003,533","218,602","40.76666732","-73.93038716","POINT (-73.93038716 40.76666732)","01"
"311350882","08/17/2025","16:00:00","VTL","4011A","CAR/SUV","(null)","(null)","QUEENS","110","1,019,164","210,169","40.74348126388","-73.8740035374","POINT (-73.8740035373971 40.7434812638841)","01"
"311349465","08/17/2025","20:07:25","VTL","1110A","CAR/SUV","JGW7053","NY","BROOKLYN","67","1,006,457","174,289","40.6450318","-73.91997748","POINT (-73.91997748 40.6450318)","01"
"311344933","08/17/2025","17:49:37","VTL","37512A2","CAR/SUV","MHN6940","PA","NEW YORK","34","1,002,173","249,401","40.85121316769","-73.93521605199","POINT (-73.9352160519866 40.8512131676868)","01"
"311337614","08/17/2025","13:53:00","VTL","1225A","MOPED","(null)","(null)","BRONX","41","1,015,024","240,325","40.82625848","-73.88880442","POINT (-73.88880442 40.82625848)","01"
"311347827","08/17/2025","14:30:00","VTL","5091","MOPED","(null)","(null)","QUEENS","106","1,030,776","188,930","40.685132","-73.832243","POINT (-73.832243 40.685132)","01"
"311337624","08/17/2025","14:12:00","NYCTRR","403A1","CAR/SUV","LGY9432","NY","BROOKLYN","70","997,133","161,865","40.61094901","-73.95360005","POINT (-73.95360005 40.61094901)","01"
"311325071","08/17/2025","04:56:21","VTL","1180D","CAR/SUV","LCU8505","NY","QUEENS","100","1,031,326","170,802","40.63536347","-73.830387","POINT (-73.830387 40.63536347)","01"
"311327593","08/17/2025","01:50:00","VTL","1180A","CAR/SUV","F83ULX","NJ","QUEENS","111","1,048,659","216,392","40.76039613927","-73.76750253495","POINT (-73.7675025349456 40.7603961392658)","01"
"311320354","08/17/2025","02:10:00","VTL","3191U","CAR/SUV","KGD8093","OH","BRONX","42","1,011,312","244,841","40.838675","-73.902197","POINT (-73.902197 40.838675)","01"
"311354391","08/17/2025","22:22:00","VTL","37512A","CAR/SUV","LRR4534","NY","BROOKLYN","67","1,005,404","181,336","40.66437684","-73.92374984","POINT (-73.92374984 40.66437684)","01"
"311354424","08/17/2025","19:17:00","VTL","1111D1N","CAR/SUV","LTG5221","NY","BROOKLYN","79","996,099","190,918","40.6906946","-73.95727311","POINT (-73.95727311 40.6906946)","01"
"311330375","08/17/2025","09:04:30","VTL","1180D","CAR/SUV","6BJM32","MA","BRONX","411","1,026,480","262,584","40.88731363447","-73.84727175776","POINT (-73.8472717577564 40.8873136344706)","01"
"311350914","08/17/2025","20:30:04","VTL","37512A2","CAR/SUV","LUD5381","NY","QUEENS","101","1,052,204","159,911","40.6053345","-73.75527433","POINT (-73.75527433 40.6053345)","01"
"311337611","08/17/2025","13:55:00","VTL","1229C3A","CAR/SUV","KWS1495","NY","QUEENS","113","1,046,740","187,276","40.6804855","-73.77469851","POINT (-73.77469851 40.6804855)","01"
"311325471","08/17/2025","05:47:00","VTL","1180D","CAR/SUV","CGA9018","NY","QUEENS","413","1,036,658","205,330","40.73011306687","-73.81090891488","POINT (-73.8109089148815 40.7301130668694)","01"
"311320347","08/17/2025","02:07:00","VTL","1110A","CAR/SUV","KYA1801","NY","NEW YORK","28","997,407","233,806","40.808417746","-73.95247406035","POINT (-73.9524740603515 40.8084177460021)","01"
"311340926","08/17/2025","15:42:00","VTL","5091","MOPED","243BV6","NY","NEW YORK","33","1,001,891","245,600","40.84078110886","-73.93624538182","POINT (-73.9362453818218 40.8407811088581)","01"
"311347832","08/17/2025","17:25:00","VTL","1110A","CAR/SUV","T130320C","NY","NEW YORK","1","982,381","201,750","40.72044188847","-74.00674397419","POINT (-74.0067439741913 40.7204418884676)","01"
"311327617","08/17/2025","07:08:22","VTL","1180D","CAR/SUV","GRAY22","NY","QUEENS","413","1,048,659","216,392","40.76039613927","-73.76750253495","POINT (-73.7675025349456 40.7603961392658)","01"
"311327622","08/17/2025","07:09:54","VTL","5091","MCL","UNKXXX","(null)","QUEENS","107","1,036,331","201,306","40.71906185","-73.8121185","POINT (-73.8121185 40.71906185)","01"
"311344911","08/17/2025","14:30:00","NYCTRR","403A3IX","BIKE","(null)","(null)","NEW YORK","17","992,245","215,005","40.75682016831","-73.97114326335","POINT (-73.9711432633524 40.7568201683051)","01"
"311354078","08/17/2025","23:25:00","VTL","1111D1E","EBIKE","(null)","NY","BROOKLYN","71","996,306","182,141","40.66660345","-73.95654238","POINT (-73.95654238 40.66660345)","01"
"311347843","08/17/2025","14:35:00","VTL","1110A","CAR/SUV","423BW3","NY","QUEENS","106","1,034,592","190,148","40.68844589","-73.81847532","POINT (-73.81847532 40.68844589)","01"
"311339389","08/17/2025","15:15:47","VTL","1110AB","BIKE","(null)","(null)","BROOKLYN","81","1,004,261","191,337","40.69182997","-73.92784012","POINT (-73.92784012 40.69182997)","01"
"311342886","08/17/2025","17:09:34","VTL","1180D","CAR/SUV","LDU7274","NY","STATEN ISLAND","121","938,905","158,528","40.60168298","-74.16329384","POINT (-74.16329384 40.60168298)","01"
"311331482","08/17/2025","09:30:34","VTL","1163AT","CAR/SUV","N77VJL","NJ","BROOKLYN","68","977,947","172,030","40.63886517059","-74.02271208766","POINT (-74.0227120876572 40.6388651705916)","01"
"311328215","08/17/2025","07:40:06","VTL","1172A","CAR/SUV","Y201507C","NY","NEW YORK","33","1,001,891","245,600","40.84078110886","-73.93624538182","POINT (-73.9362453818218 40.8407811088581)","01"
"311349461","08/17/2025","19:45:08","VTL","4101","MOPED","(null)","(null)","QUEENS","114","1,009,269","219,580","40.769346","-73.909676","POINT (-73.909676 40.769346)","01"
"311350883","08/17/2025","13:35:00","VTL","306B","MOPED","226CC5","NY","NEW YORK","6","982,755","206,652","40.73389675845","-74.00539583734","POINT (-74.0053958373447 40.7338967584511)","01"
"311340947","08/17/2025","16:15:02","VTL","1163AT","CAR/SUV","T38NMF","NJ","NEW YORK","18","988,451","217,993","40.76502407883","-73.98483594971","POINT (-73.9848359497083 40.7650240788333)","01"
"311340915","08/17/2025","00:17:00","VTL","3816","MOPED","(null)","(null)","BROOKLYN","67","997,385","176,999","40.65248826","-73.95266298","POINT (-73.95266298 40.65248826)","01"
"311330320","08/17/2025","08:55:00","VTL","1229C3U","CAR/SUV","Y208449C","(null)","QUEENS","114","1,003,665","220,130","40.77086099","-73.92990622","POINT (-73.92990622 40.77086099)","01"
"311350894","08/17/2025","16:37:00","VTL","1229C3B","CAR/SUV","KTT5925","NY","NEW YORK","14","985,764","213,806","40.75353270126","-73.99453689202","POINT (-73.9945368920152 40.7535327012632)","01"
"311336168","08/17/2025","12:40:43","VTL","1111D1N","MOPED","NONE","ZZ","BROOKLYN","68","980,771","169,762","40.63263331","-74.01253418","POINT (-74.01253418 40.63263331)","01"
"311334933","08/17/2025","11:19:16","VTL","1111D1C","BIKE","(null)","(null)","NEW YORK","25","1,000,558","231,080","40.80093037274","-73.94109824101","POINT (-73.9410982410066 40.8009303727402)","01"
"311330353","08/17/2025","08:40:54","VTL","1111D1N","MCL","(null)","(null)","BROOKLYN","83","1,002,212","193,214","40.6969863","-73.93522383","POINT (-73.93522383 40.6969863)","01"
"311331467","08/17/2025","09:25:00","VTL","1225C2A","CAR/SUV","VED4980","NC","BROOKLYN","81","1,006,406","185,884","40.67685763","-73.92012316","POINT (-73.92012316 40.67685763)","01"
"311337622","08/17/2025","14:09:56","VTL","1225C2A","CAR/SUV","89528MC","NY","BROOKLYN","88","992,737","192,879","40.69608096","-73.96939384","POINT (-73.96939384 40.69608096)","01"
"311334971","08/17/2025","12:06:01","VTL","1111D2A","MOPED","(null)","(null)","BROOKLYN","62","984,452","164,495","40.61817718","-73.99927238","POINT (-73.99927238 40.61817718)","01"
"311344948","08/17/2025","17:56:00","VTL","1229C3A","CAR/SUV","6CYA268","CA","QUEENS","113","1,048,129","188,676","40.68431825","-73.76967736","POINT (-73.76967736 40.68431825)","01"
"311354083","08/17/2025","20:20:00","VTL","1160A","CAR/SUV","LND1261","NY","NEW YORK","25","1,000,558","231,080","40.80093037274","-73.94109824101","POINT (-73.9410982410066 40.8009303727402)","01"
"311350881","08/17/2025","20:10:00","VTL","4011A","CAR/SUV","(null)","(null)","BRONX","40","1,006,520","236,780","40.81655399","-73.91954364","POINT (-73.91954364 40.81655399)","01"
"311334929","08/17/2025","11:39:00","VTL","4021A","CAR/SUV","BR11404","CT","NEW YORK","18","988,451","217,993","40.76502407883","-73.98483594971","POINT (-73.9848359497083 40.7650240788333)","01"
"311354688","08/17/2025","23:30:00","VTL","3752A3","CAR/SUV","JSA0264","PA","STATEN ISLAND","120","962,873","174,172","40.64472094387","-74.0770327199","POINT (-74.0770327198983 40.6447209438691)","01"
"311333740","08/17/2025","10:57:47","VTL","1180D","CAR/SUV","LCG6853","NY","BROOKLYN","412","984,128","179,058","40.65815775355","-74.00044115489","POINT (-74.0004411548878 40.6581577535544)","01"
