Latitude,Longitude,Event Date,Offense,Crash Cause Type,Crash Details,Incident Count,Type
39.7217417,-76.655389,"Tuesday, January 27, 2026 12:51 PM",Maximum Speed Limits - Freeways,Not Applicable,Not Applicable,1,Traffic Citation
39.7219634,-76.655551,"Thursday, February 12, 2026 3:48 PM",Maximum Speed Limits - Freeways,Not Applicable,Not Applicable,1,Traffic Citation
39.7245845,-77.728113,"Wednesday, November 5, 2025 6:03 PM",Maximum Speed Limits - Freeways,Not Applicable,Not Applicable,1,Traffic Citation
39.7262041,-76.658213,"Tuesday, January 27, 2026 9:33 AM",Maximum Speed Limits - Freeways,Not Applicable,Not Applicable,1,Traffic Citation
39.735043,-77.298348,"Sunday, May 24, 2026 2:25 PM",Maximum Speed Limits - Freeways,Not Applicable,Not Applicable,1,Traffic Citation
39.7384482,-76.660675,"Tuesday, January 13, 2026 12:47 PM",Maximum Speed Limits - Freeways,Not Applicable,Not Applicable,1,Traffic Citation
39.7395206,-77.288483,"Tuesday, April 7, 2026 2:01 PM",Maximum Speed Limits - Freeways,Not Applicable,Not Applicable,1,Traffic Citation
39.7402375,-77.287416,"Sunday, May 31, 2026 7:52 PM",Maximum Speed Limits - Freeways,Not Applicable,Not Applicable,1,Traffic Citation
39.7403616,-77.28712,"Tuesday, August 26, 2025 1:48 PM",Maximum Speed Limits - Freeways,Not Applicable,Not Applicable,1,Traffic Citation
39.7406994,-77.285702,"Sunday, January 4, 2026 9:38 AM",Maximum Speed Limits - Freeways,Not Applicable,Not Applicable,1,Traffic Citation
39.7415578,-77.727683,"Saturday, May 16, 2026 8:20 PM",Maximum Speed Limits - Freeways,Not Applicable,Not Applicable,1,Traffic Citation
39.7425217,-77.281213,"Friday, January 9, 2026 10:36 AM",Maximum Speed Limits - Freeways,Not Applicable,Not Applicable,1,Traffic Citation
39.7425497,-77.727886,"Thursday, July 3, 2025 4:31 PM",Maximum Speed Limits - Freeways,Not Applicable,Not Applicable,1,Traffic Citation
39.7426427,-77.280923,"Saturday, July 5, 2025 10:51 AM",Maximum Speed Limits - Freeways,Not Applicable,Not Applicable,2,Traffic Citation
39.7426642,-77.280876,"Sunday, May 24, 2026 4:27 PM",Maximum Speed Limits - Freeways,Not Applicable,Not Applicable,1,Traffic Citation
39.7426841,-77.280833,"Monday, June 22, 2026 7:21 PM",Maximum Speed Limits - Freeways,Not Applicable,Not Applicable,1,Traffic Citation
39.7427222,-77.280739,"Friday, November 28, 2025 11:33 AM",Maximum Speed Limits - Freeways,Not Applicable,Not Applicable,1,Traffic Citation
39.7427256,-77.280731,"Friday, November 28, 2025 12:50 PM",Maximum Speed Limits - Freeways,Not Applicable,Not Applicable,1,Traffic Citation
39.7427267,-77.280728,"Thursday, September 11, 2025 4:35 PM",Maximum Speed Limits - Freeways,Not Applicable,Not Applicable,1,Traffic Citation
39.742729,-77.280722,"Sunday, January 11, 2026 12:09 PM",Maximum Speed Limits - Freeways,Not Applicable,Not Applicable,1,Traffic Citation
39.7427299,-77.28072,"Saturday, May 2, 2026 6:15 PM",Maximum Speed Limits - Freeways,Not Applicable,Not Applicable,1,Traffic Citation
39.7427318,-77.280716,"Friday, April 10, 2026 6:10 PM",Maximum Speed Limits - Freeways,Not Applicable,Not Applicable,1,Traffic Citation
39.7427328,-77.280713,"Thursday, April 9, 2026 9:23 PM",Maximum Speed Limits - Freeways,Not Applicable,Not Applicable,1,Traffic Citation
39.742734,-77.28071,"Sunday, July 6, 2025 10:54 AM",Maximum Speed Limits - Freeways,Not Applicable,Not Applicable,1,Traffic Citation
39.7427345,-77.280709,"Friday, November 28, 2025 11:49 AM",Maximum Speed Limits - Freeways,Not Applicable,Not Applicable,1,Traffic Citation
39.7427346,-77.280709,"Thursday, June 18, 2026 7:40 PM",Maximum Speed Limits - Freeways,Not Applicable,Not Applicable,1,Traffic Citation
39.7427393,-77.280697,"Saturday, May 2, 2026 6:50 PM",Maximum Speed Limits - Freeways,Not Applicable,Not Applicable,1,Traffic Citation
39.742742,-77.28069,"Monday, June 22, 2026 7:40 PM",Maximum Speed Limits - Freeways,Not Applicable,Not Applicable,1,Traffic Citation
39.7427466,-77.280679,"Sunday, March 15, 2026 12:25 PM",Maximum Speed Limits - Freeways,Not Applicable,Not Applicable,1,Traffic Citation
39.7427495,-77.280672,"Tuesday, December 16, 2025 7:36 PM",Maximum Speed Limits - Freeways,Not Applicable,Not Applicable,1,Traffic Citation
39.7427499,-77.280671,"Saturday, May 16, 2026 10:58 AM",Maximum Speed Limits - Freeways,Not Applicable,Not Applicable,1,Traffic Citation
39.7427525,-77.280665,"Saturday, July 5, 2025 10:08 AM",Maximum Speed Limits - Freeways,Not Applicable,Not Applicable,1,Traffic Citation
39.742753,-77.280663,"Saturday, March 21, 2026 5:24 PM",Maximum Speed Limits - Freeways,Not Applicable,Not Applicable,1,Traffic Citation
39.7427532,-77.280663,"Saturday, March 14, 2026 11:50 AM",Maximum Speed Limits - Freeways,Not Applicable,Not Applicable,1,Traffic Citation
39.7427546,-77.28066,"Sunday, April 12, 2026 6:19 PM",Maximum Speed Limits - Freeways,Not Applicable,Not Applicable,1,Traffic Citation
39.7427552,-77.280658,"Saturday, November 8, 2025 11:27 AM",Maximum Speed Limits - Freeways,Not Applicable,Not Applicable,1,Traffic Citation
39.7427553,-77.280658,"Friday, March 13, 2026 11:53 AM",Maximum Speed Limits - Freeways,Not Applicable,Not Applicable,1,Traffic Citation
39.7427554,-77.280658,"Saturday, July 5, 2025 10:28 AM",Maximum Speed Limits - Freeways,Not Applicable,Not Applicable,1,Traffic Citation
39.7427567,-77.280654,"Saturday, February 28, 2026 5:16 PM",Maximum Speed Limits - Freeways,Not Applicable,Not Applicable,1,Traffic Citation
39.742759,-77.280649,"Sunday, March 15, 2026 11:53 AM",Maximum Speed Limits - Freeways,Not Applicable,Not Applicable,1,Traffic Citation
39.7427599,-77.280647,"Saturday, May 23, 2026 7:28 PM",Maximum Speed Limits - Freeways,Not Applicable,Not Applicable,1,Traffic Citation
39.7427644,-77.280636,"Saturday, March 14, 2026 1:20 PM",Maximum Speed Limits - Freeways,Not Applicable,Not Applicable,1,Traffic Citation
39.7427649,-77.280634,"Saturday, July 5, 2025 9:50 AM",Maximum Speed Limits - Freeways,Not Applicable,Not Applicable,1,Traffic Citation
39.7427707,-77.28062,"Saturday, March 14, 2026 12:56 PM",Maximum Speed Limits - Freeways,Not Applicable,Not Applicable,1,Traffic Citation
39.7427711,-77.280619,"Friday, March 13, 2026 12:09 PM",Maximum Speed Limits - Freeways,Not Applicable,Not Applicable,1,Traffic Citation
39.7427732,-77.280614,"Sunday, March 15, 2026 10:39 AM",Maximum Speed Limits - Freeways,Not Applicable,Not Applicable,1,Traffic Citation
39.7427902,-77.280572,"Saturday, February 28, 2026 5:37 PM",Maximum Speed Limits - Freeways,Not Applicable,Not Applicable,1,Traffic Citation
39.7427953,-77.28056,"Sunday, May 24, 2026 5:25 PM",Maximum Speed Limits - Freeways,Not Applicable,Not Applicable,1,Traffic Citation
39.7427996,-77.280549,"Friday, January 9, 2026 11:27 AM",Maximum Speed Limits - Freeways,Not Applicable,Not Applicable,2,Traffic Citation
39.7428032,-77.28054,"Thursday, April 23, 2026 9:29 PM",Maximum Speed Limits - Freeways,Not Applicable,Not Applicable,1,Traffic Citation
39.742808,-77.280528,"Friday, April 10, 2026 6:27 PM",Maximum Speed Limits - Freeways,Not Applicable,Not Applicable,1,Traffic Citation
39.7428085,-77.280527,"Monday, December 29, 2025 10:32 AM",Maximum Speed Limits - Freeways,Not Applicable,Not Applicable,6,Traffic Citation
39.7428462,-77.280438,"Saturday, November 8, 2025 11:00 AM",Maximum Speed Limits - Freeways,Not Applicable,Not Applicable,1,Traffic Citation
39.7428514,-77.280425,"Monday, December 29, 2025 10:20 AM",Maximum Speed Limits - Freeways,Not Applicable,Not Applicable,1,Traffic Citation
39.7428646,-77.28039,"Saturday, May 16, 2026 12:12 PM",Maximum Speed Limits - Freeways,Not Applicable,Not Applicable,1,Traffic Citation
39.7429225,-77.280245,"Friday, May 15, 2026 10:55 AM",Maximum Speed Limits - Freeways,Not Applicable,Not Applicable,1,Traffic Citation
39.7433211,-76.661327,"Sunday, August 31, 2025 8:27 AM",Maximum Speed Limits - Freeways,Not Applicable,Not Applicable,1,Traffic Citation
39.7433837,-76.661335,"Saturday, August 30, 2025 4:52 PM",Maximum Speed Limits - Freeways,Not Applicable,Not Applicable,1,Traffic Citation
39.744382,-79.811335,"Monday, October 6, 2025 7:10 PM",Maximum Speed Limits - Freeways,Not Applicable,Not Applicable,1,Traffic Citation
39.7469502,-76.661822,"Thursday, February 12, 2026 5:09 PM",Maximum Speed Limits - Freeways,Not Applicable,Not Applicable,1,Traffic Citation
39.7480804,-77.273191,"Tuesday, December 30, 2025 12:07 PM",Maximum Speed Limits - Freeways,Not Applicable,Not Applicable,1,Traffic Citation
39.7483673,-76.66202,"Saturday, August 30, 2025 11:26 AM",Maximum Speed Limits - Freeways,Not Applicable,Not Applicable,1,Traffic Citation
39.7485146,-76.661878,"Thursday, January 1, 2026 6:26 PM",Maximum Speed Limits - Freeways,Not Applicable,Not Applicable,1,Traffic Citation
39.7488806,-77.729008,"Friday, January 2, 2026 6:24 AM",Maximum Speed Limits - Freeways,Not Applicable,Not Applicable,1,Traffic Citation
39.7490734,-77.272471,"Friday, August 15, 2025 1:45 PM",Maximum Speed Limits - Freeways,Not Applicable,Not Applicable,1,Traffic Citation
39.7494941,-77.729088,"Thursday, September 18, 2025 2:18 AM",Maximum Speed Limits - Freeways,Not Applicable,Not Applicable,1,Traffic Citation
39.7522564,-79.804595,"Saturday, October 18, 2025 5:14 PM",Maximum Speed Limits - Freeways,Not Applicable,Not Applicable,3,Traffic Citation
39.7544204,-79.802429,"Thursday, October 2, 2025 5:14 PM",Maximum Speed Limits - Freeways,Not Applicable,Not Applicable,1,Traffic Citation
39.7545707,-76.662838,"Tuesday, September 30, 2025 3:27 PM",Maximum Speed Limits - Freeways,Not Applicable,Not Applicable,1,Traffic Citation
39.7550373,-77.268044,"Wednesday, November 12, 2025 1:20 PM",Maximum Speed Limits - Freeways,Not Applicable,Not Applicable,1,Traffic Citation
39.7576572,-77.266074,"Wednesday, November 12, 2025 12:03 PM",Maximum Speed Limits - Freeways,Not Applicable,Not Applicable,1,Traffic Citation
39.7590213,-79.798405,"Friday, November 28, 2025 5:35 PM",Maximum Speed Limits - Freeways,Not Applicable,Not Applicable,1,Traffic Citation
39.7599476,-77.724586,"Monday, June 8, 2026 9:48 AM",Maximum Speed Limits - Freeways,Not Applicable,Not Applicable,1,Traffic Citation
39.759979,-77.724572,"Friday, July 4, 2025 8:49 PM",Maximum Speed Limits - Freeways,Not Applicable,Not Applicable,1,Traffic Citation
39.7604009,-77.724669,"Thursday, May 28, 2026 2:21 AM",Maximum Speed Limits - Freeways,Not Applicable,Not Applicable,1,Traffic Citation
39.7604401,-77.72436,"Thursday, July 3, 2025 4:00 PM",Maximum Speed Limits - Freeways,Not Applicable,Not Applicable,1,Traffic Citation
39.7609734,-77.724116,"Tuesday, June 9, 2026 9:32 AM",Maximum Speed Limits - Freeways,Not Applicable,Not Applicable,1,Traffic Citation
39.7617645,-76.664552,"Thursday, July 3, 2025 7:27 AM",Maximum Speed Limits - Freeways,Not Applicable,Not Applicable,1,Traffic Citation
39.7628249,-76.664862,"Saturday, August 30, 2025 6:03 PM",Maximum Speed Limits - Freeways,Not Applicable,Not Applicable,1,Traffic Citation
39.7634564,-77.723309,"Thursday, August 7, 2025 8:32 AM",Maximum Speed Limits - Freeways,Not Applicable,Not Applicable,1,Traffic Citation
39.763645,-77.72292,"Thursday, July 3, 2025 8:20 PM",Maximum Speed Limits - Freeways,Not Applicable,Not Applicable,1,Traffic Citation
39.764764,-77.722723,"Thursday, June 11, 2026 12:18 AM",Maximum Speed Limits - Freeways,Not Applicable,Not Applicable,1,Traffic Citation
39.7657062,-77.256484,"Friday, July 4, 2025 6:12 PM",Maximum Speed Limits - Freeways,Not Applicable,Not Applicable,1,Traffic Citation
39.7662865,-77.254924,"Friday, August 15, 2025 2:09 PM",Maximum Speed Limits - Freeways,Not Applicable,Not Applicable,2,Traffic Citation
39.7665164,-77.256065,"Friday, January 16, 2026 6:08 PM",Maximum Speed Limits - Freeways,Not Applicable,Not Applicable,1,Traffic Citation
39.7674828,-77.721184,"Tuesday, June 9, 2026 8:27 AM",Maximum Speed Limits - Freeways,Not Applicable,Not Applicable,1,Traffic Citation
39.7678766,-77.721319,"Thursday, June 11, 2026 3:22 AM",Maximum Speed Limits - Freeways,Not Applicable,Not Applicable,1,Traffic Citation
39.7683836,-77.249328,"Thursday, June 4, 2026 1:16 PM",Maximum Speed Limits - Freeways,Not Applicable,Not Applicable,1,Traffic Citation
39.7686244,-76.669141,"Wednesday, January 28, 2026 9:55 PM",Maximum Speed Limits - Freeways,Not Applicable,Not Applicable,1,Traffic Citation
39.7697572,-79.79006,"Friday, November 28, 2025 9:14 AM",Maximum Speed Limits - Freeways,Not Applicable,Not Applicable,1,Traffic Citation
39.7712482,-77.719496,"Tuesday, June 9, 2026 10:06 AM",Maximum Speed Limits - Freeways,Not Applicable,Not Applicable,1,Traffic Citation
39.7717028,-76.667785,"Saturday, December 27, 2025 10:47 AM",Maximum Speed Limits - Freeways,Not Applicable,Not Applicable,1,Traffic Citation
39.7717122,-76.667788,"Friday, May 15, 2026 6:25 PM",Maximum Speed Limits - Freeways,Not Applicable,Not Applicable,1,Traffic Citation
39.7719737,-77.239772,"Monday, February 9, 2026 4:03 PM",Maximum Speed Limits - Freeways,Not Applicable,Not Applicable,1,Traffic Citation
39.7722517,-77.239031,"Friday, November 7, 2025 3:17 PM",Maximum Speed Limits - Freeways,Not Applicable,Not Applicable,1,Traffic Citation
39.7730332,-77.718989,"Thursday, June 11, 2026 2:19 AM",Maximum Speed Limits - Freeways,Not Applicable,Not Applicable,1,Traffic Citation
39.7732217,-77.236446,"Sunday, May 24, 2026 12:51 PM",Maximum Speed Limits - Freeways,Not Applicable,Not Applicable,1,Traffic Citation
39.7736009,-77.235459,"Saturday, March 14, 2026 5:01 PM",Maximum Speed Limits - Freeways,Not Applicable,Not Applicable,1,Traffic Citation
39.7736693,-79.784355,"Friday, March 13, 2026 8:41 PM",Maximum Speed Limits - Freeways,Not Applicable,Not Applicable,1,Traffic Citation
39.7742976,-76.668739,"Friday, November 28, 2025 1:20 PM",Maximum Speed Limits - Freeways,Not Applicable,Not Applicable,1,Traffic Citation
39.7745819,-76.668861,"Wednesday, October 8, 2025 2:23 PM",Maximum Speed Limits - Freeways,Not Applicable,Not Applicable,2,Traffic Citation
39.7749555,-76.66902,"Monday, June 22, 2026 7:19 AM",Maximum Speed Limits - Freeways,Not Applicable,Not Applicable,1,Traffic Citation
39.7756325,-76.669325,"Tuesday, December 9, 2025 6:15 PM",Maximum Speed Limits - Freeways,Not Applicable,Not Applicable,1,Traffic Citation
39.7757336,-76.669371,"Thursday, May 7, 2026 8:41 AM",Maximum Speed Limits - Freeways,Not Applicable,Not Applicable,1,Traffic Citation
39.7766957,-77.717466,"Sunday, January 4, 2026 7:03 AM",Maximum Speed Limits - Freeways,Not Applicable,Not Applicable,1,Traffic Citation
39.7767593,-76.669895,"Tuesday, May 12, 2026 7:22 PM",Maximum Speed Limits - Freeways,Not Applicable,Not Applicable,1,Traffic Citation
39.7771516,-77.716817,"Monday, June 8, 2026 9:13 AM",Maximum Speed Limits - Freeways,Not Applicable,Not Applicable,1,Traffic Citation
39.7771789,-79.778935,"Friday, November 28, 2025 9:11 PM",Maximum Speed Limits - Freeways,Not Applicable,Not Applicable,1,Traffic Citation
39.7779416,-77.226982,"Thursday, October 30, 2025 1:13 PM",Maximum Speed Limits - Freeways,Not Applicable,Not Applicable,1,Traffic Citation
39.7780295,-77.227595,"Monday, May 25, 2026 10:13 AM",Maximum Speed Limits - Freeways,Not Applicable,Not Applicable,1,Traffic Citation
39.7781833,-76.670546,"Wednesday, November 19, 2025 8:28 PM",Maximum Speed Limits - Freeways,Not Applicable,Not Applicable,1,Traffic Citation
39.7786245,-77.226045,"Saturday, November 29, 2025 12:55 PM",Maximum Speed Limits - Freeways,Not Applicable,Not Applicable,1,Traffic Citation
39.7791835,-77.225406,"Friday, December 19, 2025 10:59 AM",Maximum Speed Limits - Freeways,Not Applicable,Not Applicable,1,Traffic Citation
39.7791927,-77.225394,"Tuesday, April 7, 2026 4:22 PM",Maximum Speed Limits - Freeways,Not Applicable,Not Applicable,1,Traffic Citation
39.7792626,-77.225305,"Sunday, December 21, 2025 11:34 AM",Maximum Speed Limits - Freeways,Not Applicable,Not Applicable,1,Traffic Citation
39.7792694,-77.225296,"Wednesday, December 17, 2025 10:02 AM",Maximum Speed Limits - Freeways,Not Applicable,Not Applicable,1,Traffic Citation
39.7793416,-77.225204,"Wednesday, December 31, 2025 10:14 AM",Maximum Speed Limits - Freeways,Not Applicable,Not Applicable,1,Traffic Citation
39.7793788,-77.225157,"Saturday, December 20, 2025 1:29 PM",Maximum Speed Limits - Freeways,Not Applicable,Not Applicable,1,Traffic Citation
39.779402,-77.225127,"Wednesday, December 31, 2025 1:04 PM",Maximum Speed Limits - Freeways,Not Applicable,Not Applicable,1,Traffic Citation
39.7796118,-77.224858,"Thursday, November 20, 2025 12:51 PM",Maximum Speed Limits - Freeways,Not Applicable,Not Applicable,1,Traffic Citation
39.7800815,-77.224263,"Wednesday, December 17, 2025 11:06 AM",Maximum Speed Limits - Freeways,Not Applicable,Not Applicable,1,Traffic Citation
39.7801084,-77.22423,"Tuesday, December 30, 2025 3:24 PM",Maximum Speed Limits - Freeways,Not Applicable,Not Applicable,1,Traffic Citation
39.784468,-77.713463,"Tuesday, April 14, 2026 7:33 PM",Maximum Speed Limits - Freeways,Not Applicable,Not Applicable,1,Traffic Citation
39.7849053,-77.219352,"Saturday, August 30, 2025 3:23 PM",Maximum Speed Limits - Freeways,Not Applicable,Not Applicable,1,Traffic Citation
39.7849711,-77.219279,"Saturday, August 30, 2025 11:26 AM",Maximum Speed Limits - Freeways,Not Applicable,Not Applicable,1,Traffic Citation
39.7850319,-77.713868,"Friday, September 19, 2025 7:38 PM",Maximum Speed Limits - Freeways,Not Applicable,Not Applicable,1,Traffic Citation
39.7876369,-77.216062,"Wednesday, November 19, 2025 4:09 PM",Maximum Speed Limits - Freeways,Not Applicable,Not Applicable,1,Traffic Citation
39.7880447,-77.215501,"Tuesday, November 18, 2025 7:01 PM",Maximum Speed Limits - Freeways,Not Applicable,Not Applicable,1,Traffic Citation
39.7905267,-77.211542,"Thursday, June 11, 2026 10:17 AM",Maximum Speed Limits - Freeways,Not Applicable,Not Applicable,1,Traffic Citation
39.7907666,-77.711807,"Wednesday, February 25, 2026 9:57 PM",Maximum Speed Limits - Freeways,Not Applicable,Not Applicable,1,Traffic Citation
39.7908243,-77.210988,"Thursday, October 30, 2025 3:37 PM",Maximum Speed Limits - Freeways,Not Applicable,Not Applicable,1,Traffic Citation
39.7910115,-77.210636,"Friday, August 8, 2025 8:57 AM",Maximum Speed Limits - Freeways,Not Applicable,Not Applicable,1,Traffic Citation
39.7910773,-77.210513,"Friday, October 17, 2025 2:26 PM",Maximum Speed Limits - Freeways,Not Applicable,Not Applicable,1,Traffic Citation
39.7911603,-77.210357,"Sunday, November 23, 2025 3:08 PM",Maximum Speed Limits - Freeways,Not Applicable,Not Applicable,1,Traffic Citation
39.7914639,-79.775948,"Saturday, January 3, 2026 9:08 AM",Maximum Speed Limits - Freeways,Not Applicable,Not Applicable,1,Traffic Citation
39.791529,-77.209667,"Sunday, September 7, 2025 3:48 PM",Maximum Speed Limits - Freeways,Not Applicable,Not Applicable,1,Traffic Citation
39.7917845,-77.209192,"Thursday, August 21, 2025 1:34 PM",Maximum Speed Limits - Freeways,Not Applicable,Not Applicable,1,Traffic Citation
39.7920692,-76.675198,"Monday, September 1, 2025 1:06 PM",Maximum Speed Limits - Freeways,Not Applicable,Not Applicable,1,Traffic Citation
39.7921482,-77.711445,"Tuesday, June 9, 2026 10:59 AM",Maximum Speed Limits - Freeways,Not Applicable,Not Applicable,1,Traffic Citation
39.7924751,-77.711683,"Thursday, July 3, 2025 7:15 AM",Maximum Speed Limits - Freeways,Not Applicable,Not Applicable,1,Traffic Citation
39.7924852,-76.675257,"Monday, June 15, 2026 9:16 AM",Maximum Speed Limits - Freeways,Not Applicable,Not Applicable,1,Traffic Citation
39.7932177,-76.67552,"Saturday, August 30, 2025 11:08 AM",Maximum Speed Limits - Freeways,Not Applicable,Not Applicable,1,Traffic Citation
39.7934373,-77.206397,"Saturday, August 30, 2025 1:17 PM",Maximum Speed Limits - Freeways,Not Applicable,Not Applicable,1,Traffic Citation
39.7938288,-76.675455,"Tuesday, September 16, 2025 7:25 AM",Maximum Speed Limits - Freeways,Not Applicable,Not Applicable,1,Traffic Citation
39.7939949,-77.710942,"Saturday, November 22, 2025 9:20 PM",Maximum Speed Limits - Freeways,Not Applicable,Not Applicable,1,Traffic Citation
39.7949241,-77.20454,"Saturday, April 4, 2026 7:20 PM",Maximum Speed Limits - Freeways,Not Applicable,Not Applicable,1,Traffic Citation
39.7951647,-76.675684,"Tuesday, September 16, 2025 9:42 AM",Maximum Speed Limits - Freeways,Not Applicable,Not Applicable,1,Traffic Citation
39.7953896,-77.710882,"Tuesday, April 28, 2026 11:03 AM",Maximum Speed Limits - Freeways,Not Applicable,Not Applicable,1,Traffic Citation
39.7954679,-77.203544,"Friday, October 31, 2025 3:32 PM",Maximum Speed Limits - Freeways,Not Applicable,Not Applicable,1,Traffic Citation
39.7959502,-77.203121,"Wednesday, February 25, 2026 5:29 PM",Maximum Speed Limits - Freeways,Not Applicable,Not Applicable,1,Traffic Citation
39.7963667,-77.20317,"Friday, October 31, 2025 3:04 PM",Maximum Speed Limits - Freeways,Not Applicable,Not Applicable,1,Traffic Citation
39.796685,-76.675984,"Tuesday, February 10, 2026 1:03 AM",Maximum Speed Limits - Freeways,Not Applicable,Not Applicable,1,Traffic Citation
39.7967771,-77.71017,"Thursday, November 13, 2025 6:02 PM",Maximum Speed Limits - Freeways,Not Applicable,Not Applicable,1,Traffic Citation
39.7967797,-77.710169,"Wednesday, October 22, 2025 10:39 PM",Maximum Speed Limits - Freeways,Not Applicable,Not Applicable,1,Traffic Citation
39.7968216,-77.198807,"Sunday, June 14, 2026 4:24 PM",Maximum Speed Limits - Freeways,Not Applicable,Not Applicable,1,Traffic Citation
39.7971867,-77.201989,"Sunday, September 7, 2025 3:34 PM",Maximum Speed Limits - Freeways,Not Applicable,Not Applicable,1,Traffic Citation
39.798059,-77.199841,"Wednesday, November 19, 2025 3:34 PM",Maximum Speed Limits - Freeways,Not Applicable,Not Applicable,1,Traffic Citation
39.7982422,-77.201712,"Saturday, April 18, 2026 4:37 PM",Maximum Speed Limits - Freeways,Not Applicable,Not Applicable,1,Traffic Citation
39.7991442,-77.201065,"Saturday, January 3, 2026 1:47 PM",Maximum Speed Limits - Freeways,Not Applicable,Not Applicable,1,Traffic Citation
39.7992667,-76.676776,"Tuesday, July 15, 2025 8:56 PM",Maximum Speed Limits - Freeways,Not Applicable,Not Applicable,1,Traffic Citation
39.7994852,-77.200498,"Saturday, August 30, 2025 3:39 PM",Maximum Speed Limits - Freeways,Not Applicable,Not Applicable,1,Traffic Citation
39.7997771,-77.201631,"Friday, June 12, 2026 4:53 PM",Maximum Speed Limits - Freeways,Not Applicable,Not Applicable,1,Traffic Citation
39.7998368,-76.676772,"Tuesday, December 9, 2025 6:27 PM",Maximum Speed Limits - Freeways,Not Applicable,Not Applicable,1,Traffic Citation
39.8002751,-77.200292,"Friday, November 21, 2025 4:36 PM",Maximum Speed Limits - Freeways,Not Applicable,Not Applicable,1,Traffic Citation
39.8003569,-77.199877,"Saturday, April 18, 2026 3:33 PM",Maximum Speed Limits - Freeways,Not Applicable,Not Applicable,1,Traffic Citation
39.8004896,-76.676955,"Friday, August 29, 2025 2:08 PM",Maximum Speed Limits - Freeways,Not Applicable,Not Applicable,1,Traffic Citation
39.8015991,-76.677266,"Saturday, November 29, 2025 6:14 PM",Maximum Speed Limits - Freeways,Not Applicable,Not Applicable,1,Traffic Citation
39.801618,-80.081966,"Saturday, May 23, 2026 1:27 PM",Maximum Speed Limits - Freeways,Not Applicable,Not Applicable,1,Traffic Citation
39.8018353,-77.19918,"Monday, October 20, 2025 2:28 PM",Maximum Speed Limits - Freeways,Not Applicable,Not Applicable,1,Traffic Citation
39.8022923,-77.708369,"Saturday, December 20, 2025 11:50 AM",Maximum Speed Limits - Freeways,Not Applicable,Not Applicable,3,Traffic Citation
39.8027315,-80.083325,"Saturday, January 17, 2026 10:53 AM",Maximum Speed Limits - Freeways,Not Applicable,Not Applicable,1,Traffic Citation
39.8027752,-77.198491,"Saturday, March 14, 2026 5:48 PM",Maximum Speed Limits - Freeways,Not Applicable,Not Applicable,1,Traffic Citation
39.8028026,-77.198471,"Tuesday, October 21, 2025 2:43 PM",Maximum Speed Limits - Freeways,Not Applicable,Not Applicable,1,Traffic Citation
39.8030539,-77.198284,"Wednesday, November 19, 2025 3:16 PM",Maximum Speed Limits - Freeways,Not Applicable,Not Applicable,1,Traffic Citation
39.8032111,-77.198167,"Wednesday, August 13, 2025 1:49 PM",Maximum Speed Limits - Freeways,Not Applicable,Not Applicable,1,Traffic Citation
39.8032766,-76.677909,"Friday, May 15, 2026 2:26 AM",Maximum Speed Limits - Freeways,Not Applicable,Not Applicable,1,Traffic Citation
39.8039488,-77.70768,"Wednesday, May 13, 2026 7:15 AM",Maximum Speed Limits - Freeways,Not Applicable,Not Applicable,1,Traffic Citation
39.8039974,-76.678109,"Thursday, August 7, 2025 6:09 PM",Maximum Speed Limits - Freeways,Not Applicable,Not Applicable,1,Traffic Citation
39.8040074,-77.197256,"Saturday, March 14, 2026 5:29 PM",Maximum Speed Limits - Freeways,Not Applicable,Not Applicable,1,Traffic Citation
39.8048384,-76.67834,"Tuesday, March 24, 2026 9:57 AM",Maximum Speed Limits - Freeways,Not Applicable,Not Applicable,1,Traffic Citation
39.8050886,-77.196493,"Sunday, September 7, 2025 4:00 PM",Maximum Speed Limits - Freeways,Not Applicable,Not Applicable,1,Traffic Citation
39.805291,-80.087629,"Wednesday, December 17, 2025 1:06 PM",Maximum Speed Limits - Freeways,Not Applicable,Not Applicable,1,Traffic Citation
39.8053636,-76.678321,"Sunday, October 26, 2025 9:50 AM",Maximum Speed Limits - Freeways,Not Applicable,Not Applicable,1,Traffic Citation
39.8054115,-80.087852,"Friday, July 4, 2025 7:58 AM",Maximum Speed Limits - Freeways,Not Applicable,Not Applicable,1,Traffic Citation
39.8055416,-80.088093,"Tuesday, August 26, 2025 10:20 AM",Maximum Speed Limits - Freeways,Not Applicable,Not Applicable,1,Traffic Citation
39.8056673,-77.196208,"Tuesday, November 18, 2025 6:22 PM",Maximum Speed Limits - Freeways,Not Applicable,Not Applicable,1,Traffic Citation
39.8056837,-77.196228,"Tuesday, November 18, 2025 6:43 PM",Maximum Speed Limits - Freeways,Not Applicable,Not Applicable,1,Traffic Citation
39.8056956,-80.088378,"Tuesday, August 26, 2025 7:35 AM",Maximum Speed Limits - Freeways,Not Applicable,Not Applicable,1,Traffic Citation
39.8057187,-80.088422,"Tuesday, August 26, 2025 8:52 AM",Maximum Speed Limits - Freeways,Not Applicable,Not Applicable,1,Traffic Citation
39.8057579,-80.088497,"Wednesday, February 18, 2026 2:11 PM",Maximum Speed Limits - Freeways,Not Applicable,Not Applicable,1,Traffic Citation
39.8057705,-80.088521,"Wednesday, January 7, 2026 12:19 PM",Maximum Speed Limits - Freeways,Not Applicable,Not Applicable,1,Traffic Citation
39.8058417,-80.088656,"Tuesday, August 26, 2025 8:24 AM",Maximum Speed Limits - Freeways,Not Applicable,Not Applicable,1,Traffic Citation
39.8058679,-80.088706,"Tuesday, September 9, 2025 12:46 PM",Maximum Speed Limits - Freeways,Not Applicable,Not Applicable,1,Traffic Citation
39.8059575,-80.088876,"Tuesday, September 9, 2025 12:04 PM",Maximum Speed Limits - Freeways,Not Applicable,Not Applicable,1,Traffic Citation
39.8060091,-80.088971,"Tuesday, August 26, 2025 8:05 AM",Maximum Speed Limits - Freeways,Not Applicable,Not Applicable,1,Traffic Citation
39.8060255,-76.678506,"Wednesday, October 8, 2025 1:13 PM",Maximum Speed Limits - Freeways,Not Applicable,Not Applicable,1,Traffic Citation
39.8060993,-80.089136,"Tuesday, August 26, 2025 7:12 AM",Maximum Speed Limits - Freeways,Not Applicable,Not Applicable,1,Traffic Citation
39.8062759,-80.089459,"Tuesday, August 26, 2025 9:38 AM",Maximum Speed Limits - Freeways,Not Applicable,Not Applicable,1,Traffic Citation
39.8065215,-80.089909,"Saturday, March 14, 2026 1:21 PM",Maximum Speed Limits - Freeways,Not Applicable,Not Applicable,1,Traffic Citation
39.8065589,-80.089845,"Thursday, September 11, 2025 1:24 PM",Maximum Speed Limits - Freeways,Not Applicable,Not Applicable,1,Traffic Citation
39.8065867,-80.090031,"Thursday, September 11, 2025 12:49 PM",Maximum Speed Limits - Freeways,Not Applicable,Not Applicable,1,Traffic Citation
39.8066321,-80.090116,"Tuesday, December 16, 2025 4:29 PM",Maximum Speed Limits - Freeways,Not Applicable,Not Applicable,1,Traffic Citation
39.8066558,-80.09016,"Monday, February 9, 2026 12:45 PM",Maximum Speed Limits - Freeways,Not Applicable,Not Applicable,1,Traffic Citation
39.806664,-76.678685,"Thursday, January 22, 2026 6:24 PM",Maximum Speed Limits - Freeways,Not Applicable,Not Applicable,1,Traffic Citation
39.806677,-80.0902,"Monday, February 9, 2026 8:33 AM",Maximum Speed Limits - Freeways,Not Applicable,Not Applicable,1,Traffic Citation
39.8067229,-80.090286,"Monday, February 9, 2026 12:19 PM",Maximum Speed Limits - Freeways,Not Applicable,Not Applicable,1,Traffic Citation
39.8067529,-80.090343,"Monday, February 9, 2026 8:53 AM",Maximum Speed Limits - Freeways,Not Applicable,Not Applicable,1,Traffic Citation
39.8068875,-80.090597,"Monday, February 9, 2026 8:08 AM",Maximum Speed Limits - Freeways,Not Applicable,Not Applicable,1,Traffic Citation
39.8069383,-80.090694,"Thursday, December 4, 2025 4:19 PM",Maximum Speed Limits - Freeways,Not Applicable,Not Applicable,1,Traffic Citation
39.8069661,-80.090747,"Tuesday, June 2, 2026 11:40 AM",Maximum Speed Limits - Freeways,Not Applicable,Not Applicable,1,Traffic Citation
39.8070028,-76.67878,"Tuesday, September 16, 2025 8:48 AM",Maximum Speed Limits - Freeways,Not Applicable,Not Applicable,1,Traffic Citation
39.8070082,-80.090828,"Saturday, April 4, 2026 12:31 PM",Maximum Speed Limits - Freeways,Not Applicable,Not Applicable,1,Traffic Citation
39.8070631,-80.090933,"Monday, October 6, 2025 9:10 AM",Maximum Speed Limits - Freeways,Not Applicable,Not Applicable,1,Traffic Citation
39.8074949,-76.678918,"Tuesday, September 16, 2025 9:19 AM",Maximum Speed Limits - Freeways,Not Applicable,Not Applicable,1,Traffic Citation
39.8075279,-80.091817,"Saturday, October 4, 2025 11:32 AM",Maximum Speed Limits - Freeways,Not Applicable,Not Applicable,1,Traffic Citation
39.8076193,-76.678953,"Tuesday, September 16, 2025 10:23 AM",Maximum Speed Limits - Freeways,Not Applicable,Not Applicable,1,Traffic Citation
39.8076379,-80.092021,"Saturday, October 4, 2025 12:03 PM",Maximum Speed Limits - Freeways,Not Applicable,Not Applicable,1,Traffic Citation
39.8076543,-76.678963,"Wednesday, October 8, 2025 12:21 PM",Maximum Speed Limits - Freeways,Not Applicable,Not Applicable,1,Traffic Citation
39.8078104,-77.194756,"Wednesday, February 25, 2026 4:07 PM",Maximum Speed Limits - Freeways,Not Applicable,Not Applicable,1,Traffic Citation
39.8081946,-80.092791,"Saturday, October 4, 2025 1:09 PM",Maximum Speed Limits - Freeways,Not Applicable,Not Applicable,1,Traffic Citation
39.80852,-79.782883,"Wednesday, June 24, 2026 5:40 AM",Maximum Speed Limits - Freeways,Not Applicable,Not Applicable,1,Traffic Citation
39.8087788,-76.679311,"Wednesday, October 8, 2025 12:39 PM",Maximum Speed Limits - Freeways,Not Applicable,Not Applicable,1,Traffic Citation
39.8093055,-77.19467,"Wednesday, December 31, 2025 2:02 PM",Maximum Speed Limits - Freeways,Not Applicable,Not Applicable,1,Traffic Citation
39.8093689,-80.094045,"Saturday, October 4, 2025 1:31 PM",Maximum Speed Limits - Freeways,Not Applicable,Not Applicable,1,Traffic Citation
39.8094281,-80.094081,"Saturday, October 11, 2025 12:52 PM",Maximum Speed Limits - Freeways,Not Applicable,Not Applicable,1,Traffic Citation
39.8094666,-80.094105,"Monday, October 6, 2025 8:51 AM",Maximum Speed Limits - Freeways,Not Applicable,Not Applicable,2,Traffic Citation
39.8096053,-80.094198,"Saturday, October 4, 2025 12:46 PM",Maximum Speed Limits - Freeways,Not Applicable,Not Applicable,1,Traffic Citation
39.8097516,-79.782393,"Wednesday, June 24, 2026 6:09 AM",Maximum Speed Limits - Freeways,Not Applicable,Not Applicable,1,Traffic Citation
39.8099309,-76.67965,"Saturday, November 29, 2025 4:45 PM",Maximum Speed Limits - Freeways,Not Applicable,Not Applicable,1,Traffic Citation
39.8103362,-77.70505,"Wednesday, August 6, 2025 8:51 AM",Maximum Speed Limits - Freeways,Not Applicable,Not Applicable,1,Traffic Citation
39.8104281,-77.705011,"Wednesday, August 6, 2025 9:11 AM",Maximum Speed Limits - Freeways,Not Applicable,Not Applicable,1,Traffic Citation
39.8104645,-77.704706,"Sunday, October 19, 2025 4:38 AM",Maximum Speed Limits - Freeways,Not Applicable,Not Applicable,1,Traffic Citation
39.810491,-77.704984,"Tuesday, June 9, 2026 10:56 AM",Maximum Speed Limits - Freeways,Not Applicable,Not Applicable,1,Traffic Citation
39.810515,-77.704974,"Thursday, July 3, 2025 9:47 AM",Maximum Speed Limits - Freeways,Not Applicable,Not Applicable,1,Traffic Citation
39.8105416,-77.704963,"Thursday, July 3, 2025 9:23 AM",Maximum Speed Limits - Freeways,Not Applicable,Not Applicable,1,Traffic Citation
39.8105683,-77.704952,"Friday, September 19, 2025 9:18 PM",Maximum Speed Limits - Freeways,Not Applicable,Not Applicable,1,Traffic Citation
39.8105841,-77.704659,"Sunday, August 31, 2025 8:06 PM",Maximum Speed Limits - Freeways,Not Applicable,Not Applicable,2,Traffic Citation
39.8105923,-77.704655,"Wednesday, December 31, 2025 1:30 AM",Maximum Speed Limits - Freeways,Not Applicable,Not Applicable,1,Traffic Citation
39.8106432,-77.70492,"Thursday, July 3, 2025 2:31 PM",Maximum Speed Limits - Freeways,Not Applicable,Not Applicable,1,Traffic Citation
39.8106499,-77.704632,"Wednesday, December 31, 2025 12:22 AM",Maximum Speed Limits - Freeways,Not Applicable,Not Applicable,2,Traffic Citation
39.8106662,-77.70491,"Friday, September 19, 2025 8:02 PM",Maximum Speed Limits - Freeways,Not Applicable,Not Applicable,1,Traffic Citation
39.8106811,-77.704904,"Thursday, July 3, 2025 8:18 AM",Maximum Speed Limits - Freeways,Not Applicable,Not Applicable,1,Traffic Citation
39.8107189,-77.704605,"Friday, September 19, 2025 7:38 PM",Maximum Speed Limits - Freeways,Not Applicable,Not Applicable,1,Traffic Citation
39.8107276,-77.704884,"Friday, September 19, 2025 6:53 PM",Maximum Speed Limits - Freeways,Not Applicable,Not Applicable,1,Traffic Citation
39.8107462,-77.704876,"Friday, September 19, 2025 8:19 PM",Maximum Speed Limits - Freeways,Not Applicable,Not Applicable,1,Traffic Citation
39.8107708,-77.704584,"Friday, September 19, 2025 7:11 PM",Maximum Speed Limits - Freeways,Not Applicable,Not Applicable,1,Traffic Citation
39.8108035,-77.704571,"Friday, September 19, 2025 9:03 PM",Maximum Speed Limits - Freeways,Not Applicable,Not Applicable,1,Traffic Citation
39.811291,-77.194479,"Friday, February 13, 2026 1:41 PM",Maximum Speed Limits - Freeways,Not Applicable,Not Applicable,1,Traffic Citation
39.8119631,-77.704108,"Saturday, August 30, 2025 5:23 PM",Maximum Speed Limits - Freeways,Not Applicable,Not Applicable,1,Traffic Citation
39.8122589,-76.680311,"Tuesday, September 16, 2025 8:06 AM",Maximum Speed Limits - Freeways,Not Applicable,Not Applicable,1,Traffic Citation
39.8129395,-77.194145,"Saturday, December 20, 2025 1:15 PM",Maximum Speed Limits - Freeways,Not Applicable,Not Applicable,1,Traffic Citation
39.813396,-77.194811,"Monday, December 15, 2025 3:57 PM",Maximum Speed Limits - Freeways,Not Applicable,Not Applicable,1,Traffic Citation
39.8141971,-77.195091,"Saturday, November 29, 2025 2:44 PM",Maximum Speed Limits - Freeways,Not Applicable,Not Applicable,1,Traffic Citation
39.8147072,-77.703086,"Saturday, March 14, 2026 8:59 PM",Maximum Speed Limits - Freeways,Not Applicable,Not Applicable,1,Traffic Citation
39.8149042,-77.703013,"Wednesday, September 10, 2025 11:45 PM",Maximum Speed Limits - Freeways,Not Applicable,Not Applicable,1,Traffic Citation
39.8149874,-77.702983,"Tuesday, June 16, 2026 2:43 PM",Maximum Speed Limits - Freeways,Not Applicable,Not Applicable,1,Traffic Citation
39.8158805,-79.779092,"Monday, December 8, 2025 4:06 PM",Maximum Speed Limits - Freeways,Not Applicable,Not Applicable,3,Traffic Citation
39.8159435,-77.195901,"Sunday, May 31, 2026 3:53 PM",Maximum Speed Limits - Freeways,Not Applicable,Not Applicable,1,Traffic Citation
39.8167672,-77.196287,"Wednesday, February 25, 2026 4:22 PM",Maximum Speed Limits - Freeways,Not Applicable,Not Applicable,1,Traffic Citation
39.816857,-77.196326,"Saturday, August 30, 2025 11:05 AM",Maximum Speed Limits - Freeways,Not Applicable,Not Applicable,1,Traffic Citation
39.8170007,-77.19639,"Sunday, December 7, 2025 8:49 AM",Maximum Speed Limits - Freeways,Not Applicable,Not Applicable,1,Traffic Citation
39.8170992,-77.196433,"Friday, September 19, 2025 7:32 AM",Maximum Speed Limits - Freeways,Not Applicable,Not Applicable,1,Traffic Citation
39.8174209,-77.196576,"Sunday, September 7, 2025 3:04 PM",Maximum Speed Limits - Freeways,Not Applicable,Not Applicable,1,Traffic Citation
39.8175479,-77.702155,"Thursday, November 27, 2025 8:51 PM",Maximum Speed Limits - Freeways,Not Applicable,Not Applicable,1,Traffic Citation
39.8176047,-77.702137,"Wednesday, December 24, 2025 8:52 AM",Maximum Speed Limits - Freeways,Not Applicable,Not Applicable,1,Traffic Citation
39.8183628,-77.701909,"Friday, January 2, 2026 10:32 AM",Maximum Speed Limits - Freeways,Not Applicable,Not Applicable,1,Traffic Citation
39.8186416,-77.196732,"Friday, August 15, 2025 2:26 PM",Maximum Speed Limits - Freeways,Not Applicable,Not Applicable,1,Traffic Citation
39.8187465,-77.196786,"Sunday, June 14, 2026 3:44 PM",Maximum Speed Limits - Freeways,Not Applicable,Not Applicable,1,Traffic Citation
39.8187848,-77.197203,"Saturday, November 29, 2025 9:39 AM",Maximum Speed Limits - Freeways,Not Applicable,Not Applicable,1,Traffic Citation
39.8192575,-76.682315,"Sunday, December 21, 2025 3:43 PM",Maximum Speed Limits - Freeways,Not Applicable,Not Applicable,1,Traffic Citation
39.8193246,-77.197453,"Saturday, November 29, 2025 4:11 PM",Maximum Speed Limits - Freeways,Not Applicable,Not Applicable,1,Traffic Citation
39.8195906,-77.197211,"Wednesday, June 3, 2026 9:31 AM",Maximum Speed Limits - Freeways,Not Applicable,Not Applicable,1,Traffic Citation
39.8197118,-77.197632,"Sunday, September 28, 2025 8:06 PM",Maximum Speed Limits - Freeways,Not Applicable,Not Applicable,1,Traffic Citation
39.8201549,-77.701648,"Wednesday, May 13, 2026 6:31 AM",Maximum Speed Limits - Freeways,Not Applicable,Not Applicable,1,Traffic Citation
39.820239,-77.197511,"Friday, October 17, 2025 2:38 PM",Maximum Speed Limits - Freeways,Not Applicable,Not Applicable,1,Traffic Citation
39.8203308,-77.19755,"Friday, June 12, 2026 4:02 PM",Maximum Speed Limits - Freeways,Not Applicable,Not Applicable,1,Traffic Citation
39.8204464,-79.774158,"Sunday, May 24, 2026 6:46 PM",Maximum Speed Limits - Freeways,Not Applicable,Not Applicable,1,Traffic Citation
39.8204864,-77.197967,"Tuesday, October 7, 2025 2:27 PM",Maximum Speed Limits - Freeways,Not Applicable,Not Applicable,1,Traffic Citation
39.820562,-77.19764,"Sunday, November 23, 2025 3:36 PM",Maximum Speed Limits - Freeways,Not Applicable,Not Applicable,1,Traffic Citation
39.8206975,-77.197692,"Tuesday, June 30, 2026 2:13 PM",Maximum Speed Limits - Freeways,Not Applicable,Not Applicable,1,Traffic Citation
39.8209788,-77.198138,"Tuesday, September 30, 2025 11:11 AM",Maximum Speed Limits - Freeways,Not Applicable,Not Applicable,1,Traffic Citation
39.8210754,-76.68283,"Saturday, August 30, 2025 8:48 PM",Maximum Speed Limits - Freeways,Not Applicable,Not Applicable,1,Traffic Citation
39.8214269,-77.198263,"Saturday, November 22, 2025 3:17 PM",Maximum Speed Limits - Freeways,Not Applicable,Not Applicable,1,Traffic Citation
39.8217579,-79.772993,"Friday, November 21, 2025 1:14 PM",Maximum Speed Limits - Freeways,Not Applicable,Not Applicable,4,Traffic Citation
39.8218893,-76.683216,"Tuesday, November 25, 2025 2:41 AM",Maximum Speed Limits - Freeways,Not Applicable,Not Applicable,2,Traffic Citation
39.8220695,-77.701053,"Monday, March 23, 2026 12:31 AM",Maximum Speed Limits - Freeways,Not Applicable,Not Applicable,1,Traffic Citation
39.8222277,-77.189603,"Sunday, December 7, 2025 9:29 AM",Maximum Speed Limits - Freeways,Not Applicable,Not Applicable,1,Traffic Citation
39.8226703,-77.70055,"Tuesday, February 24, 2026 8:45 AM",Maximum Speed Limits - Freeways,Not Applicable,Not Applicable,1,Traffic Citation
39.8229643,-76.683523,"Tuesday, February 10, 2026 2:27 PM",Maximum Speed Limits - Freeways,Not Applicable,Not Applicable,1,Traffic Citation
39.8236346,-76.683556,"Tuesday, April 14, 2026 2:01 PM",Maximum Speed Limits - Freeways,Not Applicable,Not Applicable,1,Traffic Citation
39.8240103,-79.770355,"Tuesday, November 11, 2025 4:36 PM",Maximum Speed Limits - Freeways,Not Applicable,Not Applicable,1,Traffic Citation
39.8242299,-79.770105,"Wednesday, June 17, 2026 9:08 AM",Maximum Speed Limits - Freeways,Not Applicable,Not Applicable,1,Traffic Citation
39.8242534,-77.198441,"Monday, December 22, 2025 12:15 PM",Maximum Speed Limits - Freeways,Not Applicable,Not Applicable,1,Traffic Citation
39.8242652,-77.198439,"Friday, September 26, 2025 7:19 PM",Maximum Speed Limits - Freeways,Not Applicable,Not Applicable,1,Traffic Citation
39.8243637,-76.683756,"Sunday, January 4, 2026 2:57 PM",Maximum Speed Limits - Freeways,Not Applicable,Not Applicable,1,Traffic Citation
39.8245146,-77.198408,"Sunday, March 15, 2026 8:49 AM",Maximum Speed Limits - Freeways,Not Applicable,Not Applicable,1,Traffic Citation
39.8247073,-79.76956,"Monday, March 16, 2026 12:09 PM",Maximum Speed Limits - Freeways,Not Applicable,Not Applicable,2,Traffic Citation
39.8247412,-77.198484,"Saturday, September 20, 2025 6:52 AM",Maximum Speed Limits - Freeways,Not Applicable,Not Applicable,1,Traffic Citation
39.8248672,-77.700181,"Wednesday, May 13, 2026 6:48 AM",Maximum Speed Limits - Freeways,Not Applicable,Not Applicable,1,Traffic Citation
39.8251948,-77.198274,"Friday, August 29, 2025 5:13 PM",Maximum Speed Limits - Freeways,Not Applicable,Not Applicable,1,Traffic Citation
39.8253606,-77.699707,"Thursday, June 18, 2026 11:25 PM",Maximum Speed Limits - Freeways,Not Applicable,Not Applicable,2,Traffic Citation
39.8254193,-76.683941,"Sunday, August 17, 2025 12:17 PM",Maximum Speed Limits - Freeways,Not Applicable,Not Applicable,1,Traffic Citation
39.8254275,-77.700011,"Friday, November 21, 2025 11:53 AM",Maximum Speed Limits - Freeways,Not Applicable,Not Applicable,1,Traffic Citation
39.825567,-77.198184,"Saturday, March 21, 2026 5:54 PM",Maximum Speed Limits - Freeways,Not Applicable,Not Applicable,1,Traffic Citation
39.8257108,-77.197793,"Friday, October 31, 2025 3:41 PM",Maximum Speed Limits - Freeways,Not Applicable,Not Applicable,1,Traffic Citation
39.8257508,-77.198137,"Thursday, December 18, 2025 12:17 PM",Maximum Speed Limits - Freeways,Not Applicable,Not Applicable,1,Traffic Citation
39.8260728,-77.198055,"Saturday, April 4, 2026 5:44 PM",Maximum Speed Limits - Freeways,Not Applicable,Not Applicable,1,Traffic Citation
39.8260906,-77.699481,"Friday, December 19, 2025 12:42 PM",Maximum Speed Limits - Freeways,Not Applicable,Not Applicable,1,Traffic Citation
39.8263639,-76.684283,"Tuesday, February 10, 2026 4:57 PM",Maximum Speed Limits - Freeways,Not Applicable,Not Applicable,1,Traffic Citation
39.82641,-77.19797,"Sunday, March 15, 2026 9:30 PM",Maximum Speed Limits - Freeways,Not Applicable,Not Applicable,1,Traffic Citation
39.826907,-76.684553,"Friday, November 28, 2025 11:51 AM",Maximum Speed Limits - Freeways,Not Applicable,Not Applicable,1,Traffic Citation
39.8275385,-77.699354,"Friday, September 5, 2025 12:26 PM",Maximum Speed Limits - Freeways,Not Applicable,Not Applicable,1,Traffic Citation
39.8277702,-79.766065,"Saturday, November 29, 2025 10:52 AM",Maximum Speed Limits - Freeways,Not Applicable,Not Applicable,1,Traffic Citation
39.8281002,-76.684696,"Monday, February 23, 2026 5:19 AM",Maximum Speed Limits - Freeways,Not Applicable,Not Applicable,1,Traffic Citation
39.8282239,-77.197562,"Tuesday, October 7, 2025 2:50 PM",Maximum Speed Limits - Freeways,Not Applicable,Not Applicable,1,Traffic Citation
39.828502,-77.197464,"Saturday, May 30, 2026 3:59 PM",Maximum Speed Limits - Freeways,Not Applicable,Not Applicable,1,Traffic Citation
39.8285543,-76.684936,"Sunday, July 6, 2025 4:29 PM",Maximum Speed Limits - Freeways,Not Applicable,Not Applicable,1,Traffic Citation
39.8287029,-77.197415,"Saturday, March 21, 2026 4:17 PM",Maximum Speed Limits - Freeways,Not Applicable,Not Applicable,1,Traffic Citation
39.8293761,-77.197256,"Saturday, March 14, 2026 10:13 AM",Maximum Speed Limits - Freeways,Not Applicable,Not Applicable,1,Traffic Citation
39.8294854,-77.19723,"Friday, November 28, 2025 8:48 AM",Maximum Speed Limits - Freeways,Not Applicable,Not Applicable,1,Traffic Citation
39.8297519,-77.196736,"Tuesday, October 28, 2025 9:53 PM",Maximum Speed Limits - Freeways,Not Applicable,Not Applicable,1,Traffic Citation
39.8298653,-77.197138,"Sunday, March 15, 2026 9:19 AM",Maximum Speed Limits - Freeways,Not Applicable,Not Applicable,1,Traffic Citation
39.8302158,-77.197053,"Tuesday, October 7, 2025 3:14 PM",Maximum Speed Limits - Freeways,Not Applicable,Not Applicable,1,Traffic Citation
39.83031,-76.685146,"Saturday, September 13, 2025 7:13 PM",Maximum Speed Limits - Freeways,Not Applicable,Not Applicable,1,Traffic Citation
39.8306081,-76.685212,"Wednesday, July 16, 2025 7:28 PM",Maximum Speed Limits - Freeways,Not Applicable,Not Applicable,1,Traffic Citation
39.8309041,-77.196433,"Sunday, June 14, 2026 4:40 PM",Maximum Speed Limits - Freeways,Not Applicable,Not Applicable,1,Traffic Citation
39.8314149,-77.196293,"Tuesday, December 9, 2025 11:32 AM",Maximum Speed Limits - Freeways,Not Applicable,Not Applicable,1,Traffic Citation
39.8315105,-79.762187,"Tuesday, February 24, 2026 12:13 PM",Maximum Speed Limits - Freeways,Not Applicable,Not Applicable,1,Traffic Citation
39.8316539,-77.697691,"Wednesday, August 6, 2025 7:40 AM",Maximum Speed Limits - Freeways,Not Applicable,Not Applicable,1,Traffic Citation
39.8317511,-76.68562,"Friday, March 27, 2026 7:16 PM",Maximum Speed Limits - Freeways,Not Applicable,Not Applicable,1,Traffic Citation
39.8318617,-77.196164,"Saturday, November 29, 2025 8:38 PM",Maximum Speed Limits - Freeways,Not Applicable,Not Applicable,1,Traffic Citation
39.8318646,-76.685483,"Saturday, January 24, 2026 1:05 AM",Maximum Speed Limits - Freeways,Not Applicable,Not Applicable,1,Traffic Citation
39.8318725,-77.697582,"Wednesday, May 13, 2026 7:41 AM",Maximum Speed Limits - Freeways,Not Applicable,Not Applicable,1,Traffic Citation
39.8319262,-77.196146,"Saturday, January 3, 2026 10:33 AM",Maximum Speed Limits - Freeways,Not Applicable,Not Applicable,1,Traffic Citation
39.8320468,-77.196112,"Saturday, August 16, 2025 1:39 PM",Maximum Speed Limits - Freeways,Not Applicable,Not Applicable,1,Traffic Citation
39.8324779,-76.685615,"Tuesday, September 16, 2025 9:58 AM",Maximum Speed Limits - Freeways,Not Applicable,Not Applicable,1,Traffic Citation
39.8327347,-77.196414,"Thursday, September 18, 2025 10:01 AM",Maximum Speed Limits - Freeways,Not Applicable,Not Applicable,1,Traffic Citation
39.8327601,-77.196408,"Thursday, November 27, 2025 12:39 PM",Maximum Speed Limits - Freeways,Not Applicable,Not Applicable,1,Traffic Citation
39.8327816,-77.196403,"Thursday, December 18, 2025 10:36 AM",Maximum Speed Limits - Freeways,Not Applicable,Not Applicable,1,Traffic Citation
39.8330287,-77.195844,"Sunday, September 7, 2025 12:01 PM",Maximum Speed Limits - Freeways,Not Applicable,Not Applicable,1,Traffic Citation
39.8330318,-77.195843,"Sunday, September 7, 2025 11:13 AM",Maximum Speed Limits - Freeways,Not Applicable,Not Applicable,1,Traffic Citation
39.8331535,-77.196305,"Wednesday, October 1, 2025 11:53 AM",Maximum Speed Limits - Freeways,Not Applicable,Not Applicable,1,Traffic Citation
39.8331546,-79.76114,"Friday, February 27, 2026 8:35 PM",Maximum Speed Limits - Freeways,Not Applicable,Not Applicable,2,Traffic Citation
39.8331597,-77.196279,"Monday, October 13, 2025 11:57 AM",Maximum Speed Limits - Freeways,Not Applicable,Not Applicable,1,Traffic Citation
39.8331949,-77.696589,"Sunday, March 1, 2026 7:05 AM",Maximum Speed Limits - Freeways,Not Applicable,Not Applicable,1,Traffic Citation
39.8331981,-79.761107,"Sunday, March 1, 2026 5:47 PM",Maximum Speed Limits - Freeways,Not Applicable,Not Applicable,1,Traffic Citation
39.8332043,-77.196293,"Sunday, August 10, 2025 12:43 PM",Maximum Speed Limits - Freeways,Not Applicable,Not Applicable,1,Traffic Citation
39.8332481,-77.196284,"Saturday, March 28, 2026 7:03 AM",Maximum Speed Limits - Freeways,Not Applicable,Not Applicable,1,Traffic Citation
39.8332497,-77.195784,"Friday, April 3, 2026 8:37 AM",Maximum Speed Limits - Freeways,Not Applicable,Not Applicable,1,Traffic Citation
39.833258,-77.196282,"Sunday, November 23, 2025 6:54 AM",Maximum Speed Limits - Freeways,Not Applicable,Not Applicable,1,Traffic Citation
39.8332608,-77.196282,"Saturday, March 28, 2026 6:39 AM",Maximum Speed Limits - Freeways,Not Applicable,Not Applicable,1,Traffic Citation
39.8332644,-77.196281,"Monday, October 13, 2025 12:35 PM",Maximum Speed Limits - Freeways,Not Applicable,Not Applicable,1,Traffic Citation
39.8332793,-77.196278,"Monday, October 13, 2025 12:16 PM",Maximum Speed Limits - Freeways,Not Applicable,Not Applicable,1,Traffic Citation
39.8332877,-77.196276,"Saturday, January 10, 2026 6:40 AM",Maximum Speed Limits - Freeways,Not Applicable,Not Applicable,1,Traffic Citation
39.8335144,-77.196217,"Saturday, August 16, 2025 2:02 PM",Maximum Speed Limits - Freeways,Not Applicable,Not Applicable,1,Traffic Citation
39.8335994,-76.685854,"Tuesday, February 10, 2026 9:16 AM",Maximum Speed Limits - Freeways,Not Applicable,Not Applicable,1,Traffic Citation
39.8338583,-77.195618,"Saturday, November 15, 2025 2:11 PM",Maximum Speed Limits - Freeways,Not Applicable,Not Applicable,1,Traffic Citation
39.8339098,-79.760579,"Friday, November 21, 2025 12:56 PM",Maximum Speed Limits - Freeways,Not Applicable,Not Applicable,1,Traffic Citation
39.8339423,-77.196104,"Saturday, January 3, 2026 7:29 PM",Maximum Speed Limits - Freeways,Not Applicable,Not Applicable,1,Traffic Citation
39.8340503,-77.19557,"Tuesday, December 9, 2025 10:26 AM",Maximum Speed Limits - Freeways,Not Applicable,Not Applicable,1,Traffic Citation
39.8341632,-77.195543,"Wednesday, December 24, 2025 7:07 PM",Maximum Speed Limits - Freeways,Not Applicable,Not Applicable,1,Traffic Citation
39.8344598,-77.195472,"Saturday, November 15, 2025 1:55 PM",Maximum Speed Limits - Freeways,Not Applicable,Not Applicable,1,Traffic Citation
39.8344989,-76.686045,"Tuesday, February 24, 2026 10:42 PM",Maximum Speed Limits - Freeways,Not Applicable,Not Applicable,1,Traffic Citation
39.8347116,-77.195922,"Tuesday, November 4, 2025 4:09 PM",Maximum Speed Limits - Freeways,Not Applicable,Not Applicable,1,Traffic Citation
39.8357763,-77.19515,"Sunday, November 30, 2025 8:35 PM",Maximum Speed Limits - Freeways,Not Applicable,Not Applicable,1,Traffic Citation
39.8363104,-79.758689,"Friday, October 10, 2025 11:37 AM",Maximum Speed Limits - Freeways,Not Applicable,Not Applicable,2,Traffic Citation
39.8363911,-79.758638,"Thursday, August 28, 2025 5:52 PM",Maximum Speed Limits - Freeways,Not Applicable,Not Applicable,3,Traffic Citation
39.8364197,-79.75889,"Wednesday, March 4, 2026 11:31 AM",Maximum Speed Limits - Freeways,Not Applicable,Not Applicable,4,Traffic Citation
39.8365022,-79.758572,"Wednesday, November 12, 2025 8:55 AM",Maximum Speed Limits - Freeways,Not Applicable,Not Applicable,3,Traffic Citation
39.8365624,-77.194938,"Saturday, March 14, 2026 6:04 PM",Maximum Speed Limits - Freeways,Not Applicable,Not Applicable,1,Traffic Citation
39.8365625,-79.758803,"Sunday, November 30, 2025 9:57 AM",Maximum Speed Limits - Freeways,Not Applicable,Not Applicable,1,Traffic Citation
39.8365644,-79.758802,"Saturday, February 28, 2026 9:05 AM",Maximum Speed Limits - Freeways,Not Applicable,Not Applicable,1,Traffic Citation
39.8365801,-79.758526,"Monday, May 25, 2026 12:38 PM",Maximum Speed Limits - Freeways,Not Applicable,Not Applicable,1,Traffic Citation
39.8366282,-79.758763,"Tuesday, February 24, 2026 11:55 AM",Maximum Speed Limits - Freeways,Not Applicable,Not Applicable,1,Traffic Citation
39.8366546,-79.758482,"Monday, March 16, 2026 11:11 AM",Maximum Speed Limits - Freeways,Not Applicable,Not Applicable,3,Traffic Citation
39.8366729,-79.758471,"Saturday, February 28, 2026 12:40 PM",Maximum Speed Limits - Freeways,Not Applicable,Not Applicable,1,Traffic Citation
39.8367987,-79.758661,"Friday, November 21, 2025 12:34 PM",Maximum Speed Limits - Freeways,Not Applicable,Not Applicable,1,Traffic Citation
39.8369216,-77.694722,"Thursday, September 11, 2025 3:43 PM",Maximum Speed Limits - Freeways,Not Applicable,Not Applicable,3,Traffic Citation
39.8371821,-77.694909,"Friday, April 3, 2026 12:38 AM",Maximum Speed Limits - Freeways,Not Applicable,Not Applicable,1,Traffic Citation
39.8372797,-79.758375,"Friday, November 28, 2025 5:46 PM",Maximum Speed Limits - Freeways,Not Applicable,Not Applicable,1,Traffic Citation
39.8374882,-77.195249,"Saturday, May 2, 2026 11:15 AM",Maximum Speed Limits - Freeways,Not Applicable,Not Applicable,2,Traffic Citation
39.8376839,-77.194644,"Saturday, April 4, 2026 12:33 AM",Maximum Speed Limits - Freeways,Not Applicable,Not Applicable,1,Traffic Citation
39.8385805,-77.194427,"Monday, June 29, 2026 1:20 PM",Maximum Speed Limits - Freeways,Not Applicable,Not Applicable,1,Traffic Citation
39.8387402,-77.194929,"Sunday, December 21, 2025 9:01 PM",Maximum Speed Limits - Freeways,Not Applicable,Not Applicable,1,Traffic Citation
39.8388584,-77.194367,"Tuesday, June 30, 2026 12:33 PM",Maximum Speed Limits - Freeways,Not Applicable,Not Applicable,1,Traffic Citation
39.8395101,-79.756921,"Wednesday, June 24, 2026 5:19 AM",Maximum Speed Limits - Freeways,Not Applicable,Not Applicable,1,Traffic Citation
39.8395124,-77.194271,"Monday, May 25, 2026 2:08 PM",Maximum Speed Limits - Freeways,Not Applicable,Not Applicable,1,Traffic Citation
39.8396383,-77.194256,"Thursday, January 1, 2026 6:42 PM",Maximum Speed Limits - Freeways,Not Applicable,Not Applicable,1,Traffic Citation
39.8398152,-77.194236,"Wednesday, April 29, 2026 9:44 AM",Maximum Speed Limits - Freeways,Not Applicable,Not Applicable,1,Traffic Citation
39.8399645,-77.693212,"Friday, December 5, 2025 1:59 PM",Maximum Speed Limits - Freeways,Not Applicable,Not Applicable,1,Traffic Citation
39.8399967,-77.693196,"Thursday, September 11, 2025 4:46 AM",Maximum Speed Limits - Freeways,Not Applicable,Not Applicable,1,Traffic Citation
39.8401707,-76.687437,"Wednesday, November 26, 2025 12:26 PM",Maximum Speed Limits - Freeways,Not Applicable,Not Applicable,1,Traffic Citation
39.8403208,-79.756547,"Sunday, October 5, 2025 11:22 AM",Maximum Speed Limits - Freeways,Not Applicable,Not Applicable,1,Traffic Citation
39.840561,-77.692915,"Saturday, October 11, 2025 10:28 PM",Maximum Speed Limits - Freeways,Not Applicable,Not Applicable,1,Traffic Citation
39.8409335,-79.756272,"Thursday, August 28, 2025 6:21 PM",Maximum Speed Limits - Freeways,Not Applicable,Not Applicable,1,Traffic Citation
39.841066,-79.756213,"Sunday, March 1, 2026 7:40 PM",Maximum Speed Limits - Freeways,Not Applicable,Not Applicable,1,Traffic Citation
39.8412,-77.194163,"Saturday, May 30, 2026 4:06 PM",Maximum Speed Limits - Freeways,Not Applicable,Not Applicable,1,Traffic Citation
39.8413542,-77.692519,"Friday, March 13, 2026 9:01 PM",Maximum Speed Limits - Freeways,Not Applicable,Not Applicable,1,Traffic Citation
39.8416561,-80.113507,"Saturday, August 30, 2025 7:50 AM",Maximum Speed Limits - Freeways,Not Applicable,Not Applicable,1,Traffic Citation
39.8416748,-77.194172,"Sunday, January 4, 2026 9:20 AM",Maximum Speed Limits - Freeways,Not Applicable,Not Applicable,1,Traffic Citation
39.8419455,-77.194201,"Thursday, August 28, 2025 3:37 PM",Maximum Speed Limits - Freeways,Not Applicable,Not Applicable,1,Traffic Citation
39.842323,-77.692036,"Friday, July 4, 2025 11:05 AM",Maximum Speed Limits - Freeways,Not Applicable,Not Applicable,1,Traffic Citation
39.8424214,-77.692303,"Tuesday, September 23, 2025 8:06 PM",Maximum Speed Limits - Freeways,Not Applicable,Not Applicable,1,Traffic Citation
39.8424296,-77.194252,"Saturday, February 14, 2026 12:35 PM",Maximum Speed Limits - Freeways,Not Applicable,Not Applicable,1,Traffic Citation
39.8425023,-77.691946,"Thursday, July 3, 2025 7:28 PM",Maximum Speed Limits - Freeways,Not Applicable,Not Applicable,1,Traffic Citation
39.8425212,-77.691937,"Thursday, September 11, 2025 1:43 AM",Maximum Speed Limits - Freeways,Not Applicable,Not Applicable,1,Traffic Citation
39.8429024,-77.194661,"Wednesday, December 31, 2025 1:45 PM",Maximum Speed Limits - Freeways,Not Applicable,Not Applicable,1,Traffic Citation
39.8429373,-79.755722,"Saturday, February 28, 2026 1:16 PM",Maximum Speed Limits - Freeways,Not Applicable,Not Applicable,1,Traffic Citation
39.842987,-77.19425,"Monday, December 29, 2025 10:52 AM",Maximum Speed Limits - Freeways,Not Applicable,Not Applicable,1,Traffic Citation
39.8438124,-77.691605,"Saturday, March 14, 2026 8:41 PM",Maximum Speed Limits - Freeways,Not Applicable,Not Applicable,1,Traffic Citation
39.8439811,-77.691207,"Monday, September 1, 2025 9:12 PM",Maximum Speed Limits - Freeways,Not Applicable,Not Applicable,1,Traffic Citation
39.844137,-77.691441,"Sunday, December 28, 2025 3:36 PM",Maximum Speed Limits - Freeways,Not Applicable,Not Applicable,1,Traffic Citation
39.8449243,-77.690735,"Friday, April 3, 2026 5:11 AM",Maximum Speed Limits - Freeways,Not Applicable,Not Applicable,1,Traffic Citation
39.844956,-77.69103,"Tuesday, June 9, 2026 8:11 AM",Maximum Speed Limits - Freeways,Not Applicable,Not Applicable,1,Traffic Citation
39.8450104,-77.690692,"Tuesday, June 9, 2026 7:36 AM",Maximum Speed Limits - Freeways,Not Applicable,Not Applicable,1,Traffic Citation
39.845032,-77.690681,"Saturday, May 16, 2026 9:06 PM",Maximum Speed Limits - Freeways,Not Applicable,Not Applicable,1,Traffic Citation
39.8450448,-77.690675,"Saturday, August 30, 2025 5:39 PM",Maximum Speed Limits - Freeways,Not Applicable,Not Applicable,1,Traffic Citation
39.8450586,-77.690668,"Friday, April 3, 2026 5:10 AM",Maximum Speed Limits - Freeways,Not Applicable,Not Applicable,1,Traffic Citation
39.8450608,-77.690667,"Friday, April 3, 2026 1:42 AM",Maximum Speed Limits - Freeways,Not Applicable,Not Applicable,1,Traffic Citation
39.8450677,-77.690974,"Sunday, April 5, 2026 4:00 AM",Maximum Speed Limits - Freeways,Not Applicable,Not Applicable,1,Traffic Citation
39.8450884,-77.690653,"Wednesday, December 31, 2025 4:12 AM",Maximum Speed Limits - Freeways,Not Applicable,Not Applicable,1,Traffic Citation
39.8450948,-77.69065,"Wednesday, December 31, 2025 5:23 AM",Maximum Speed Limits - Freeways,Not Applicable,Not Applicable,1,Traffic Citation
39.8451129,-77.690951,"Monday, February 9, 2026 4:28 AM",Maximum Speed Limits - Freeways,Not Applicable,Not Applicable,1,Traffic Citation
39.8451463,-77.690624,"Wednesday, December 31, 2025 2:17 AM",Maximum Speed Limits - Freeways,Not Applicable,Not Applicable,1,Traffic Citation
39.8451532,-77.690931,"Thursday, April 16, 2026 2:57 AM",Maximum Speed Limits - Freeways,Not Applicable,Not Applicable,1,Traffic Citation
39.845155,-77.69062,"Monday, September 1, 2025 12:32 PM",Maximum Speed Limits - Freeways,Not Applicable,Not Applicable,1,Traffic Citation
39.8451554,-77.690619,"Saturday, August 30, 2025 6:04 PM",Maximum Speed Limits - Freeways,Not Applicable,Not Applicable,1,Traffic Citation
39.8451657,-77.690614,"Saturday, April 18, 2026 9:57 PM",Maximum Speed Limits - Freeways,Not Applicable,Not Applicable,1,Traffic Citation
39.84519,-77.690602,"Wednesday, December 31, 2025 5:10 AM",Maximum Speed Limits - Freeways,Not Applicable,Not Applicable,1,Traffic Citation
39.8452109,-77.690902,"Saturday, April 18, 2026 9:15 PM",Maximum Speed Limits - Freeways,Not Applicable,Not Applicable,1,Traffic Citation
39.8453519,-77.690525,"Monday, January 12, 2026 7:59 PM",Maximum Speed Limits - Freeways,Not Applicable,Not Applicable,9,Traffic Citation
39.845471,-79.754597,"Saturday, February 28, 2026 12:14 PM",Maximum Speed Limits - Freeways,Not Applicable,Not Applicable,2,Traffic Citation
39.8454792,-77.198096,"Monday, December 1, 2025 10:33 PM",Maximum Speed Limits - Freeways,Not Applicable,Not Applicable,1,Traffic Citation
39.8455235,-79.754834,"Sunday, November 30, 2025 9:30 AM",Maximum Speed Limits - Freeways,Not Applicable,Not Applicable,1,Traffic Citation
39.8462125,-77.195663,"Friday, June 12, 2026 3:39 PM",Maximum Speed Limits - Freeways,Not Applicable,Not Applicable,1,Traffic Citation
39.8468381,-79.754132,"Tuesday, November 11, 2025 7:05 PM",Maximum Speed Limits - Freeways,Not Applicable,Not Applicable,1,Traffic Citation
39.8468931,-80.115565,"Monday, September 8, 2025 4:19 PM",Maximum Speed Limits - Freeways,Not Applicable,Not Applicable,2,Traffic Citation
39.8470486,-77.19053,"Sunday, May 31, 2026 8:15 PM",Maximum Speed Limits - Freeways,Not Applicable,Not Applicable,1,Traffic Citation
39.8471385,-80.115676,"Monday, September 8, 2025 5:12 PM",Maximum Speed Limits - Freeways,Not Applicable,Not Applicable,1,Traffic Citation
39.8471426,-79.75403,"Sunday, October 5, 2025 12:08 PM",Maximum Speed Limits - Freeways,Not Applicable,Not Applicable,1,Traffic Citation
39.8473318,-79.754222,"Sunday, November 30, 2025 8:29 AM",Maximum Speed Limits - Freeways,Not Applicable,Not Applicable,1,Traffic Citation
39.8476547,-77.195674,"Sunday, March 15, 2026 4:48 PM",Maximum Speed Limits - Freeways,Not Applicable,Not Applicable,1,Traffic Citation
39.8476744,-77.19568,"Thursday, March 12, 2026 4:10 PM",Maximum Speed Limits - Freeways,Not Applicable,Not Applicable,1,Traffic Citation
39.8480051,-76.689067,"Tuesday, December 23, 2025 6:30 PM",Maximum Speed Limits - Freeways,Not Applicable,Not Applicable,1,Traffic Citation
39.8486718,-80.116394,"Monday, September 8, 2025 4:37 PM",Maximum Speed Limits - Freeways,Not Applicable,Not Applicable,1,Traffic Citation
39.8487553,-77.196063,"Monday, December 1, 2025 10:11 PM",Maximum Speed Limits - Freeways,Not Applicable,Not Applicable,1,Traffic Citation
39.8490499,-77.196121,"Friday, July 4, 2025 7:25 PM",Maximum Speed Limits - Freeways,Not Applicable,Not Applicable,1,Traffic Citation
39.8493156,-77.196181,"Thursday, March 26, 2026 1:08 PM",Maximum Speed Limits - Freeways,Not Applicable,Not Applicable,1,Traffic Citation
39.8493804,-77.688968,"Friday, December 19, 2025 12:54 PM",Maximum Speed Limits - Freeways,Not Applicable,Not Applicable,1,Traffic Citation
39.8496949,-77.196218,"Saturday, February 14, 2026 12:20 PM",Maximum Speed Limits - Freeways,Not Applicable,Not Applicable,1,Traffic Citation
39.8497701,-77.196238,"Thursday, March 12, 2026 4:41 PM",Maximum Speed Limits - Freeways,Not Applicable,Not Applicable,1,Traffic Citation
39.8499041,-77.196273,"Sunday, May 31, 2026 3:41 PM",Maximum Speed Limits - Freeways,Not Applicable,Not Applicable,1,Traffic Citation
39.8499136,-77.68876,"Wednesday, April 8, 2026 9:18 AM",Maximum Speed Limits - Freeways,Not Applicable,Not Applicable,1,Traffic Citation
39.8499321,-77.19628,"Sunday, May 24, 2026 2:07 PM",Maximum Speed Limits - Freeways,Not Applicable,Not Applicable,1,Traffic Citation
39.8499331,-76.689688,"Wednesday, January 21, 2026 6:51 PM",Maximum Speed Limits - Freeways,Not Applicable,Not Applicable,1,Traffic Citation
39.8500907,-77.196321,"Saturday, December 20, 2025 4:06 PM",Maximum Speed Limits - Freeways,Not Applicable,Not Applicable,1,Traffic Citation
39.8502427,-79.752975,"Friday, February 27, 2026 8:57 PM",Maximum Speed Limits - Freeways,Not Applicable,Not Applicable,1,Traffic Citation
39.8503717,-77.196396,"Sunday, May 31, 2026 4:01 PM",Maximum Speed Limits - Freeways,Not Applicable,Not Applicable,1,Traffic Citation
39.8503935,-77.196402,"Saturday, March 14, 2026 8:36 PM",Maximum Speed Limits - Freeways,Not Applicable,Not Applicable,1,Traffic Citation
39.8504326,-77.196412,"Saturday, April 11, 2026 1:35 PM",Maximum Speed Limits - Freeways,Not Applicable,Not Applicable,1,Traffic Citation
39.8504903,-77.196428,"Saturday, April 11, 2026 2:14 PM",Maximum Speed Limits - Freeways,Not Applicable,Not Applicable,1,Traffic Citation
39.8505962,-77.196456,"Tuesday, June 9, 2026 9:04 PM",Maximum Speed Limits - Freeways,Not Applicable,Not Applicable,1,Traffic Citation
39.8506481,-77.196466,"Saturday, August 30, 2025 6:26 PM",Maximum Speed Limits - Freeways,Not Applicable,Not Applicable,1,Traffic Citation
39.8506483,-77.196466,"Thursday, November 27, 2025 12:03 PM",Maximum Speed Limits - Freeways,Not Applicable,Not Applicable,1,Traffic Citation
39.850955,-77.196553,"Saturday, March 14, 2026 9:05 PM",Maximum Speed Limits - Freeways,Not Applicable,Not Applicable,1,Traffic Citation
39.8513168,-77.19633,"Monday, February 9, 2026 4:48 PM",Maximum Speed Limits - Freeways,Not Applicable,Not Applicable,1,Traffic Citation
39.8517511,-77.196451,"Tuesday, December 9, 2025 12:34 PM",Maximum Speed Limits - Freeways,Not Applicable,Not Applicable,3,Traffic Citation
39.8520627,-77.687753,"Thursday, September 11, 2025 10:08 PM",Maximum Speed Limits - Freeways,Not Applicable,Not Applicable,1,Traffic Citation
39.8524481,-77.196941,"Thursday, June 25, 2026 12:53 PM",Maximum Speed Limits - Freeways,Not Applicable,Not Applicable,1,Traffic Citation
39.8524772,-77.196948,"Friday, July 4, 2025 6:38 PM",Maximum Speed Limits - Freeways,Not Applicable,Not Applicable,1,Traffic Citation
39.8529007,-77.197055,"Tuesday, June 23, 2026 5:03 PM",Maximum Speed Limits - Freeways,Not Applicable,Not Applicable,1,Traffic Citation
39.853179,-77.197121,"Friday, May 22, 2026 11:58 AM",Maximum Speed Limits - Freeways,Not Applicable,Not Applicable,1,Traffic Citation
39.853421,-77.197178,"Saturday, April 11, 2026 12:04 PM",Maximum Speed Limits - Freeways,Not Applicable,Not Applicable,1,Traffic Citation
39.8539498,-77.197005,"Saturday, November 29, 2025 7:31 PM",Maximum Speed Limits - Freeways,Not Applicable,Not Applicable,1,Traffic Citation
39.854237,-77.687071,"Friday, January 2, 2026 4:22 AM",Maximum Speed Limits - Freeways,Not Applicable,Not Applicable,1,Traffic Citation
39.8545917,-77.687281,"Tuesday, April 28, 2026 6:33 AM",Maximum Speed Limits - Freeways,Not Applicable,Not Applicable,2,Traffic Citation
39.8552296,-77.197603,"Saturday, March 21, 2026 5:15 PM",Maximum Speed Limits - Freeways,Not Applicable,Not Applicable,1,Traffic Citation
39.8553903,-77.19764,"Saturday, August 30, 2025 12:10 PM",Maximum Speed Limits - Freeways,Not Applicable,Not Applicable,1,Traffic Citation
39.8553995,-77.197643,"Saturday, May 2, 2026 11:42 AM",Maximum Speed Limits - Freeways,Not Applicable,Not Applicable,1,Traffic Citation
39.8557824,-77.197732,"Thursday, March 12, 2026 4:24 PM",Maximum Speed Limits - Freeways,Not Applicable,Not Applicable,1,Traffic Citation
39.8562245,-76.691046,"Saturday, July 26, 2025 5:45 PM",Maximum Speed Limits - Freeways,Not Applicable,Not Applicable,1,Traffic Citation
39.8562994,-77.19785,"Thursday, March 19, 2026 6:33 PM",Maximum Speed Limits - Freeways,Not Applicable,Not Applicable,1,Traffic Citation
39.8563866,-77.686426,"Wednesday, June 10, 2026 1:40 PM",Maximum Speed Limits - Freeways,Not Applicable,Not Applicable,1,Traffic Citation
39.8564418,-77.197881,"Sunday, May 17, 2026 12:55 PM",Maximum Speed Limits - Freeways,Not Applicable,Not Applicable,1,Traffic Citation
39.8569251,-77.69087,"Friday, May 22, 2026 3:59 AM",Maximum Speed Limits - Freeways,Not Applicable,Not Applicable,1,Traffic Citation
39.8573201,-77.198034,"Thursday, March 12, 2026 5:56 PM",Maximum Speed Limits - Freeways,Not Applicable,Not Applicable,1,Traffic Citation
39.8576648,-77.68601,"Tuesday, September 23, 2025 7:27 PM",Maximum Speed Limits - Freeways,Not Applicable,Not Applicable,1,Traffic Citation
39.8577389,-77.198091,"Friday, March 13, 2026 11:11 AM",Maximum Speed Limits - Freeways,Not Applicable,Not Applicable,1,Traffic Citation
39.8579477,-77.198117,"Thursday, March 19, 2026 7:15 PM",Maximum Speed Limits - Freeways,Not Applicable,Not Applicable,1,Traffic Citation
39.8584684,-80.122522,"Monday, February 9, 2026 11:03 AM",Maximum Speed Limits - Freeways,Not Applicable,Not Applicable,1,Traffic Citation
39.8585008,-77.197874,"Wednesday, December 24, 2025 9:36 AM",Maximum Speed Limits - Freeways,Not Applicable,Not Applicable,1,Traffic Citation
39.8589396,-77.1982,"Thursday, March 26, 2026 12:49 PM",Maximum Speed Limits - Freeways,Not Applicable,Not Applicable,1,Traffic Citation
39.8598034,-77.19819,"Saturday, April 4, 2026 7:48 PM",Maximum Speed Limits - Freeways,Not Applicable,Not Applicable,1,Traffic Citation
39.8601055,-77.198176,"Friday, April 3, 2026 8:38 PM",Maximum Speed Limits - Freeways,Not Applicable,Not Applicable,1,Traffic Citation
39.8601438,-77.198173,"Tuesday, December 16, 2025 2:49 PM",Maximum Speed Limits - Freeways,Not Applicable,Not Applicable,1,Traffic Citation
39.8601644,-79.749602,"Sunday, November 30, 2025 10:14 AM",Maximum Speed Limits - Freeways,Not Applicable,Not Applicable,1,Traffic Citation
39.8602189,-76.693031,"Sunday, January 4, 2026 3:46 PM",Maximum Speed Limits - Freeways,Not Applicable,Not Applicable,1,Traffic Citation
39.8605171,-77.685462,"Saturday, January 31, 2026 11:22 PM",Maximum Speed Limits - Freeways,Not Applicable,Not Applicable,1,Traffic Citation
39.8605263,-77.198139,"Saturday, March 14, 2026 9:27 PM",Maximum Speed Limits - Freeways,Not Applicable,Not Applicable,1,Traffic Citation
39.8611686,-77.19774,"Friday, January 23, 2026 2:41 PM",Maximum Speed Limits - Freeways,Not Applicable,Not Applicable,1,Traffic Citation
39.8613088,-77.198023,"Saturday, June 13, 2026 7:01 PM",Maximum Speed Limits - Freeways,Not Applicable,Not Applicable,1,Traffic Citation
39.8613978,-77.198007,"Sunday, May 31, 2026 3:17 PM",Maximum Speed Limits - Freeways,Not Applicable,Not Applicable,1,Traffic Citation
39.8624324,-77.197454,"Wednesday, July 30, 2025 4:23 PM",Maximum Speed Limits - Freeways,Not Applicable,Not Applicable,1,Traffic Citation
39.8629134,-77.197615,"Monday, February 9, 2026 5:05 PM",Maximum Speed Limits - Freeways,Not Applicable,Not Applicable,1,Traffic Citation
39.863145,-77.19754,"Sunday, July 20, 2025 12:56 PM",Maximum Speed Limits - Freeways,Not Applicable,Not Applicable,1,Traffic Citation
39.864089,-77.196866,"Sunday, November 30, 2025 8:00 PM",Maximum Speed Limits - Freeways,Not Applicable,Not Applicable,1,Traffic Citation
39.8644419,-77.196706,"Wednesday, December 31, 2025 3:49 PM",Maximum Speed Limits - Freeways,Not Applicable,Not Applicable,1,Traffic Citation
39.8644852,-77.197026,"Wednesday, October 15, 2025 2:57 PM",Maximum Speed Limits - Freeways,Not Applicable,Not Applicable,1,Traffic Citation
39.864666,-77.196594,"Wednesday, June 10, 2026 1:58 PM",Maximum Speed Limits - Freeways,Not Applicable,Not Applicable,1,Traffic Citation
39.864792,-76.697259,"Saturday, February 21, 2026 10:47 PM",Maximum Speed Limits - Freeways,Not Applicable,Not Applicable,1,Traffic Citation
39.8648368,-77.19686,"Wednesday, August 13, 2025 1:25 PM",Maximum Speed Limits - Freeways,Not Applicable,Not Applicable,1,Traffic Citation
39.8651519,-77.196689,"Thursday, January 22, 2026 2:48 PM",Maximum Speed Limits - Freeways,Not Applicable,Not Applicable,1,Traffic Citation
39.865212,-77.196656,"Friday, January 2, 2026 10:45 AM",Maximum Speed Limits - Freeways,Not Applicable,Not Applicable,1,Traffic Citation
39.8657548,-77.195997,"Saturday, May 16, 2026 4:30 PM",Maximum Speed Limits - Freeways,Not Applicable,Not Applicable,1,Traffic Citation
39.8658119,-77.6834,"Wednesday, August 6, 2025 7:11 AM",Maximum Speed Limits - Freeways,Not Applicable,Not Applicable,1,Traffic Citation
39.8658768,-76.697981,"Wednesday, October 8, 2025 1:24 PM",Maximum Speed Limits - Freeways,Not Applicable,Not Applicable,1,Traffic Citation
39.8659563,-77.196214,"Thursday, November 6, 2025 12:07 PM",Maximum Speed Limits - Freeways,Not Applicable,Not Applicable,1,Traffic Citation
39.8662515,-77.196039,"Tuesday, December 16, 2025 4:09 PM",Maximum Speed Limits - Freeways,Not Applicable,Not Applicable,1,Traffic Citation
39.8664872,-77.195565,"Tuesday, October 28, 2025 5:46 PM",Maximum Speed Limits - Freeways,Not Applicable,Not Applicable,1,Traffic Citation
39.8667903,-77.195721,"Tuesday, March 31, 2026 2:22 PM",Maximum Speed Limits - Freeways,Not Applicable,Not Applicable,1,Traffic Citation
39.8668289,-77.195699,"Wednesday, December 31, 2025 8:26 PM",Maximum Speed Limits - Freeways,Not Applicable,Not Applicable,1,Traffic Citation
39.8670483,-77.195571,"Friday, June 5, 2026 10:45 AM",Maximum Speed Limits - Freeways,Not Applicable,Not Applicable,1,Traffic Citation
39.8670794,-77.195553,"Friday, May 22, 2026 11:52 AM",Maximum Speed Limits - Freeways,Not Applicable,Not Applicable,1,Traffic Citation
39.8670817,-77.195552,"Thursday, June 4, 2026 11:17 AM",Maximum Speed Limits - Freeways,Not Applicable,Not Applicable,1,Traffic Citation
39.8672127,-77.195475,"Sunday, December 28, 2025 6:37 PM",Maximum Speed Limits - Freeways,Not Applicable,Not Applicable,1,Traffic Citation
39.8672266,-77.195467,"Monday, January 19, 2026 4:47 PM",Maximum Speed Limits - Freeways,Not Applicable,Not Applicable,1,Traffic Citation
39.867279,-77.195437,"Saturday, January 31, 2026 2:14 PM",Maximum Speed Limits - Freeways,Not Applicable,Not Applicable,1,Traffic Citation
39.8672825,-77.195435,"Wednesday, December 24, 2025 1:55 PM",Maximum Speed Limits - Freeways,Not Applicable,Not Applicable,1,Traffic Citation
39.8673062,-77.195421,"Thursday, May 14, 2026 12:10 PM",Maximum Speed Limits - Freeways,Not Applicable,Not Applicable,1,Traffic Citation
39.8673065,-77.19542,"Saturday, May 2, 2026 6:44 PM",Maximum Speed Limits - Freeways,Not Applicable,Not Applicable,1,Traffic Citation
39.8673156,-77.195077,"Saturday, November 15, 2025 12:25 PM",Maximum Speed Limits - Freeways,Not Applicable,Not Applicable,1,Traffic Citation
39.8673211,-77.195412,"Friday, May 22, 2026 11:32 AM",Maximum Speed Limits - Freeways,Not Applicable,Not Applicable,1,Traffic Citation
39.8673552,-77.195392,"Saturday, May 16, 2026 11:16 AM",Maximum Speed Limits - Freeways,Not Applicable,Not Applicable,1,Traffic Citation
39.8673554,-77.195392,"Monday, June 1, 2026 4:14 PM",Maximum Speed Limits - Freeways,Not Applicable,Not Applicable,1,Traffic Citation
39.8673623,-77.195388,"Tuesday, December 9, 2025 12:44 PM",Maximum Speed Limits - Freeways,Not Applicable,Not Applicable,1,Traffic Citation
39.8673659,-77.195386,"Tuesday, March 31, 2026 2:50 PM",Maximum Speed Limits - Freeways,Not Applicable,Not Applicable,1,Traffic Citation
39.8673681,-77.195047,"Friday, October 24, 2025 2:45 PM",Maximum Speed Limits - Freeways,Not Applicable,Not Applicable,1,Traffic Citation
39.867376,-77.195042,"Friday, August 22, 2025 9:32 AM",Maximum Speed Limits - Freeways,Not Applicable,Not Applicable,1,Traffic Citation
39.8674248,-77.195013,"Sunday, October 26, 2025 5:27 AM",Maximum Speed Limits - Freeways,Not Applicable,Not Applicable,1,Traffic Citation
39.8674469,-77.683062,"Saturday, February 14, 2026 9:43 PM",Maximum Speed Limits - Freeways,Not Applicable,Not Applicable,2,Traffic Citation
39.8674751,-77.195322,"Wednesday, May 20, 2026 1:43 PM",Maximum Speed Limits - Freeways,Not Applicable,Not Applicable,1,Traffic Citation
39.8675265,-77.195292,"Monday, December 8, 2025 1:56 PM",Maximum Speed Limits - Freeways,Not Applicable,Not Applicable,2,Traffic Citation
39.8675451,-77.195281,"Saturday, August 16, 2025 2:06 PM",Maximum Speed Limits - Freeways,Not Applicable,Not Applicable,1,Traffic Citation
39.8676001,-77.195249,"Saturday, January 31, 2026 1:57 PM",Maximum Speed Limits - Freeways,Not Applicable,Not Applicable,1,Traffic Citation
39.8676285,-77.194893,"Wednesday, February 25, 2026 3:10 PM",Maximum Speed Limits - Freeways,Not Applicable,Not Applicable,1,Traffic Citation
39.8676511,-77.195219,"Saturday, November 29, 2025 1:47 PM",Maximum Speed Limits - Freeways,Not Applicable,Not Applicable,1,Traffic Citation
39.8684171,-77.194771,"Saturday, August 16, 2025 1:52 PM",Maximum Speed Limits - Freeways,Not Applicable,Not Applicable,1,Traffic Citation
39.8685959,-77.194324,"Sunday, November 2, 2025 12:34 PM",Maximum Speed Limits - Freeways,Not Applicable,Not Applicable,1,Traffic Citation
39.8687713,-77.681787,"Sunday, July 6, 2025 7:39 AM",Maximum Speed Limits - Freeways,Not Applicable,Not Applicable,1,Traffic Citation
39.8688314,-77.681753,"Wednesday, August 6, 2025 8:51 AM",Maximum Speed Limits - Freeways,Not Applicable,Not Applicable,1,Traffic Citation
39.8696947,-77.194022,"Monday, February 9, 2026 11:54 AM",Maximum Speed Limits - Freeways,Not Applicable,Not Applicable,1,Traffic Citation
39.8698198,-77.193948,"Monday, November 10, 2025 8:00 PM",Maximum Speed Limits - Freeways,Not Applicable,Not Applicable,1,Traffic Citation
39.8699275,-77.193885,"Saturday, April 11, 2026 10:10 PM",Maximum Speed Limits - Freeways,Not Applicable,Not Applicable,1,Traffic Citation
39.8699792,-77.193855,"Wednesday, December 24, 2025 6:48 PM",Maximum Speed Limits - Freeways,Not Applicable,Not Applicable,1,Traffic Citation
39.8701123,-77.193776,"Thursday, December 25, 2025 6:33 PM",Maximum Speed Limits - Freeways,Not Applicable,Not Applicable,1,Traffic Citation
39.8702202,-77.193375,"Wednesday, August 6, 2025 6:02 PM",Maximum Speed Limits - Freeways,Not Applicable,Not Applicable,1,Traffic Citation
39.8703916,-77.680885,"Friday, January 2, 2026 5:52 AM",Maximum Speed Limits - Freeways,Not Applicable,Not Applicable,1,Traffic Citation
39.8704636,-77.193233,"Wednesday, July 23, 2025 8:08 PM",Maximum Speed Limits - Freeways,Not Applicable,Not Applicable,1,Traffic Citation
39.8713444,-77.680351,"Tuesday, October 21, 2025 7:01 AM",Maximum Speed Limits - Freeways,Not Applicable,Not Applicable,1,Traffic Citation
39.8716047,-77.192901,"Friday, April 3, 2026 5:18 PM",Maximum Speed Limits - Freeways,Not Applicable,Not Applicable,1,Traffic Citation
39.8716809,-77.192856,"Wednesday, August 6, 2025 2:59 PM",Maximum Speed Limits - Freeways,Not Applicable,Not Applicable,1,Traffic Citation
39.8718581,-77.192752,"Tuesday, February 24, 2026 12:26 PM",Maximum Speed Limits - Freeways,Not Applicable,Not Applicable,1,Traffic Citation
39.8725695,-77.192337,"Wednesday, October 15, 2025 3:19 PM",Maximum Speed Limits - Freeways,Not Applicable,Not Applicable,1,Traffic Citation
39.8727103,-77.192255,"Friday, November 7, 2025 9:54 AM",Maximum Speed Limits - Freeways,Not Applicable,Not Applicable,1,Traffic Citation
39.8727461,-77.191902,"Friday, August 29, 2025 8:35 PM",Maximum Speed Limits - Freeways,Not Applicable,Not Applicable,1,Traffic Citation
39.8728366,-77.192182,"Sunday, October 26, 2025 2:00 PM",Maximum Speed Limits - Freeways,Not Applicable,Not Applicable,1,Traffic Citation
39.8729612,-77.192109,"Thursday, July 3, 2025 9:09 AM",Maximum Speed Limits - Freeways,Not Applicable,Not Applicable,1,Traffic Citation
39.8729678,-80.131902,"Friday, July 4, 2025 6:34 AM",Maximum Speed Limits - Freeways,Not Applicable,Not Applicable,1,Traffic Citation
39.8730381,-77.192065,"Wednesday, November 26, 2025 5:24 PM",Maximum Speed Limits - Freeways,Not Applicable,Not Applicable,1,Traffic Citation
39.8731241,-77.192015,"Monday, May 25, 2026 9:17 AM",Maximum Speed Limits - Freeways,Not Applicable,Not Applicable,1,Traffic Citation
39.8733521,-77.191549,"Saturday, January 3, 2026 10:45 AM",Maximum Speed Limits - Freeways,Not Applicable,Not Applicable,1,Traffic Citation
39.8738462,-77.191261,"Sunday, May 31, 2026 12:42 PM",Maximum Speed Limits - Freeways,Not Applicable,Not Applicable,1,Traffic Citation
39.8739442,-77.191538,"Friday, November 28, 2025 5:06 PM",Maximum Speed Limits - Freeways,Not Applicable,Not Applicable,1,Traffic Citation
39.8739658,-77.191525,"Tuesday, August 26, 2025 3:39 PM",Maximum Speed Limits - Freeways,Not Applicable,Not Applicable,1,Traffic Citation
39.8740791,-77.678846,"Saturday, February 14, 2026 9:01 PM",Maximum Speed Limits - Freeways,Not Applicable,Not Applicable,1,Traffic Citation
39.8741385,-80.13222,"Friday, July 4, 2025 6:55 AM",Maximum Speed Limits - Freeways,Not Applicable,Not Applicable,1,Traffic Citation
39.8742012,-80.132239,"Friday, July 4, 2025 6:15 AM",Maximum Speed Limits - Freeways,Not Applicable,Not Applicable,1,Traffic Citation
39.87425,-77.678752,"Thursday, May 21, 2026 9:34 PM",Maximum Speed Limits - Freeways,Not Applicable,Not Applicable,1,Traffic Citation
39.8743485,-77.191302,"Saturday, May 2, 2026 3:01 PM",Maximum Speed Limits - Freeways,Not Applicable,Not Applicable,1,Traffic Citation
39.8744205,-80.132296,"Wednesday, July 23, 2025 6:32 AM",Maximum Speed Limits - Freeways,Not Applicable,Not Applicable,1,Traffic Citation
39.87452,-77.191203,"Sunday, May 24, 2026 2:49 PM",Maximum Speed Limits - Freeways,Not Applicable,Not Applicable,1,Traffic Citation
39.8746262,-77.190807,"Sunday, May 31, 2026 12:27 PM",Maximum Speed Limits - Freeways,Not Applicable,Not Applicable,1,Traffic Citation
39.8747466,-77.191071,"Wednesday, August 6, 2025 2:37 PM",Maximum Speed Limits - Freeways,Not Applicable,Not Applicable,1,Traffic Citation
39.8748401,-77.191016,"Tuesday, September 23, 2025 2:49 PM",Maximum Speed Limits - Freeways,Not Applicable,Not Applicable,1,Traffic Citation
39.8750745,-77.19088,"Saturday, July 19, 2025 3:00 PM",Maximum Speed Limits - Freeways,Not Applicable,Not Applicable,1,Traffic Citation
39.8751299,-77.190848,"Saturday, February 21, 2026 10:39 AM",Maximum Speed Limits - Freeways,Not Applicable,Not Applicable,1,Traffic Citation
39.8751504,-77.190836,"Monday, May 25, 2026 1:57 PM",Maximum Speed Limits - Freeways,Not Applicable,Not Applicable,1,Traffic Citation
39.8751895,-77.190813,"Sunday, May 24, 2026 2:19 PM",Maximum Speed Limits - Freeways,Not Applicable,Not Applicable,1,Traffic Citation
39.8752172,-77.190797,"Friday, April 17, 2026 3:21 PM",Maximum Speed Limits - Freeways,Not Applicable,Not Applicable,1,Traffic Citation
39.875228,-77.190791,"Thursday, September 11, 2025 11:34 AM",Maximum Speed Limits - Freeways,Not Applicable,Not Applicable,1,Traffic Citation
39.8752484,-75.507742,"Wednesday, July 9, 2025 9:58 AM",Maximum Speed Limits - Freeways,Not Applicable,Not Applicable,1,Traffic Citation
39.8752494,-77.190778,"Sunday, April 12, 2026 6:04 PM",Maximum Speed Limits - Freeways,Not Applicable,Not Applicable,1,Traffic Citation
39.8752737,-77.190429,"Friday, October 31, 2025 1:25 PM",Maximum Speed Limits - Freeways,Not Applicable,Not Applicable,1,Traffic Citation
39.8754837,-77.190642,"Wednesday, December 24, 2025 6:05 PM",Maximum Speed Limits - Freeways,Not Applicable,Not Applicable,1,Traffic Citation
39.8755029,-77.190631,"Saturday, July 5, 2025 3:14 PM",Maximum Speed Limits - Freeways,Not Applicable,Not Applicable,1,Traffic Citation
39.8755168,-77.190288,"Sunday, May 24, 2026 5:16 PM",Maximum Speed Limits - Freeways,Not Applicable,Not Applicable,1,Traffic Citation
39.8755442,-77.190607,"Tuesday, August 26, 2025 3:02 PM",Maximum Speed Limits - Freeways,Not Applicable,Not Applicable,1,Traffic Citation
39.8756342,-77.190554,"Wednesday, November 12, 2025 2:50 PM",Maximum Speed Limits - Freeways,Not Applicable,Not Applicable,1,Traffic Citation
39.8757138,-77.190508,"Sunday, October 26, 2025 12:44 PM",Maximum Speed Limits - Freeways,Not Applicable,Not Applicable,1,Traffic Citation
39.8758554,-80.132677,"Tuesday, August 26, 2025 6:17 AM",Maximum Speed Limits - Freeways,Not Applicable,Not Applicable,1,Traffic Citation
39.875872,-77.190416,"Tuesday, April 14, 2026 4:11 PM",Maximum Speed Limits - Freeways,Not Applicable,Not Applicable,1,Traffic Citation
39.8758768,-77.677497,"Friday, May 22, 2026 5:04 AM",Maximum Speed Limits - Freeways,Not Applicable,Not Applicable,1,Traffic Citation
39.8759123,-77.190393,"Sunday, May 24, 2026 11:12 AM",Maximum Speed Limits - Freeways,Not Applicable,Not Applicable,1,Traffic Citation
39.8759891,-77.190348,"Sunday, January 18, 2026 4:00 PM",Maximum Speed Limits - Freeways,Not Applicable,Not Applicable,1,Traffic Citation
39.8760183,-77.190331,"Sunday, May 24, 2026 12:24 PM",Maximum Speed Limits - Freeways,Not Applicable,Not Applicable,1,Traffic Citation
39.8760239,-77.190328,"Sunday, October 26, 2025 11:42 AM",Maximum Speed Limits - Freeways,Not Applicable,Not Applicable,1,Traffic Citation
39.8764024,-77.190107,"Saturday, February 14, 2026 1:18 PM",Maximum Speed Limits - Freeways,Not Applicable,Not Applicable,1,Traffic Citation
39.8764144,-77.1901,"Wednesday, January 28, 2026 4:30 PM",Maximum Speed Limits - Freeways,Not Applicable,Not Applicable,1,Traffic Citation
39.8764837,-80.132841,"Friday, August 29, 2025 9:53 AM",Maximum Speed Limits - Freeways,Not Applicable,Not Applicable,1,Traffic Citation
39.8768216,-77.189864,"Tuesday, December 9, 2025 10:45 AM",Maximum Speed Limits - Freeways,Not Applicable,Not Applicable,1,Traffic Citation
39.8770293,-77.189741,"Tuesday, May 12, 2026 2:47 PM",Maximum Speed Limits - Freeways,Not Applicable,Not Applicable,1,Traffic Citation
39.8776448,-77.189031,"Saturday, November 22, 2025 4:08 PM",Maximum Speed Limits - Freeways,Not Applicable,Not Applicable,1,Traffic Citation
39.8777312,-77.189316,"Monday, September 22, 2025 3:21 PM",Maximum Speed Limits - Freeways,Not Applicable,Not Applicable,1,Traffic Citation
39.8781863,-76.698448,"Thursday, January 1, 2026 7:51 PM",Maximum Speed Limits - Freeways,Not Applicable,Not Applicable,1,Traffic Citation
39.8782285,-77.189021,"Tuesday, May 12, 2026 3:20 PM",Maximum Speed Limits - Freeways,Not Applicable,Not Applicable,1,Traffic Citation
39.8785232,-77.188849,"Thursday, January 1, 2026 5:12 PM",Maximum Speed Limits - Freeways,Not Applicable,Not Applicable,1,Traffic Citation
39.8785278,-77.188846,"Sunday, May 24, 2026 12:02 PM",Maximum Speed Limits - Freeways,Not Applicable,Not Applicable,1,Traffic Citation
39.8785873,-77.188471,"Thursday, January 1, 2026 2:45 PM",Maximum Speed Limits - Freeways,Not Applicable,Not Applicable,1,Traffic Citation
39.8785907,-77.676306,"Monday, January 12, 2026 7:30 PM",Maximum Speed Limits - Freeways,Not Applicable,Not Applicable,7,Traffic Citation
39.8787522,-77.188716,"Sunday, May 24, 2026 11:30 AM",Maximum Speed Limits - Freeways,Not Applicable,Not Applicable,1,Traffic Citation
39.8787837,-77.188357,"Wednesday, February 4, 2026 1:54 PM",Maximum Speed Limits - Freeways,Not Applicable,Not Applicable,1,Traffic Citation
39.878856,-77.188655,"Wednesday, November 12, 2025 4:18 PM",Maximum Speed Limits - Freeways,Not Applicable,Not Applicable,1,Traffic Citation
39.8788635,-77.188651,"Thursday, December 4, 2025 3:19 PM",Maximum Speed Limits - Freeways,Not Applicable,Not Applicable,1,Traffic Citation
39.8790344,-77.188551,"Sunday, October 26, 2025 12:09 PM",Maximum Speed Limits - Freeways,Not Applicable,Not Applicable,1,Traffic Citation
39.8791162,-77.188503,"Monday, May 25, 2026 3:21 PM",Maximum Speed Limits - Freeways,Not Applicable,Not Applicable,1,Traffic Citation
39.879364,-77.188359,"Monday, May 25, 2026 2:57 PM",Maximum Speed Limits - Freeways,Not Applicable,Not Applicable,1,Traffic Citation
39.879475,-77.188294,"Friday, January 30, 2026 3:44 PM",Maximum Speed Limits - Freeways,Not Applicable,Not Applicable,2,Traffic Citation
39.879559,-77.188245,"Monday, January 19, 2026 3:54 PM",Maximum Speed Limits - Freeways,Not Applicable,Not Applicable,1,Traffic Citation
39.8795591,-77.188245,"Friday, November 7, 2025 2:49 PM",Maximum Speed Limits - Freeways,Not Applicable,Not Applicable,1,Traffic Citation
39.8796723,-77.188179,"Wednesday, April 1, 2026 9:26 AM",Maximum Speed Limits - Freeways,Not Applicable,Not Applicable,1,Traffic Citation
39.8797075,-77.188159,"Saturday, October 25, 2025 4:29 PM",Maximum Speed Limits - Freeways,Not Applicable,Not Applicable,1,Traffic Citation
39.8798983,-77.188047,"Wednesday, November 12, 2025 3:51 PM",Maximum Speed Limits - Freeways,Not Applicable,Not Applicable,1,Traffic Citation
39.8799488,-77.188018,"Sunday, May 31, 2026 1:37 PM",Maximum Speed Limits - Freeways,Not Applicable,Not Applicable,1,Traffic Citation
39.8801868,-77.187879,"Saturday, March 14, 2026 9:08 AM",Maximum Speed Limits - Freeways,Not Applicable,Not Applicable,1,Traffic Citation
39.880237,-77.18785,"Wednesday, November 19, 2025 3:47 PM",Maximum Speed Limits - Freeways,Not Applicable,Not Applicable,1,Traffic Citation
39.8802593,-77.187501,"Sunday, April 5, 2026 3:58 PM",Maximum Speed Limits - Freeways,Not Applicable,Not Applicable,1,Traffic Citation
39.8802781,-77.187826,"Thursday, March 12, 2026 3:41 PM",Maximum Speed Limits - Freeways,Not Applicable,Not Applicable,1,Traffic Citation
39.8807357,-77.675095,"Monday, March 30, 2026 12:10 AM",Maximum Speed Limits - Freeways,Not Applicable,Not Applicable,1,Traffic Citation
39.880782,-77.187532,"Tuesday, August 26, 2025 2:42 PM",Maximum Speed Limits - Freeways,Not Applicable,Not Applicable,1,Traffic Citation
39.8808843,-77.675013,"Saturday, April 18, 2026 10:11 PM",Maximum Speed Limits - Freeways,Not Applicable,Not Applicable,1,Traffic Citation
39.8809969,-77.187407,"Saturday, January 3, 2026 5:44 PM",Maximum Speed Limits - Freeways,Not Applicable,Not Applicable,1,Traffic Citation
39.8810679,-77.187366,"Wednesday, June 17, 2026 4:48 PM",Maximum Speed Limits - Freeways,Not Applicable,Not Applicable,1,Traffic Citation
39.881076,-77.187361,"Friday, June 19, 2026 1:30 PM",Maximum Speed Limits - Freeways,Not Applicable,Not Applicable,1,Traffic Citation
39.8812217,-77.187276,"Saturday, July 19, 2025 2:30 PM",Maximum Speed Limits - Freeways,Not Applicable,Not Applicable,1,Traffic Citation
39.881293,-77.187234,"Friday, January 9, 2026 10:59 AM",Maximum Speed Limits - Freeways,Not Applicable,Not Applicable,1,Traffic Citation
39.8812973,-77.187232,"Tuesday, March 10, 2026 2:47 PM",Maximum Speed Limits - Freeways,Not Applicable,Not Applicable,1,Traffic Citation
39.8813104,-77.187224,"Thursday, March 26, 2026 3:29 PM",Maximum Speed Limits - Freeways,Not Applicable,Not Applicable,1,Traffic Citation
39.8813862,-77.18718,"Saturday, February 14, 2026 12:56 PM",Maximum Speed Limits - Freeways,Not Applicable,Not Applicable,1,Traffic Citation
39.8817988,-77.186603,"Sunday, November 30, 2025 3:22 PM",Maximum Speed Limits - Freeways,Not Applicable,Not Applicable,1,Traffic Citation
39.881799,-77.186937,"Wednesday, July 30, 2025 2:56 PM",Maximum Speed Limits - Freeways,Not Applicable,Not Applicable,1,Traffic Citation
39.8823149,-77.186637,"Sunday, October 12, 2025 1:59 PM",Maximum Speed Limits - Freeways,Not Applicable,Not Applicable,1,Traffic Citation
39.8823418,-77.18629,"Tuesday, December 16, 2025 6:23 PM",Maximum Speed Limits - Freeways,Not Applicable,Not Applicable,1,Traffic Citation
39.8824454,-77.186561,"Wednesday, June 3, 2026 9:11 AM",Maximum Speed Limits - Freeways,Not Applicable,Not Applicable,1,Traffic Citation
39.8825044,-77.186527,"Sunday, March 15, 2026 12:27 AM",Maximum Speed Limits - Freeways,Not Applicable,Not Applicable,1,Traffic Citation
39.8826201,-77.673702,"Saturday, November 22, 2025 9:42 PM",Maximum Speed Limits - Freeways,Not Applicable,Not Applicable,1,Traffic Citation
39.8826871,-77.186422,"Friday, October 31, 2025 11:32 AM",Maximum Speed Limits - Freeways,Not Applicable,Not Applicable,1,Traffic Citation
39.8827392,-77.186391,"Friday, June 19, 2026 12:22 PM",Maximum Speed Limits - Freeways,Not Applicable,Not Applicable,1,Traffic Citation
39.8827419,-80.132994,"Saturday, August 30, 2025 9:01 PM",Maximum Speed Limits - Freeways,Not Applicable,Not Applicable,1,Traffic Citation
39.8828962,-77.1863,"Sunday, December 21, 2025 10:52 AM",Maximum Speed Limits - Freeways,Not Applicable,Not Applicable,1,Traffic Citation
39.8829617,-76.695791,"Tuesday, February 10, 2026 3:02 AM",Maximum Speed Limits - Freeways,Not Applicable,Not Applicable,1,Traffic Citation
39.8829937,-77.186244,"Thursday, December 18, 2025 10:12 AM",Maximum Speed Limits - Freeways,Not Applicable,Not Applicable,1,Traffic Citation
39.8831854,-77.185801,"Tuesday, June 9, 2026 5:48 PM",Maximum Speed Limits - Freeways,Not Applicable,Not Applicable,1,Traffic Citation
39.8831918,-77.673384,"Monday, May 25, 2026 10:13 PM",Maximum Speed Limits - Freeways,Not Applicable,Not Applicable,1,Traffic Citation
39.8832521,-77.186094,"Sunday, November 30, 2025 12:38 PM",Maximum Speed Limits - Freeways,Not Applicable,Not Applicable,1,Traffic Citation
39.8832776,-77.673663,"Sunday, June 7, 2026 6:51 PM",Maximum Speed Limits - Freeways,Not Applicable,Not Applicable,1,Traffic Citation
39.8832981,-77.673651,"Saturday, June 6, 2026 6:56 PM",Maximum Speed Limits - Freeways,Not Applicable,Not Applicable,1,Traffic Citation
39.8832992,-77.673651,"Friday, November 21, 2025 10:15 PM",Maximum Speed Limits - Freeways,Not Applicable,Not Applicable,1,Traffic Citation
39.8833166,-77.673641,"Tuesday, June 9, 2026 6:03 AM",Maximum Speed Limits - Freeways,Not Applicable,Not Applicable,1,Traffic Citation
39.8833273,-77.673635,"Tuesday, November 4, 2025 3:27 PM",Maximum Speed Limits - Freeways,Not Applicable,Not Applicable,1,Traffic Citation
39.8833693,-77.673612,"Tuesday, November 25, 2025 9:46 PM",Maximum Speed Limits - Freeways,Not Applicable,Not Applicable,1,Traffic Citation
39.8833957,-77.673272,"Tuesday, September 23, 2025 8:31 PM",Maximum Speed Limits - Freeways,Not Applicable,Not Applicable,1,Traffic Citation
39.8834263,-77.67358,"Monday, May 25, 2026 6:24 PM",Maximum Speed Limits - Freeways,Not Applicable,Not Applicable,1,Traffic Citation
39.8834701,-77.673556,"Tuesday, November 4, 2025 5:43 PM",Maximum Speed Limits - Freeways,Not Applicable,Not Applicable,1,Traffic Citation
39.8834825,-77.185628,"Wednesday, November 19, 2025 4:03 PM",Maximum Speed Limits - Freeways,Not Applicable,Not Applicable,1,Traffic Citation
39.8835167,-77.673205,"Monday, May 25, 2026 6:18 AM",Maximum Speed Limits - Freeways,Not Applicable,Not Applicable,1,Traffic Citation
39.8835252,-77.673526,"Sunday, May 24, 2026 6:20 PM",Maximum Speed Limits - Freeways,Not Applicable,Not Applicable,1,Traffic Citation
39.8835526,-77.673511,"Tuesday, December 23, 2025 11:56 PM",Maximum Speed Limits - Freeways,Not Applicable,Not Applicable,1,Traffic Citation
39.8835821,-77.673494,"Friday, March 13, 2026 8:43 PM",Maximum Speed Limits - Freeways,Not Applicable,Not Applicable,1,Traffic Citation
39.8835983,-77.673485,"Friday, March 13, 2026 9:33 PM",Maximum Speed Limits - Freeways,Not Applicable,Not Applicable,1,Traffic Citation
39.8836543,-77.185861,"Sunday, November 30, 2025 2:08 PM",Maximum Speed Limits - Freeways,Not Applicable,Not Applicable,1,Traffic Citation
39.8836626,-77.185856,"Sunday, June 14, 2026 3:14 PM",Maximum Speed Limits - Freeways,Not Applicable,Not Applicable,1,Traffic Citation
39.883677,-77.185514,"Thursday, June 4, 2026 12:26 PM",Maximum Speed Limits - Freeways,Not Applicable,Not Applicable,1,Traffic Citation
39.8838396,-77.185754,"Thursday, February 26, 2026 2:03 PM",Maximum Speed Limits - Freeways,Not Applicable,Not Applicable,1,Traffic Citation
39.8838587,-77.185743,"Monday, October 27, 2025 4:08 PM",Maximum Speed Limits - Freeways,Not Applicable,Not Applicable,1,Traffic Citation
39.883871,-77.185736,"Saturday, January 31, 2026 9:41 AM",Maximum Speed Limits - Freeways,Not Applicable,Not Applicable,1,Traffic Citation
39.884004,-77.185323,"Saturday, July 19, 2025 2:45 PM",Maximum Speed Limits - Freeways,Not Applicable,Not Applicable,1,Traffic Citation
39.8840651,-77.185623,"Thursday, February 26, 2026 1:35 PM",Maximum Speed Limits - Freeways,Not Applicable,Not Applicable,1,Traffic Citation
39.8842555,-77.185513,"Friday, October 31, 2025 1:11 PM",Maximum Speed Limits - Freeways,Not Applicable,Not Applicable,1,Traffic Citation
39.8842733,-77.185168,"Tuesday, July 29, 2025 7:43 PM",Maximum Speed Limits - Freeways,Not Applicable,Not Applicable,1,Traffic Citation
39.8845487,-77.185342,"Wednesday, December 31, 2025 8:45 AM",Maximum Speed Limits - Freeways,Not Applicable,Not Applicable,1,Traffic Citation
39.8845577,-77.67266,"Sunday, May 3, 2026 11:38 PM",Maximum Speed Limits - Freeways,Not Applicable,Not Applicable,1,Traffic Citation
39.8845665,-77.672981,"Sunday, August 24, 2025 4:22 PM",Maximum Speed Limits - Freeways,Not Applicable,Not Applicable,1,Traffic Citation
39.8846202,-77.672954,"Tuesday, July 1, 2025 7:02 AM",Maximum Speed Limits - Freeways,Not Applicable,Not Applicable,1,Traffic Citation
39.8846282,-77.672949,"Sunday, August 24, 2025 4:47 PM",Maximum Speed Limits - Freeways,Not Applicable,Not Applicable,1,Traffic Citation
39.8846334,-77.672621,"Sunday, August 24, 2025 5:26 PM",Maximum Speed Limits - Freeways,Not Applicable,Not Applicable,1,Traffic Citation
39.8846809,-77.672922,"Tuesday, January 27, 2026 4:56 PM",Maximum Speed Limits - Freeways,Not Applicable,Not Applicable,1,Traffic Citation
39.8848687,-77.184828,"Friday, December 26, 2025 9:34 AM",Maximum Speed Limits - Freeways,Not Applicable,Not Applicable,1,Traffic Citation
39.884931,-77.672793,"Saturday, August 23, 2025 5:27 PM",Maximum Speed Limits - Freeways,Not Applicable,Not Applicable,1,Traffic Citation
39.8849583,-77.185103,"Friday, June 19, 2026 11:59 AM",Maximum Speed Limits - Freeways,Not Applicable,Not Applicable,1,Traffic Citation
39.8849777,-77.672769,"Sunday, August 24, 2025 5:11 PM",Maximum Speed Limits - Freeways,Not Applicable,Not Applicable,1,Traffic Citation
39.8849996,-77.672439,"Saturday, August 23, 2025 4:44 PM",Maximum Speed Limits - Freeways,Not Applicable,Not Applicable,1,Traffic Citation
39.8850532,-77.184723,"Saturday, August 16, 2025 4:15 PM",Maximum Speed Limits - Freeways,Not Applicable,Not Applicable,1,Traffic Citation
39.8852552,-77.672628,"Tuesday, January 27, 2026 2:28 PM",Maximum Speed Limits - Freeways,Not Applicable,Not Applicable,1,Traffic Citation
39.8853105,-77.672285,"Tuesday, January 27, 2026 3:05 PM",Maximum Speed Limits - Freeways,Not Applicable,Not Applicable,1,Traffic Citation
39.8854789,-77.18448,"Thursday, March 26, 2026 3:42 PM",Maximum Speed Limits - Freeways,Not Applicable,Not Applicable,1,Traffic Citation
39.8855065,-77.184464,"Sunday, March 15, 2026 9:01 PM",Maximum Speed Limits - Freeways,Not Applicable,Not Applicable,1,Traffic Citation
39.8855337,-77.184767,"Saturday, June 13, 2026 11:31 AM",Maximum Speed Limits - Freeways,Not Applicable,Not Applicable,1,Traffic Citation
39.8857105,-77.184345,"Friday, March 13, 2026 9:48 PM",Maximum Speed Limits - Freeways,Not Applicable,Not Applicable,1,Traffic Citation
39.8857138,-77.184343,"Friday, March 13, 2026 9:23 PM",Maximum Speed Limits - Freeways,Not Applicable,Not Applicable,1,Traffic Citation
39.8857161,-77.184341,"Friday, January 2, 2026 10:16 AM",Maximum Speed Limits - Freeways,Not Applicable,Not Applicable,1,Traffic Citation
39.8857316,-77.6724,"Friday, July 4, 2025 10:17 AM",Maximum Speed Limits - Freeways,Not Applicable,Not Applicable,1,Traffic Citation
39.8857393,-77.672396,"Friday, July 4, 2025 2:27 PM",Maximum Speed Limits - Freeways,Not Applicable,Not Applicable,1,Traffic Citation
39.8857476,-77.184641,"Sunday, May 31, 2026 4:24 PM",Maximum Speed Limits - Freeways,Not Applicable,Not Applicable,1,Traffic Citation
39.8857786,-77.672377,"Wednesday, July 23, 2025 4:56 PM",Maximum Speed Limits - Freeways,Not Applicable,Not Applicable,1,Traffic Citation
39.8857818,-77.672375,"Thursday, September 11, 2025 8:59 PM",Maximum Speed Limits - Freeways,Not Applicable,Not Applicable,1,Traffic Citation
39.8858116,-77.672361,"Monday, June 8, 2026 10:58 AM",Maximum Speed Limits - Freeways,Not Applicable,Not Applicable,2,Traffic Citation
39.8858209,-77.672357,"Thursday, September 11, 2025 5:08 PM",Maximum Speed Limits - Freeways,Not Applicable,Not Applicable,1,Traffic Citation
39.8858301,-77.184273,"Tuesday, August 26, 2025 4:13 PM",Maximum Speed Limits - Freeways,Not Applicable,Not Applicable,1,Traffic Citation
39.8858365,-77.672028,"Wednesday, December 31, 2025 1:41 AM",Maximum Speed Limits - Freeways,Not Applicable,Not Applicable,1,Traffic Citation
39.8858457,-77.672345,"Monday, June 8, 2026 9:08 AM",Maximum Speed Limits - Freeways,Not Applicable,Not Applicable,1,Traffic Citation
39.8858597,-77.672338,"Wednesday, June 10, 2026 12:20 PM",Maximum Speed Limits - Freeways,Not Applicable,Not Applicable,1,Traffic Citation
39.8858679,-77.672334,"Saturday, July 5, 2025 12:53 PM",Maximum Speed Limits - Freeways,Not Applicable,Not Applicable,1,Traffic Citation
39.8858726,-77.184247,"Tuesday, October 28, 2025 1:00 PM",Maximum Speed Limits - Freeways,Not Applicable,Not Applicable,1,Traffic Citation
39.8859145,-77.67199,"Friday, April 3, 2026 5:50 AM",Maximum Speed Limits - Freeways,Not Applicable,Not Applicable,1,Traffic Citation
39.8859195,-77.672309,"Sunday, July 6, 2025 2:33 PM",Maximum Speed Limits - Freeways,Not Applicable,Not Applicable,1,Traffic Citation
39.8859247,-77.672307,"Thursday, September 11, 2025 12:10 PM",Maximum Speed Limits - Freeways,Not Applicable,Not Applicable,1,Traffic Citation
39.8859265,-77.671984,"Wednesday, December 31, 2025 1:18 AM",Maximum Speed Limits - Freeways,Not Applicable,Not Applicable,1,Traffic Citation
39.8859283,-77.184213,"Sunday, January 4, 2026 1:46 PM",Maximum Speed Limits - Freeways,Not Applicable,Not Applicable,1,Traffic Citation
39.8859397,-77.6723,"Saturday, July 5, 2025 11:57 AM",Maximum Speed Limits - Freeways,Not Applicable,Not Applicable,1,Traffic Citation
39.885945,-77.671975,"Wednesday, December 24, 2025 4:39 AM",Maximum Speed Limits - Freeways,Not Applicable,Not Applicable,1,Traffic Citation
39.8859504,-77.672294,"Thursday, September 11, 2025 9:51 PM",Maximum Speed Limits - Freeways,Not Applicable,Not Applicable,1,Traffic Citation
39.8859508,-77.671972,"Sunday, August 31, 2025 4:06 PM",Maximum Speed Limits - Freeways,Not Applicable,Not Applicable,1,Traffic Citation
39.8859629,-77.672288,"Friday, July 4, 2025 8:44 AM",Maximum Speed Limits - Freeways,Not Applicable,Not Applicable,1,Traffic Citation
39.8859655,-77.672287,"Monday, June 8, 2026 1:07 PM",Maximum Speed Limits - Freeways,Not Applicable,Not Applicable,1,Traffic Citation
39.8859769,-77.672282,"Wednesday, August 6, 2025 10:35 AM",Maximum Speed Limits - Freeways,Not Applicable,Not Applicable,1,Traffic Citation
39.8859805,-77.67228,"Friday, July 4, 2025 2:11 PM",Maximum Speed Limits - Freeways,Not Applicable,Not Applicable,1,Traffic Citation
39.8860022,-77.67227,"Saturday, July 5, 2025 12:30 PM",Maximum Speed Limits - Freeways,Not Applicable,Not Applicable,1,Traffic Citation
39.8860045,-77.672269,"Friday, July 4, 2025 11:09 AM",Maximum Speed Limits - Freeways,Not Applicable,Not Applicable,1,Traffic Citation
39.8860056,-77.672268,"Wednesday, June 10, 2026 12:50 PM",Maximum Speed Limits - Freeways,Not Applicable,Not Applicable,1,Traffic Citation
39.886006,-77.184167,"Wednesday, November 12, 2025 12:22 PM",Maximum Speed Limits - Freeways,Not Applicable,Not Applicable,1,Traffic Citation
39.8860089,-77.672266,"Saturday, July 5, 2025 1:33 PM",Maximum Speed Limits - Freeways,Not Applicable,Not Applicable,1,Traffic Citation
39.8860301,-77.184152,"Sunday, October 26, 2025 11:52 AM",Maximum Speed Limits - Freeways,Not Applicable,Not Applicable,1,Traffic Citation
39.8860492,-77.672247,"Sunday, July 6, 2025 11:12 AM",Maximum Speed Limits - Freeways,Not Applicable,Not Applicable,1,Traffic Citation
39.8860746,-77.672235,"Monday, June 8, 2026 1:41 PM",Maximum Speed Limits - Freeways,Not Applicable,Not Applicable,1,Traffic Citation
39.8860848,-77.184119,"Wednesday, October 15, 2025 3:36 PM",Maximum Speed Limits - Freeways,Not Applicable,Not Applicable,1,Traffic Citation
39.886093,-77.672226,"Saturday, July 5, 2025 12:12 PM",Maximum Speed Limits - Freeways,Not Applicable,Not Applicable,1,Traffic Citation
39.8861166,-77.672215,"Wednesday, August 6, 2025 8:24 AM",Maximum Speed Limits - Freeways,Not Applicable,Not Applicable,1,Traffic Citation
39.8861275,-77.184092,"Friday, October 31, 2025 10:25 AM",Maximum Speed Limits - Freeways,Not Applicable,Not Applicable,1,Traffic Citation
39.8861424,-77.671879,"Saturday, July 5, 2025 9:51 AM",Maximum Speed Limits - Freeways,Not Applicable,Not Applicable,1,Traffic Citation
39.8861964,-77.672176,"Saturday, July 5, 2025 10:24 AM",Maximum Speed Limits - Freeways,Not Applicable,Not Applicable,1,Traffic Citation
39.8861988,-77.672175,"Sunday, July 6, 2025 11:08 AM",Maximum Speed Limits - Freeways,Not Applicable,Not Applicable,1,Traffic Citation
39.8862128,-77.672169,"Saturday, July 5, 2025 8:20 AM",Maximum Speed Limits - Freeways,Not Applicable,Not Applicable,1,Traffic Citation
39.886213,-77.672168,"Friday, July 4, 2025 9:16 AM",Maximum Speed Limits - Freeways,Not Applicable,Not Applicable,1,Traffic Citation
39.8862262,-77.672162,"Wednesday, August 6, 2025 8:12 AM",Maximum Speed Limits - Freeways,Not Applicable,Not Applicable,1,Traffic Citation
39.8862403,-77.672155,"Thursday, July 3, 2025 8:33 AM",Maximum Speed Limits - Freeways,Not Applicable,Not Applicable,1,Traffic Citation
39.886242,-77.672155,"Sunday, July 6, 2025 7:04 AM",Maximum Speed Limits - Freeways,Not Applicable,Not Applicable,1,Traffic Citation
39.8862457,-77.672153,"Sunday, July 6, 2025 12:05 PM",Maximum Speed Limits - Freeways,Not Applicable,Not Applicable,1,Traffic Citation
39.8862463,-77.672152,"Monday, February 9, 2026 4:35 AM",Maximum Speed Limits - Freeways,Not Applicable,Not Applicable,1,Traffic Citation
39.886255,-77.672148,"Sunday, July 6, 2025 6:53 AM",Maximum Speed Limits - Freeways,Not Applicable,Not Applicable,1,Traffic Citation
39.8862767,-77.672138,"Sunday, July 6, 2025 6:19 AM",Maximum Speed Limits - Freeways,Not Applicable,Not Applicable,1,Traffic Citation
39.8862802,-77.672136,"Sunday, July 6, 2025 9:30 AM",Maximum Speed Limits - Freeways,Not Applicable,Not Applicable,1,Traffic Citation
39.8862846,-77.183996,"Friday, January 9, 2026 12:55 PM",Maximum Speed Limits - Freeways,Not Applicable,Not Applicable,1,Traffic Citation
39.8862858,-77.672133,"Sunday, July 6, 2025 9:53 AM",Maximum Speed Limits - Freeways,Not Applicable,Not Applicable,1,Traffic Citation
39.8862871,-77.672133,"Wednesday, August 6, 2025 6:55 AM",Maximum Speed Limits - Freeways,Not Applicable,Not Applicable,1,Traffic Citation
39.8862913,-77.672131,"Thursday, July 3, 2025 8:54 AM",Maximum Speed Limits - Freeways,Not Applicable,Not Applicable,1,Traffic Citation
39.8862917,-77.672131,"Thursday, July 3, 2025 9:57 AM",Maximum Speed Limits - Freeways,Not Applicable,Not Applicable,1,Traffic Citation
39.8863079,-77.672123,"Thursday, July 3, 2025 7:36 AM",Maximum Speed Limits - Freeways,Not Applicable,Not Applicable,1,Traffic Citation
39.8863116,-77.672121,"Saturday, July 5, 2025 10:08 AM",Maximum Speed Limits - Freeways,Not Applicable,Not Applicable,1,Traffic Citation
39.8863126,-77.183979,"Wednesday, January 28, 2026 4:00 PM",Maximum Speed Limits - Freeways,Not Applicable,Not Applicable,1,Traffic Citation
39.8863159,-77.672119,"Saturday, July 5, 2025 7:33 AM",Maximum Speed Limits - Freeways,Not Applicable,Not Applicable,1,Traffic Citation
39.8863303,-77.672112,"Thursday, March 19, 2026 7:17 AM",Maximum Speed Limits - Freeways,Not Applicable,Not Applicable,1,Traffic Citation
39.8863371,-77.672109,"Friday, July 4, 2025 6:48 AM",Maximum Speed Limits - Freeways,Not Applicable,Not Applicable,1,Traffic Citation
39.8863387,-77.672108,"Thursday, March 19, 2026 7:31 AM",Maximum Speed Limits - Freeways,Not Applicable,Not Applicable,1,Traffic Citation
39.886352,-77.672102,"Friday, July 4, 2025 6:31 AM",Maximum Speed Limits - Freeways,Not Applicable,Not Applicable,2,Traffic Citation
39.8863597,-77.672098,"Wednesday, August 6, 2025 6:19 AM",Maximum Speed Limits - Freeways,Not Applicable,Not Applicable,1,Traffic Citation
39.8863771,-77.67209,"Wednesday, August 6, 2025 8:39 AM",Maximum Speed Limits - Freeways,Not Applicable,Not Applicable,1,Traffic Citation
39.8863847,-77.183935,"Saturday, November 22, 2025 1:17 PM",Maximum Speed Limits - Freeways,Not Applicable,Not Applicable,1,Traffic Citation
39.8863983,-77.672079,"Wednesday, August 6, 2025 6:34 AM",Maximum Speed Limits - Freeways,Not Applicable,Not Applicable,1,Traffic Citation
39.8864153,-77.671746,"Thursday, May 21, 2026 10:03 PM",Maximum Speed Limits - Freeways,Not Applicable,Not Applicable,3,Traffic Citation
39.8864352,-77.672062,"Sunday, July 6, 2025 12:32 PM",Maximum Speed Limits - Freeways,Not Applicable,Not Applicable,1,Traffic Citation
39.8865045,-77.672029,"Sunday, July 6, 2025 7:25 AM",Maximum Speed Limits - Freeways,Not Applicable,Not Applicable,1,Traffic Citation
39.8866082,-77.671979,"Wednesday, August 6, 2025 10:34 AM",Maximum Speed Limits - Freeways,Not Applicable,Not Applicable,1,Traffic Citation
39.8866283,-77.671969,"Wednesday, August 6, 2025 9:44 AM",Maximum Speed Limits - Freeways,Not Applicable,Not Applicable,1,Traffic Citation
39.8867046,-77.183733,"Friday, October 31, 2025 9:43 AM",Maximum Speed Limits - Freeways,Not Applicable,Not Applicable,1,Traffic Citation
39.8867279,-77.183718,"Saturday, November 22, 2025 2:11 PM",Maximum Speed Limits - Freeways,Not Applicable,Not Applicable,1,Traffic Citation
39.886882,-77.183615,"Monday, October 27, 2025 9:00 PM",Maximum Speed Limits - Freeways,Not Applicable,Not Applicable,1,Traffic Citation
39.8868822,-77.183615,"Friday, April 3, 2026 7:50 PM",Maximum Speed Limits - Freeways,Not Applicable,Not Applicable,1,Traffic Citation
39.8871076,-77.183458,"Saturday, August 16, 2025 1:47 PM",Maximum Speed Limits - Freeways,Not Applicable,Not Applicable,1,Traffic Citation
39.8871593,-77.671714,"Monday, June 8, 2026 8:22 AM",Maximum Speed Limits - Freeways,Not Applicable,Not Applicable,1,Traffic Citation
39.8873031,-77.183323,"Wednesday, August 6, 2025 6:28 PM",Maximum Speed Limits - Freeways,Not Applicable,Not Applicable,1,Traffic Citation
39.8874423,-77.183214,"Sunday, May 24, 2026 11:50 AM",Maximum Speed Limits - Freeways,Not Applicable,Not Applicable,1,Traffic Citation
39.8876142,-77.18305,"Thursday, January 22, 2026 2:21 PM",Maximum Speed Limits - Freeways,Not Applicable,Not Applicable,1,Traffic Citation
39.8877451,-77.182926,"Thursday, January 8, 2026 1:02 PM",Maximum Speed Limits - Freeways,Not Applicable,Not Applicable,1,Traffic Citation
39.8879686,-80.133431,"Monday, September 1, 2025 9:39 PM",Maximum Speed Limits - Freeways,Not Applicable,Not Applicable,4,Traffic Citation
39.8881249,-77.18254,"Tuesday, June 9, 2026 8:20 PM",Maximum Speed Limits - Freeways,Not Applicable,Not Applicable,1,Traffic Citation
39.8883229,-77.182555,"Friday, August 8, 2025 8:14 AM",Maximum Speed Limits - Freeways,Not Applicable,Not Applicable,1,Traffic Citation
39.8883823,-77.182242,"Tuesday, March 10, 2026 5:10 PM",Maximum Speed Limits - Freeways,Not Applicable,Not Applicable,1,Traffic Citation
39.8886238,-77.181872,"Wednesday, June 17, 2026 3:21 PM",Maximum Speed Limits - Freeways,Not Applicable,Not Applicable,1,Traffic Citation
39.8886813,-77.182599,"Tuesday, March 24, 2026 1:50 PM",Maximum Speed Limits - Freeways,Not Applicable,Not Applicable,1,Traffic Citation
39.8887847,-77.182168,"Monday, June 15, 2026 10:02 AM",Maximum Speed Limits - Freeways,Not Applicable,Not Applicable,1,Traffic Citation
39.8887912,-77.182507,"Tuesday, November 25, 2025 1:15 PM",Maximum Speed Limits - Freeways,Not Applicable,Not Applicable,1,Traffic Citation
39.8889363,-77.182387,"Saturday, April 4, 2026 6:02 PM",Maximum Speed Limits - Freeways,Not Applicable,Not Applicable,1,Traffic Citation
39.8891471,-77.181865,"Friday, October 31, 2025 8:53 AM",Maximum Speed Limits - Freeways,Not Applicable,Not Applicable,1,Traffic Citation
39.8896144,-77.181807,"Saturday, May 30, 2026 3:11 PM",Maximum Speed Limits - Freeways,Not Applicable,Not Applicable,1,Traffic Citation
39.8898269,-77.181286,"Tuesday, April 21, 2026 3:00 PM",Maximum Speed Limits - Freeways,Not Applicable,Not Applicable,1,Traffic Citation
39.8898284,-77.181284,"Sunday, May 24, 2026 7:56 AM",Maximum Speed Limits - Freeways,Not Applicable,Not Applicable,1,Traffic Citation
39.8901554,-77.181347,"Monday, May 25, 2026 4:22 PM",Maximum Speed Limits - Freeways,Not Applicable,Not Applicable,1,Traffic Citation
39.8902418,-77.180921,"Saturday, February 14, 2026 1:07 PM",Maximum Speed Limits - Freeways,Not Applicable,Not Applicable,1,Traffic Citation
39.8902468,-77.183734,"Sunday, December 7, 2025 11:53 AM",Maximum Speed Limits - Freeways,Not Applicable,Not Applicable,1,Traffic Citation
39.8902637,-77.181254,"Saturday, June 13, 2026 12:00 PM",Maximum Speed Limits - Freeways,Not Applicable,Not Applicable,1,Traffic Citation
39.8902836,-77.180885,"Sunday, May 24, 2026 2:30 PM",Maximum Speed Limits - Freeways,Not Applicable,Not Applicable,1,Traffic Citation
39.8903049,-77.18336,"Sunday, October 12, 2025 2:42 PM",Maximum Speed Limits - Freeways,Not Applicable,Not Applicable,1,Traffic Citation
39.8903957,-77.181145,"Thursday, May 14, 2026 10:12 AM",Maximum Speed Limits - Freeways,Not Applicable,Not Applicable,1,Traffic Citation
39.8904347,-77.180754,"Sunday, November 23, 2025 1:38 PM",Maximum Speed Limits - Freeways,Not Applicable,Not Applicable,1,Traffic Citation
39.8904884,-77.184413,"Wednesday, November 19, 2025 4:19 PM",Maximum Speed Limits - Freeways,Not Applicable,Not Applicable,1,Traffic Citation
39.8905567,-77.181012,"Saturday, May 30, 2026 4:19 PM",Maximum Speed Limits - Freeways,Not Applicable,Not Applicable,1,Traffic Citation
39.8905714,-77.183567,"Thursday, March 26, 2026 4:03 PM",Maximum Speed Limits - Freeways,Not Applicable,Not Applicable,1,Traffic Citation
39.8905977,-77.180613,"Monday, June 1, 2026 11:48 AM",Maximum Speed Limits - Freeways,Not Applicable,Not Applicable,1,Traffic Citation
39.8906016,-77.180974,"Wednesday, March 11, 2026 5:19 PM",Maximum Speed Limits - Freeways,Not Applicable,Not Applicable,1,Traffic Citation
39.8906053,-77.180971,"Tuesday, July 29, 2025 9:28 AM",Maximum Speed Limits - Freeways,Not Applicable,Not Applicable,1,Traffic Citation
39.89067,-77.18055,"Saturday, July 5, 2025 3:26 PM",Maximum Speed Limits - Freeways,Not Applicable,Not Applicable,1,Traffic Citation
39.8906855,-77.180537,"Sunday, April 12, 2026 3:20 PM",Maximum Speed Limits - Freeways,Not Applicable,Not Applicable,1,Traffic Citation
39.890695,-77.180528,"Saturday, March 14, 2026 11:51 AM",Maximum Speed Limits - Freeways,Not Applicable,Not Applicable,1,Traffic Citation
39.8907304,-77.180867,"Saturday, March 28, 2026 3:48 PM",Maximum Speed Limits - Freeways,Not Applicable,Not Applicable,1,Traffic Citation
39.8916654,-77.179711,"Saturday, March 14, 2026 1:10 PM",Maximum Speed Limits - Freeways,Not Applicable,Not Applicable,1,Traffic Citation
39.891827,-80.136178,"Saturday, January 3, 2026 7:42 AM",Maximum Speed Limits - Freeways,Not Applicable,Not Applicable,1,Traffic Citation
39.8919689,-77.179821,"Tuesday, March 24, 2026 1:14 PM",Maximum Speed Limits - Freeways,Not Applicable,Not Applicable,1,Traffic Citation
39.8920006,-77.179793,"Sunday, November 30, 2025 4:36 PM",Maximum Speed Limits - Freeways,Not Applicable,Not Applicable,1,Traffic Citation
39.8921254,-77.179323,"Saturday, March 14, 2026 12:30 PM",Maximum Speed Limits - Freeways,Not Applicable,Not Applicable,1,Traffic Citation
39.8923728,-77.179114,"Tuesday, September 2, 2025 10:35 AM",Maximum Speed Limits - Freeways,Not Applicable,Not Applicable,1,Traffic Citation
39.8924758,-77.179027,"Sunday, July 20, 2025 12:40 PM",Maximum Speed Limits - Freeways,Not Applicable,Not Applicable,1,Traffic Citation
39.8924929,-80.137335,"Saturday, January 3, 2026 7:21 AM",Maximum Speed Limits - Freeways,Not Applicable,Not Applicable,1,Traffic Citation
39.8926042,-80.137462,"Saturday, January 3, 2026 7:10 AM",Maximum Speed Limits - Freeways,Not Applicable,Not Applicable,1,Traffic Citation
39.8926211,-77.6687,"Monday, May 25, 2026 3:52 PM",Maximum Speed Limits - Freeways,Not Applicable,Not Applicable,1,Traffic Citation
39.8927716,-77.179142,"Saturday, April 4, 2026 7:29 PM",Maximum Speed Limits - Freeways,Not Applicable,Not Applicable,1,Traffic Citation
39.8927759,-77.178775,"Friday, October 31, 2025 11:40 AM",Maximum Speed Limits - Freeways,Not Applicable,Not Applicable,1,Traffic Citation
39.8928187,-77.178738,"Saturday, June 27, 2026 7:25 PM",Maximum Speed Limits - Freeways,Not Applicable,Not Applicable,2,Traffic Citation
39.8928659,-77.178699,"Sunday, August 31, 2025 6:46 PM",Maximum Speed Limits - Freeways,Not Applicable,Not Applicable,1,Traffic Citation
39.892885,-77.178683,"Friday, October 24, 2025 3:36 PM",Maximum Speed Limits - Freeways,Not Applicable,Not Applicable,1,Traffic Citation
39.8931464,-77.178463,"Monday, November 10, 2025 4:38 PM",Maximum Speed Limits - Freeways,Not Applicable,Not Applicable,1,Traffic Citation
39.8932216,-77.178401,"Friday, November 28, 2025 12:51 PM",Maximum Speed Limits - Freeways,Not Applicable,Not Applicable,2,Traffic Citation
39.8933877,-77.178629,"Friday, November 28, 2025 9:11 AM",Maximum Speed Limits - Freeways,Not Applicable,Not Applicable,1,Traffic Citation
39.8934456,-77.178212,"Friday, March 13, 2026 4:57 PM",Maximum Speed Limits - Freeways,Not Applicable,Not Applicable,1,Traffic Citation
39.8934997,-77.178533,"Saturday, April 4, 2026 4:25 PM",Maximum Speed Limits - Freeways,Not Applicable,Not Applicable,1,Traffic Citation
39.8935006,-77.178165,"Friday, November 28, 2025 3:44 PM",Maximum Speed Limits - Freeways,Not Applicable,Not Applicable,1,Traffic Citation
39.8937672,-77.177939,"Friday, November 28, 2025 2:34 PM",Maximum Speed Limits - Freeways,Not Applicable,Not Applicable,1,Traffic Citation
39.893904,-77.177822,"Sunday, May 24, 2026 3:19 PM",Maximum Speed Limits - Freeways,Not Applicable,Not Applicable,1,Traffic Citation
39.8939811,-77.177757,"Wednesday, December 31, 2025 12:49 PM",Maximum Speed Limits - Freeways,Not Applicable,Not Applicable,1,Traffic Citation
39.8940304,-77.177715,"Saturday, August 16, 2025 1:40 PM",Maximum Speed Limits - Freeways,Not Applicable,Not Applicable,1,Traffic Citation
39.8940683,-77.178038,"Thursday, May 14, 2026 12:21 PM",Maximum Speed Limits - Freeways,Not Applicable,Not Applicable,1,Traffic Citation
39.8941221,-77.177635,"Tuesday, October 21, 2025 2:09 PM",Maximum Speed Limits - Freeways,Not Applicable,Not Applicable,1,Traffic Citation
39.8941438,-77.177617,"Tuesday, October 7, 2025 9:41 AM",Maximum Speed Limits - Freeways,Not Applicable,Not Applicable,1,Traffic Citation
39.8941958,-77.177571,"Monday, February 9, 2026 2:12 PM",Maximum Speed Limits - Freeways,Not Applicable,Not Applicable,1,Traffic Citation
39.8943669,-80.139068,"Wednesday, November 26, 2025 11:20 AM",Maximum Speed Limits - Freeways,Not Applicable,Not Applicable,1,Traffic Citation
39.8946211,-77.177572,"Friday, October 31, 2025 12:56 PM",Maximum Speed Limits - Freeways,Not Applicable,Not Applicable,1,Traffic Citation
39.8949097,-77.177327,"Thursday, April 9, 2026 4:38 PM",Maximum Speed Limits - Freeways,Not Applicable,Not Applicable,1,Traffic Citation
39.895044,-77.177212,"Saturday, April 11, 2026 1:58 PM",Maximum Speed Limits - Freeways,Not Applicable,Not Applicable,1,Traffic Citation
39.8951374,-77.177133,"Monday, May 25, 2026 3:39 PM",Maximum Speed Limits - Freeways,Not Applicable,Not Applicable,1,Traffic Citation
39.8952164,-77.176711,"Thursday, September 11, 2025 12:37 PM",Maximum Speed Limits - Freeways,Not Applicable,Not Applicable,1,Traffic Citation
39.8952193,-77.176709,"Saturday, June 6, 2026 7:34 PM",Maximum Speed Limits - Freeways,Not Applicable,Not Applicable,1,Traffic Citation
39.8952404,-77.666741,"Saturday, July 12, 2025 2:12 AM",Maximum Speed Limits - Freeways,Not Applicable,Not Applicable,1,Traffic Citation
39.8952989,-77.176641,"Saturday, August 9, 2025 6:44 PM",Maximum Speed Limits - Freeways,Not Applicable,Not Applicable,1,Traffic Citation
39.8954019,-77.176907,"Friday, November 14, 2025 4:15 PM",Maximum Speed Limits - Freeways,Not Applicable,Not Applicable,1,Traffic Citation
39.8954136,-77.176543,"Saturday, September 6, 2025 12:40 PM",Maximum Speed Limits - Freeways,Not Applicable,Not Applicable,1,Traffic Citation
39.8954928,-77.176475,"Friday, August 22, 2025 6:13 PM",Maximum Speed Limits - Freeways,Not Applicable,Not Applicable,1,Traffic Citation
39.8954962,-77.176472,"Friday, August 22, 2025 6:32 PM",Maximum Speed Limits - Freeways,Not Applicable,Not Applicable,1,Traffic Citation
39.8955214,-77.176451,"Friday, June 26, 2026 8:28 AM",Maximum Speed Limits - Freeways,Not Applicable,Not Applicable,1,Traffic Citation
39.8955449,-77.176431,"Thursday, August 21, 2025 7:20 PM",Maximum Speed Limits - Freeways,Not Applicable,Not Applicable,1,Traffic Citation
39.8956049,-77.176379,"Saturday, August 16, 2025 4:41 PM",Maximum Speed Limits - Freeways,Not Applicable,Not Applicable,1,Traffic Citation
39.8956493,-77.176342,"Wednesday, November 26, 2025 8:13 PM",Maximum Speed Limits - Freeways,Not Applicable,Not Applicable,1,Traffic Citation
39.8956666,-77.176685,"Sunday, February 8, 2026 2:46 PM",Maximum Speed Limits - Freeways,Not Applicable,Not Applicable,1,Traffic Citation
39.8956726,-77.176322,"Saturday, December 20, 2025 12:23 PM",Maximum Speed Limits - Freeways,Not Applicable,Not Applicable,1,Traffic Citation
39.8956812,-77.176672,"Thursday, January 1, 2026 2:19 PM",Maximum Speed Limits - Freeways,Not Applicable,Not Applicable,1,Traffic Citation
39.8957248,-77.176636,"Saturday, June 6, 2026 8:08 PM",Maximum Speed Limits - Freeways,Not Applicable,Not Applicable,2,Traffic Citation
39.8957264,-77.176635,"Thursday, December 25, 2025 5:54 PM",Maximum Speed Limits - Freeways,Not Applicable,Not Applicable,1,Traffic Citation
39.8957935,-77.176218,"Sunday, December 21, 2025 11:13 AM",Maximum Speed Limits - Freeways,Not Applicable,Not Applicable,1,Traffic Citation
39.8958128,-77.666251,"Monday, June 1, 2026 11:19 AM",Maximum Speed Limits - Freeways,Not Applicable,Not Applicable,2,Traffic Citation
39.8958233,-77.176193,"Saturday, June 6, 2026 8:50 PM",Maximum Speed Limits - Freeways,Not Applicable,Not Applicable,1,Traffic Citation
39.8958358,-77.176543,"Thursday, November 20, 2025 11:48 AM",Maximum Speed Limits - Freeways,Not Applicable,Not Applicable,1,Traffic Citation
39.8958647,-77.176519,"Saturday, June 6, 2026 7:54 PM",Maximum Speed Limits - Freeways,Not Applicable,Not Applicable,1,Traffic Citation
39.8958687,-77.176154,"Friday, February 13, 2026 9:11 PM",Maximum Speed Limits - Freeways,Not Applicable,Not Applicable,1,Traffic Citation
39.8959809,-80.14091,"Wednesday, September 3, 2025 1:29 PM",Maximum Speed Limits - Freeways,Not Applicable,Not Applicable,1,Traffic Citation
39.8959824,-77.176057,"Saturday, August 16, 2025 5:17 PM",Maximum Speed Limits - Freeways,Not Applicable,Not Applicable,1,Traffic Citation
39.8960498,-77.175999,"Tuesday, April 14, 2026 4:34 PM",Maximum Speed Limits - Freeways,Not Applicable,Not Applicable,1,Traffic Citation
39.8960824,-77.666025,"Sunday, May 24, 2026 7:51 PM",Maximum Speed Limits - Freeways,Not Applicable,Not Applicable,1,Traffic Citation
39.8963575,-77.176101,"Friday, October 31, 2025 9:39 AM",Maximum Speed Limits - Freeways,Not Applicable,Not Applicable,1,Traffic Citation
39.8964918,-77.175986,"Tuesday, June 23, 2026 3:05 PM",Maximum Speed Limits - Freeways,Not Applicable,Not Applicable,1,Traffic Citation
39.896587,-77.175551,"Saturday, October 18, 2025 12:12 PM",Maximum Speed Limits - Freeways,Not Applicable,Not Applicable,1,Traffic Citation
39.8967168,-77.175794,"Sunday, January 4, 2026 10:48 AM",Maximum Speed Limits - Freeways,Not Applicable,Not Applicable,1,Traffic Citation
39.8968124,-77.175713,"Monday, June 29, 2026 12:43 PM",Maximum Speed Limits - Freeways,Not Applicable,Not Applicable,1,Traffic Citation
39.8969506,-77.175595,"Thursday, April 23, 2026 6:28 PM",Maximum Speed Limits - Freeways,Not Applicable,Not Applicable,1,Traffic Citation
39.897009,-77.175193,"Wednesday, March 25, 2026 7:08 PM",Maximum Speed Limits - Freeways,Not Applicable,Not Applicable,1,Traffic Citation
39.8973956,-77.175217,"Wednesday, June 17, 2026 11:51 AM",Maximum Speed Limits - Freeways,Not Applicable,Not Applicable,1,Traffic Citation
39.897549,-77.174735,"Saturday, August 16, 2025 12:51 PM",Maximum Speed Limits - Freeways,Not Applicable,Not Applicable,1,Traffic Citation
39.8976396,-77.174658,"Tuesday, November 11, 2025 2:03 PM",Maximum Speed Limits - Freeways,Not Applicable,Not Applicable,1,Traffic Citation
39.8977616,-77.174555,"Wednesday, November 26, 2025 7:49 PM",Maximum Speed Limits - Freeways,Not Applicable,Not Applicable,1,Traffic Citation
39.8978099,-77.174514,"Saturday, October 18, 2025 11:54 AM",Maximum Speed Limits - Freeways,Not Applicable,Not Applicable,1,Traffic Citation
39.8978949,-77.174442,"Tuesday, August 26, 2025 3:50 PM",Maximum Speed Limits - Freeways,Not Applicable,Not Applicable,1,Traffic Citation
39.897937,-77.174406,"Thursday, March 12, 2026 8:13 PM",Maximum Speed Limits - Freeways,Not Applicable,Not Applicable,1,Traffic Citation
39.8980506,-77.664358,"Wednesday, December 31, 2025 9:59 PM",Maximum Speed Limits - Freeways,Not Applicable,Not Applicable,1,Traffic Citation
39.8981608,-77.174565,"Thursday, January 1, 2026 1:04 PM",Maximum Speed Limits - Freeways,Not Applicable,Not Applicable,1,Traffic Citation
39.8981875,-77.174193,"Wednesday, December 31, 2025 1:59 PM",Maximum Speed Limits - Freeways,Not Applicable,Not Applicable,1,Traffic Citation
39.8981932,-77.174188,"Tuesday, June 2, 2026 3:10 PM",Maximum Speed Limits - Freeways,Not Applicable,Not Applicable,1,Traffic Citation
39.8982218,-77.17453,"Friday, July 18, 2025 3:13 PM",Maximum Speed Limits - Freeways,Not Applicable,Not Applicable,3,Traffic Citation
39.8982486,-77.17449,"Sunday, August 31, 2025 11:40 AM",Maximum Speed Limits - Freeways,Not Applicable,Not Applicable,1,Traffic Citation
39.8982645,-77.174128,"Tuesday, June 30, 2026 11:04 AM",Maximum Speed Limits - Freeways,Not Applicable,Not Applicable,1,Traffic Citation
39.8982688,-77.174124,"Tuesday, June 2, 2026 3:29 PM",Maximum Speed Limits - Freeways,Not Applicable,Not Applicable,1,Traffic Citation
39.8983703,-77.174387,"Friday, November 14, 2025 3:44 PM",Maximum Speed Limits - Freeways,Not Applicable,Not Applicable,1,Traffic Citation
39.8983763,-77.174033,"Tuesday, June 2, 2026 10:12 AM",Maximum Speed Limits - Freeways,Not Applicable,Not Applicable,1,Traffic Citation
39.8984064,-77.174357,"Saturday, August 16, 2025 4:38 PM",Maximum Speed Limits - Freeways,Not Applicable,Not Applicable,1,Traffic Citation
39.8985013,-77.173926,"Tuesday, June 30, 2026 10:31 AM",Maximum Speed Limits - Freeways,Not Applicable,Not Applicable,1,Traffic Citation
39.898532,-77.1739,"Monday, March 9, 2026 10:42 AM",Maximum Speed Limits - Freeways,Not Applicable,Not Applicable,1,Traffic Citation
39.8985407,-77.173893,"Tuesday, January 13, 2026 3:09 PM",Maximum Speed Limits - Freeways,Not Applicable,Not Applicable,1,Traffic Citation
39.8985664,-77.664284,"Sunday, July 6, 2025 9:18 PM",Maximum Speed Limits - Freeways,Not Applicable,Not Applicable,1,Traffic Citation
39.8985752,-77.173864,"Monday, June 15, 2026 4:28 PM",Maximum Speed Limits - Freeways,Not Applicable,Not Applicable,1,Traffic Citation
39.8986188,-77.174178,"Friday, May 29, 2026 5:23 PM",Maximum Speed Limits - Freeways,Not Applicable,Not Applicable,1,Traffic Citation
39.8986244,-77.173822,"Monday, June 15, 2026 4:42 PM",Maximum Speed Limits - Freeways,Not Applicable,Not Applicable,1,Traffic Citation
39.8987509,-77.173714,"Tuesday, January 13, 2026 9:26 AM",Maximum Speed Limits - Freeways,Not Applicable,Not Applicable,1,Traffic Citation
39.8987893,-77.173682,"Saturday, August 23, 2025 8:42 AM",Maximum Speed Limits - Freeways,Not Applicable,Not Applicable,1,Traffic Citation
39.8991497,-77.663421,"Friday, March 13, 2026 8:21 PM",Maximum Speed Limits - Freeways,Not Applicable,Not Applicable,1,Traffic Citation
39.9000356,-77.172976,"Tuesday, November 11, 2025 1:46 PM",Maximum Speed Limits - Freeways,Not Applicable,Not Applicable,1,Traffic Citation
39.9000872,-77.172932,"Saturday, October 25, 2025 4:02 PM",Maximum Speed Limits - Freeways,Not Applicable,Not Applicable,1,Traffic Citation
39.9003076,-80.145778,"Sunday, January 18, 2026 9:03 PM",Maximum Speed Limits - Freeways,Not Applicable,Not Applicable,1,Traffic Citation
39.9003352,-77.172356,"Monday, January 19, 2026 2:43 PM",Maximum Speed Limits - Freeways,Not Applicable,Not Applicable,1,Traffic Citation
39.9003682,-77.172327,"Sunday, November 30, 2025 4:17 PM",Maximum Speed Limits - Freeways,Not Applicable,Not Applicable,1,Traffic Citation
39.9005673,-80.145632,"Monday, February 9, 2026 11:30 AM",Maximum Speed Limits - Freeways,Not Applicable,Not Applicable,1,Traffic Citation
39.9005904,-80.146023,"Saturday, September 13, 2025 10:04 AM",Maximum Speed Limits - Freeways,Not Applicable,Not Applicable,1,Traffic Citation
39.9010671,-77.171739,"Tuesday, June 2, 2026 1:16 PM",Maximum Speed Limits - Freeways,Not Applicable,Not Applicable,1,Traffic Citation
39.9011309,-77.172054,"Saturday, May 16, 2026 11:13 AM",Maximum Speed Limits - Freeways,Not Applicable,Not Applicable,1,Traffic Citation
39.9014391,-77.171795,"Friday, January 23, 2026 2:09 PM",Maximum Speed Limits - Freeways,Not Applicable,Not Applicable,1,Traffic Citation
39.9018352,-77.171448,"Saturday, January 3, 2026 2:04 PM",Maximum Speed Limits - Freeways,Not Applicable,Not Applicable,1,Traffic Citation
39.9018846,-77.171047,"Tuesday, October 7, 2025 8:39 AM",Maximum Speed Limits - Freeways,Not Applicable,Not Applicable,1,Traffic Citation
39.9019212,-76.704523,"Saturday, October 4, 2025 8:51 PM",Maximum Speed Limits - Freeways,Not Applicable,Not Applicable,1,Traffic Citation
39.9019724,-77.661117,"Monday, June 29, 2026 8:07 PM",Maximum Speed Limits - Freeways,Not Applicable,Not Applicable,1,Traffic Citation
39.902491,-77.170537,"Friday, November 7, 2025 11:41 AM",Maximum Speed Limits - Freeways,Not Applicable,Not Applicable,1,Traffic Citation
39.9032424,-80.147895,"Sunday, January 18, 2026 7:43 PM",Maximum Speed Limits - Freeways,Not Applicable,Not Applicable,1,Traffic Citation
39.904147,-77.658161,"Thursday, June 18, 2026 11:44 PM",Maximum Speed Limits - Freeways,Not Applicable,Not Applicable,1,Traffic Citation
39.9043087,-77.169354,"Wednesday, November 19, 2025 4:28 PM",Maximum Speed Limits - Freeways,Not Applicable,Not Applicable,1,Traffic Citation
39.9045416,-77.168812,"Sunday, April 5, 2026 5:10 PM",Maximum Speed Limits - Freeways,Not Applicable,Not Applicable,1,Traffic Citation
39.9046597,-77.657879,"Sunday, July 6, 2025 10:54 PM",Maximum Speed Limits - Freeways,Not Applicable,Not Applicable,1,Traffic Citation
39.9047829,-77.168633,"Monday, June 15, 2026 1:44 PM",Maximum Speed Limits - Freeways,Not Applicable,Not Applicable,3,Traffic Citation
39.905622,-77.65587,"Sunday, November 23, 2025 12:42 PM",Maximum Speed Limits - Freeways,Not Applicable,Not Applicable,1,Traffic Citation
39.9059934,-77.168143,"Sunday, November 2, 2025 6:54 PM",Maximum Speed Limits - Freeways,Not Applicable,Not Applicable,1,Traffic Citation
39.9066858,-77.167412,"Monday, June 8, 2026 5:00 PM",Maximum Speed Limits - Freeways,Not Applicable,Not Applicable,1,Traffic Citation
39.9087561,-77.166483,"Monday, March 9, 2026 3:09 PM",Maximum Speed Limits - Freeways,Not Applicable,Not Applicable,1,Traffic Citation
39.9089489,-77.166727,"Sunday, August 31, 2025 6:42 AM",Maximum Speed Limits - Freeways,Not Applicable,Not Applicable,1,Traffic Citation
39.9092271,-77.648261,"Thursday, May 21, 2026 9:12 PM",Maximum Speed Limits - Freeways,Not Applicable,Not Applicable,1,Traffic Citation
39.9095507,-77.166147,"Saturday, December 20, 2025 2:07 PM",Maximum Speed Limits - Freeways,Not Applicable,Not Applicable,1,Traffic Citation
39.9095723,-77.166458,"Sunday, May 24, 2026 9:09 AM",Maximum Speed Limits - Freeways,Not Applicable,Not Applicable,1,Traffic Citation
39.9097385,-77.166386,"Wednesday, March 25, 2026 5:33 PM",Maximum Speed Limits - Freeways,Not Applicable,Not Applicable,1,Traffic Citation
39.9100601,-80.154989,"Saturday, November 15, 2025 6:11 PM",Maximum Speed Limits - Freeways,Not Applicable,Not Applicable,1,Traffic Citation
39.910075,-76.703225,"Saturday, March 28, 2026 10:18 PM",Maximum Speed Limits - Freeways,Not Applicable,Not Applicable,1,Traffic Citation
39.9110484,-79.049222,"Monday, September 1, 2025 1:21 PM",Maximum Speed Limits - Freeways,Not Applicable,Not Applicable,1,Traffic Citation
39.9111635,-80.157034,"Friday, April 3, 2026 8:55 PM",Maximum Speed Limits - Freeways,Not Applicable,Not Applicable,1,Traffic Citation
39.911474,-79.049259,"Friday, April 3, 2026 1:11 PM",Maximum Speed Limits - Freeways,Not Applicable,Not Applicable,1,Traffic Citation
39.9119966,-77.165444,"Wednesday, January 7, 2026 4:36 PM",Maximum Speed Limits - Freeways,Not Applicable,Not Applicable,1,Traffic Citation
39.9120641,-77.645457,"Sunday, March 15, 2026 7:24 PM",Maximum Speed Limits - Freeways,Not Applicable,Not Applicable,1,Traffic Citation
39.9120906,-79.049316,"Monday, July 28, 2025 7:00 PM",Maximum Speed Limits - Freeways,Not Applicable,Not Applicable,2,Traffic Citation
39.9123008,-79.049335,"Monday, July 28, 2025 7:19 PM",Maximum Speed Limits - Freeways,Not Applicable,Not Applicable,1,Traffic Citation
39.9124524,-79.049349,"Friday, April 3, 2026 1:32 PM",Maximum Speed Limits - Freeways,Not Applicable,Not Applicable,1,Traffic Citation
39.912468,-79.04935,"Friday, April 10, 2026 7:24 PM",Maximum Speed Limits - Freeways,Not Applicable,Not Applicable,1,Traffic Citation
39.9126209,-77.165179,"Friday, November 14, 2025 3:17 PM",Maximum Speed Limits - Freeways,Not Applicable,Not Applicable,1,Traffic Citation
39.9128349,-79.049383,"Friday, April 3, 2026 3:11 PM",Maximum Speed Limits - Freeways,Not Applicable,Not Applicable,1,Traffic Citation
39.9133917,-77.644159,"Monday, October 6, 2025 7:59 PM",Maximum Speed Limits - Freeways,Not Applicable,Not Applicable,1,Traffic Citation
39.9135783,-77.164783,"Wednesday, December 17, 2025 9:38 AM",Maximum Speed Limits - Freeways,Not Applicable,Not Applicable,1,Traffic Citation
39.9138882,-77.164326,"Friday, January 30, 2026 3:23 PM",Maximum Speed Limits - Freeways,Not Applicable,Not Applicable,1,Traffic Citation
39.9141003,-77.164238,"Monday, March 9, 2026 11:04 AM",Maximum Speed Limits - Freeways,Not Applicable,Not Applicable,1,Traffic Citation
39.9147181,-77.164314,"Wednesday, December 31, 2025 3:29 PM",Maximum Speed Limits - Freeways,Not Applicable,Not Applicable,1,Traffic Citation
39.9152568,-77.163758,"Sunday, May 24, 2026 4:39 PM",Maximum Speed Limits - Freeways,Not Applicable,Not Applicable,1,Traffic Citation
39.9157246,-80.161566,"Wednesday, November 26, 2025 7:29 AM",Maximum Speed Limits - Freeways,Not Applicable,Not Applicable,1,Traffic Citation
39.9157373,-80.161241,"Friday, April 3, 2026 7:21 PM",Maximum Speed Limits - Freeways,Not Applicable,Not Applicable,1,Traffic Citation
39.915786,-77.163541,"Monday, October 6, 2025 6:49 PM",Maximum Speed Limits - Freeways,Not Applicable,Not Applicable,1,Traffic Citation
39.9160152,-77.163779,"Wednesday, November 12, 2025 12:06 PM",Maximum Speed Limits - Freeways,Not Applicable,Not Applicable,1,Traffic Citation
39.9166044,-77.163212,"Thursday, January 1, 2026 5:55 PM",Maximum Speed Limits - Freeways,Not Applicable,Not Applicable,1,Traffic Citation
39.916734,-77.642092,"Friday, October 17, 2025 6:10 AM",Maximum Speed Limits - Freeways,Not Applicable,Not Applicable,2,Traffic Citation
39.9171725,-77.1633,"Saturday, March 14, 2026 6:16 PM",Maximum Speed Limits - Freeways,Not Applicable,Not Applicable,1,Traffic Citation
39.9175521,-77.162811,"Monday, June 29, 2026 9:35 AM",Maximum Speed Limits - Freeways,Not Applicable,Not Applicable,1,Traffic Citation
39.9181014,-77.162587,"Friday, January 2, 2026 5:42 PM",Maximum Speed Limits - Freeways,Not Applicable,Not Applicable,1,Traffic Citation
39.9183912,-77.162474,"Wednesday, December 31, 2025 3:06 PM",Maximum Speed Limits - Freeways,Not Applicable,Not Applicable,1,Traffic Citation
39.9185316,-77.16242,"Saturday, March 14, 2026 5:40 PM",Maximum Speed Limits - Freeways,Not Applicable,Not Applicable,1,Traffic Citation
39.9194798,-77.162023,"Tuesday, December 16, 2025 6:35 PM",Maximum Speed Limits - Freeways,Not Applicable,Not Applicable,1,Traffic Citation
39.919596,-77.162295,"Friday, March 27, 2026 5:04 PM",Maximum Speed Limits - Freeways,Not Applicable,Not Applicable,1,Traffic Citation
39.920315,-77.161662,"Wednesday, March 25, 2026 10:07 AM",Maximum Speed Limits - Freeways,Not Applicable,Not Applicable,1,Traffic Citation
39.9211882,-77.161291,"Sunday, May 24, 2026 4:56 PM",Maximum Speed Limits - Freeways,Not Applicable,Not Applicable,1,Traffic Citation
39.9212366,-77.638599,"Friday, November 21, 2025 1:00 PM",Maximum Speed Limits - Freeways,Not Applicable,Not Applicable,1,Traffic Citation
39.9215243,-77.16147,"Monday, March 2, 2026 1:21 PM",Maximum Speed Limits - Freeways,Not Applicable,Not Applicable,1,Traffic Citation
39.9215675,-77.63869,"Saturday, May 23, 2026 10:06 PM",Maximum Speed Limits - Freeways,Not Applicable,Not Applicable,2,Traffic Citation
39.9220578,-77.638417,"Thursday, July 10, 2025 7:39 AM",Maximum Speed Limits - Freeways,Not Applicable,Not Applicable,1,Traffic Citation
39.9223247,-77.160821,"Tuesday, June 30, 2026 10:09 AM",Maximum Speed Limits - Freeways,Not Applicable,Not Applicable,1,Traffic Citation
39.9223808,-77.161124,"Sunday, March 1, 2026 5:47 PM",Maximum Speed Limits - Freeways,Not Applicable,Not Applicable,1,Traffic Citation
39.9234508,-77.160347,"Wednesday, December 31, 2025 9:03 AM",Maximum Speed Limits - Freeways,Not Applicable,Not Applicable,1,Traffic Citation
39.9241784,-76.696543,"Monday, December 22, 2025 8:29 AM",Maximum Speed Limits - Freeways,Not Applicable,Not Applicable,2,Traffic Citation
39.9243655,-77.160216,"Friday, January 2, 2026 4:08 PM",Maximum Speed Limits - Freeways,Not Applicable,Not Applicable,1,Traffic Citation
39.9255679,-77.159483,"Monday, February 9, 2026 3:12 PM",Maximum Speed Limits - Freeways,Not Applicable,Not Applicable,1,Traffic Citation
39.9267225,-77.158653,"Sunday, January 4, 2026 4:24 PM",Maximum Speed Limits - Freeways,Not Applicable,Not Applicable,1,Traffic Citation
39.9270373,-77.158388,"Sunday, March 15, 2026 11:38 AM",Maximum Speed Limits - Freeways,Not Applicable,Not Applicable,1,Traffic Citation
39.9278743,-77.157587,"Friday, September 19, 2025 7:11 AM",Maximum Speed Limits - Freeways,Not Applicable,Not Applicable,1,Traffic Citation
39.928075,-77.157381,"Sunday, December 21, 2025 11:55 AM",Maximum Speed Limits - Freeways,Not Applicable,Not Applicable,1,Traffic Citation
39.9280818,-77.157373,"Friday, November 28, 2025 12:47 PM",Maximum Speed Limits - Freeways,Not Applicable,Not Applicable,1,Traffic Citation
39.9281085,-77.157346,"Wednesday, October 29, 2025 11:28 AM",Maximum Speed Limits - Freeways,Not Applicable,Not Applicable,1,Traffic Citation
39.9282026,-77.157249,"Saturday, February 28, 2026 5:02 PM",Maximum Speed Limits - Freeways,Not Applicable,Not Applicable,1,Traffic Citation
39.9288873,-77.156121,"Wednesday, December 17, 2025 9:08 AM",Maximum Speed Limits - Freeways,Not Applicable,Not Applicable,1,Traffic Citation
39.9289239,-77.156469,"Sunday, September 28, 2025 2:22 PM",Maximum Speed Limits - Freeways,Not Applicable,Not Applicable,1,Traffic Citation
39.9291716,-77.156175,"Friday, September 26, 2025 6:57 PM",Maximum Speed Limits - Freeways,Not Applicable,Not Applicable,1,Traffic Citation
39.9294616,-77.155825,"Saturday, May 2, 2026 3:59 PM",Maximum Speed Limits - Freeways,Not Applicable,Not Applicable,1,Traffic Citation
39.9297752,-77.155416,"Saturday, March 14, 2026 1:39 PM",Maximum Speed Limits - Freeways,Not Applicable,Not Applicable,1,Traffic Citation
39.9298171,-79.050001,"Friday, October 3, 2025 7:25 PM",Maximum Speed Limits - Freeways,Not Applicable,Not Applicable,1,Traffic Citation
39.9299409,-77.155197,"Wednesday, August 6, 2025 4:37 PM",Maximum Speed Limits - Freeways,Not Applicable,Not Applicable,1,Traffic Citation
39.9299416,-77.155196,"Wednesday, October 1, 2025 12:47 PM",Maximum Speed Limits - Freeways,Not Applicable,Not Applicable,1,Traffic Citation
39.9301086,-77.15497,"Monday, November 24, 2025 1:53 PM",Maximum Speed Limits - Freeways,Not Applicable,Not Applicable,1,Traffic Citation
39.9301289,-77.154943,"Friday, December 26, 2025 11:07 AM",Maximum Speed Limits - Freeways,Not Applicable,Not Applicable,1,Traffic Citation
39.9302573,-77.154771,"Sunday, March 15, 2026 12:21 PM",Maximum Speed Limits - Freeways,Not Applicable,Not Applicable,1,Traffic Citation
39.9305605,-77.153958,"Tuesday, June 30, 2026 1:22 PM",Maximum Speed Limits - Freeways,Not Applicable,Not Applicable,1,Traffic Citation
39.9307112,-77.153751,"Monday, November 10, 2025 7:28 PM",Maximum Speed Limits - Freeways,Not Applicable,Not Applicable,1,Traffic Citation
39.9307354,-77.154115,"Tuesday, September 16, 2025 6:34 AM",Maximum Speed Limits - Freeways,Not Applicable,Not Applicable,1,Traffic Citation
39.9314725,-77.153136,"Tuesday, June 2, 2026 11:23 AM",Maximum Speed Limits - Freeways,Not Applicable,Not Applicable,1,Traffic Citation
39.9316118,-77.152525,"Monday, January 19, 2026 3:55 PM",Maximum Speed Limits - Freeways,Not Applicable,Not Applicable,1,Traffic Citation
39.9317847,-77.633714,"Tuesday, June 16, 2026 12:14 PM",Maximum Speed Limits - Freeways,Not Applicable,Not Applicable,2,Traffic Citation
39.9319453,-77.633621,"Saturday, March 28, 2026 4:22 PM",Maximum Speed Limits - Freeways,Not Applicable,Not Applicable,1,Traffic Citation
39.9322596,-77.633413,"Thursday, January 1, 2026 8:58 PM",Maximum Speed Limits - Freeways,Not Applicable,Not Applicable,1,Traffic Citation
39.9323779,-77.151499,"Wednesday, October 29, 2025 11:01 AM",Maximum Speed Limits - Freeways,Not Applicable,Not Applicable,1,Traffic Citation
39.9324254,-77.633291,"Friday, May 8, 2026 10:11 PM",Maximum Speed Limits - Freeways,Not Applicable,Not Applicable,2,Traffic Citation
39.9324428,-77.151822,"Friday, November 28, 2025 3:13 PM",Maximum Speed Limits - Freeways,Not Applicable,Not Applicable,1,Traffic Citation
39.9324642,-77.633262,"Wednesday, December 3, 2025 6:12 AM",Maximum Speed Limits - Freeways,Not Applicable,Not Applicable,1,Traffic Citation
39.9325891,-77.151628,"Sunday, May 31, 2026 1:24 PM",Maximum Speed Limits - Freeways,Not Applicable,Not Applicable,1,Traffic Citation
39.9327456,-77.633045,"Thursday, May 14, 2026 6:51 PM",Maximum Speed Limits - Freeways,Not Applicable,Not Applicable,1,Traffic Citation
39.9328191,-77.632985,"Saturday, May 30, 2026 12:54 PM",Maximum Speed Limits - Freeways,Not Applicable,Not Applicable,1,Traffic Citation
39.9329509,-77.15115,"Saturday, March 14, 2026 11:15 AM",Maximum Speed Limits - Freeways,Not Applicable,Not Applicable,1,Traffic Citation
39.9329695,-77.632856,"Tuesday, June 30, 2026 12:44 PM",Maximum Speed Limits - Freeways,Not Applicable,Not Applicable,1,Traffic Citation
39.9331606,-77.150875,"Monday, March 2, 2026 11:27 AM",Maximum Speed Limits - Freeways,Not Applicable,Not Applicable,1,Traffic Citation
39.9332218,-77.150379,"Wednesday, December 31, 2025 4:34 PM",Maximum Speed Limits - Freeways,Not Applicable,Not Applicable,1,Traffic Citation
39.9332556,-77.632608,"Tuesday, May 26, 2026 10:03 AM",Maximum Speed Limits - Freeways,Not Applicable,Not Applicable,1,Traffic Citation
39.9335426,-77.149959,"Saturday, March 14, 2026 10:59 AM",Maximum Speed Limits - Freeways,Not Applicable,Not Applicable,1,Traffic Citation
39.9335834,-77.632317,"Friday, March 13, 2026 4:58 PM",Maximum Speed Limits - Freeways,Not Applicable,Not Applicable,1,Traffic Citation
39.9337554,-77.149674,"Saturday, November 22, 2025 4:30 PM",Maximum Speed Limits - Freeways,Not Applicable,Not Applicable,1,Traffic Citation
39.9340189,-77.14932,"Monday, April 6, 2026 9:09 PM",Maximum Speed Limits - Freeways,Not Applicable,Not Applicable,1,Traffic Citation
39.9345154,-77.148659,"Monday, May 25, 2026 3:43 PM",Maximum Speed Limits - Freeways,Not Applicable,Not Applicable,1,Traffic Citation
39.9345923,-77.148556,"Monday, May 25, 2026 4:28 PM",Maximum Speed Limits - Freeways,Not Applicable,Not Applicable,1,Traffic Citation
39.9345947,-77.148553,"Monday, May 25, 2026 5:26 PM",Maximum Speed Limits - Freeways,Not Applicable,Not Applicable,1,Traffic Citation
39.9346789,-77.148441,"Monday, May 25, 2026 3:54 PM",Maximum Speed Limits - Freeways,Not Applicable,Not Applicable,1,Traffic Citation
39.9347416,-77.148357,"Friday, June 12, 2026 1:08 PM",Maximum Speed Limits - Freeways,Not Applicable,Not Applicable,1,Traffic Citation
39.9348445,-79.048552,"Wednesday, October 8, 2025 1:44 PM",Maximum Speed Limits - Freeways,Not Applicable,Not Applicable,1,Traffic Citation
39.9349991,-77.14801,"Wednesday, March 25, 2026 8:24 AM",Maximum Speed Limits - Freeways,Not Applicable,Not Applicable,1,Traffic Citation
39.9352966,-77.630462,"Friday, July 4, 2025 4:13 PM",Maximum Speed Limits - Freeways,Not Applicable,Not Applicable,1,Traffic Citation
39.9355156,-77.147319,"Friday, June 12, 2026 12:25 PM",Maximum Speed Limits - Freeways,Not Applicable,Not Applicable,1,Traffic Citation
39.9356162,-77.630051,"Monday, May 4, 2026 12:02 PM",Maximum Speed Limits - Freeways,Not Applicable,Not Applicable,2,Traffic Citation
39.9359351,-80.168797,"Saturday, November 15, 2025 6:30 PM",Maximum Speed Limits - Freeways,Not Applicable,Not Applicable,1,Traffic Citation
39.9359428,-77.147189,"Sunday, October 19, 2025 4:00 PM",Maximum Speed Limits - Freeways,Not Applicable,Not Applicable,1,Traffic Citation
39.9361046,-77.629396,"Wednesday, December 31, 2025 6:53 PM",Maximum Speed Limits - Freeways,Not Applicable,Not Applicable,1,Traffic Citation
39.93623,-77.629227,"Tuesday, February 24, 2026 8:05 AM",Maximum Speed Limits - Freeways,Not Applicable,Not Applicable,1,Traffic Citation
39.9364233,-79.758261,"Monday, February 16, 2026 9:21 AM",Maximum Speed Limits - Freeways,Not Applicable,Not Applicable,1,Traffic Citation
39.9365866,-77.145924,"Sunday, December 7, 2025 9:37 PM",Maximum Speed Limits - Freeways,Not Applicable,Not Applicable,1,Traffic Citation
39.9376479,-77.626845,"Friday, February 27, 2026 2:12 PM",Maximum Speed Limits - Freeways,Not Applicable,Not Applicable,1,Traffic Citation
39.9376922,-77.14444,"Friday, June 12, 2026 12:41 PM",Maximum Speed Limits - Freeways,Not Applicable,Not Applicable,1,Traffic Citation
39.9382414,-77.143718,"Saturday, November 29, 2025 9:30 PM",Maximum Speed Limits - Freeways,Not Applicable,Not Applicable,1,Traffic Citation
39.9383922,-77.625764,"Tuesday, September 16, 2025 7:34 AM",Maximum Speed Limits - Freeways,Not Applicable,Not Applicable,1,Traffic Citation
39.9384835,-77.143401,"Thursday, October 30, 2025 3:23 PM",Maximum Speed Limits - Freeways,Not Applicable,Not Applicable,1,Traffic Citation
39.93981,-77.624369,"Thursday, March 26, 2026 6:15 AM",Maximum Speed Limits - Freeways,Not Applicable,Not Applicable,1,Traffic Citation
39.9413343,-77.13959,"Friday, October 3, 2025 4:30 AM",Maximum Speed Limits - Freeways,Not Applicable,Not Applicable,1,Traffic Citation
39.9414568,-77.139425,"Friday, September 26, 2025 8:43 PM",Maximum Speed Limits - Freeways,Not Applicable,Not Applicable,1,Traffic Citation
39.9417674,-77.621724,"Tuesday, May 26, 2026 12:06 PM",Maximum Speed Limits - Freeways,Not Applicable,Not Applicable,1,Traffic Citation
39.9418639,-77.62112,"Saturday, July 5, 2025 5:54 AM",Maximum Speed Limits - Freeways,Not Applicable,Not Applicable,1,Traffic Citation
39.9420155,-77.621396,"Sunday, November 23, 2025 2:11 PM",Maximum Speed Limits - Freeways,Not Applicable,Not Applicable,1,Traffic Citation
39.9427282,-77.619837,"Tuesday, December 23, 2025 10:27 PM",Maximum Speed Limits - Freeways,Not Applicable,Not Applicable,1,Traffic Citation
39.9431194,-77.137827,"Saturday, May 16, 2026 3:49 PM",Maximum Speed Limits - Freeways,Not Applicable,Not Applicable,1,Traffic Citation
39.9432625,-77.137704,"Sunday, May 24, 2026 4:13 PM",Maximum Speed Limits - Freeways,Not Applicable,Not Applicable,3,Traffic Citation
39.9433794,-77.619655,"Tuesday, August 26, 2025 12:22 PM",Maximum Speed Limits - Freeways,Not Applicable,Not Applicable,1,Traffic Citation
39.9434073,-77.618978,"Sunday, January 4, 2026 6:36 AM",Maximum Speed Limits - Freeways,Not Applicable,Not Applicable,1,Traffic Citation
39.9434156,-77.137578,"Monday, May 25, 2026 1:53 PM",Maximum Speed Limits - Freeways,Not Applicable,Not Applicable,1,Traffic Citation
39.943565,-77.137457,"Sunday, November 30, 2025 3:28 PM",Maximum Speed Limits - Freeways,Not Applicable,Not Applicable,1,Traffic Citation
39.9435801,-77.137445,"Sunday, May 24, 2026 4:41 PM",Maximum Speed Limits - Freeways,Not Applicable,Not Applicable,1,Traffic Citation
39.9435979,-77.137431,"Monday, May 25, 2026 2:35 PM",Maximum Speed Limits - Freeways,Not Applicable,Not Applicable,1,Traffic Citation
39.9436082,-77.137423,"Wednesday, May 27, 2026 3:43 PM",Maximum Speed Limits - Freeways,Not Applicable,Not Applicable,1,Traffic Citation
39.9436146,-76.678656,"Friday, September 5, 2025 8:38 PM",Maximum Speed Limits - Freeways,Not Applicable,Not Applicable,1,Traffic Citation
39.9436402,-77.137397,"Wednesday, December 17, 2025 1:45 PM",Maximum Speed Limits - Freeways,Not Applicable,Not Applicable,1,Traffic Citation
39.9437073,-77.137345,"Tuesday, May 26, 2026 3:37 PM",Maximum Speed Limits - Freeways,Not Applicable,Not Applicable,1,Traffic Citation
39.9437387,-77.137324,"Tuesday, December 16, 2025 7:26 PM",Maximum Speed Limits - Freeways,Not Applicable,Not Applicable,1,Traffic Citation
39.9437457,-77.137319,"Saturday, March 14, 2026 10:40 AM",Maximum Speed Limits - Freeways,Not Applicable,Not Applicable,1,Traffic Citation
39.9437705,-77.137302,"Friday, November 28, 2025 2:53 PM",Maximum Speed Limits - Freeways,Not Applicable,Not Applicable,1,Traffic Citation
39.943832,-77.13726,"Tuesday, December 30, 2025 4:03 PM",Maximum Speed Limits - Freeways,Not Applicable,Not Applicable,1,Traffic Citation
39.9438392,-77.137255,"Saturday, March 14, 2026 12:02 PM",Maximum Speed Limits - Freeways,Not Applicable,Not Applicable,3,Traffic Citation
39.9439528,-77.618797,"Friday, April 3, 2026 2:15 AM",Maximum Speed Limits - Freeways,Not Applicable,Not Applicable,1,Traffic Citation
39.9440002,-77.137155,"Sunday, May 24, 2026 1:08 PM",Maximum Speed Limits - Freeways,Not Applicable,Not Applicable,1,Traffic Citation
39.9441493,-77.137065,"Saturday, January 24, 2026 2:55 PM",Maximum Speed Limits - Freeways,Not Applicable,Not Applicable,1,Traffic Citation
39.9442716,-77.617918,"Wednesday, December 24, 2025 6:12 AM",Maximum Speed Limits - Freeways,Not Applicable,Not Applicable,5,Traffic Citation
39.9442955,-77.61834,"Saturday, March 28, 2026 3:15 PM",Maximum Speed Limits - Freeways,Not Applicable,Not Applicable,1,Traffic Citation
39.9443156,-77.618314,"Saturday, July 5, 2025 6:01 PM",Maximum Speed Limits - Freeways,Not Applicable,Not Applicable,1,Traffic Citation
39.9443487,-77.618269,"Thursday, May 14, 2026 6:07 PM",Maximum Speed Limits - Freeways,Not Applicable,Not Applicable,1,Traffic Citation
39.9443627,-77.618251,"Saturday, February 21, 2026 2:45 PM",Maximum Speed Limits - Freeways,Not Applicable,Not Applicable,1,Traffic Citation
39.9443764,-77.136941,"Sunday, May 3, 2026 2:15 PM",Maximum Speed Limits - Freeways,Not Applicable,Not Applicable,1,Traffic Citation
39.9444383,-77.61815,"Saturday, February 21, 2026 6:27 PM",Maximum Speed Limits - Freeways,Not Applicable,Not Applicable,2,Traffic Citation
39.9445265,-77.136868,"Monday, March 9, 2026 6:49 PM",Maximum Speed Limits - Freeways,Not Applicable,Not Applicable,1,Traffic Citation
39.9445882,-77.136845,"Monday, December 8, 2025 1:19 PM",Maximum Speed Limits - Freeways,Not Applicable,Not Applicable,1,Traffic Citation
39.9446553,-77.617396,"Tuesday, June 9, 2026 5:44 AM",Maximum Speed Limits - Freeways,Not Applicable,Not Applicable,1,Traffic Citation
39.9447335,-77.136775,"Tuesday, December 16, 2025 1:57 PM",Maximum Speed Limits - Freeways,Not Applicable,Not Applicable,1,Traffic Citation
39.9447811,-77.136754,"Saturday, November 29, 2025 1:21 PM",Maximum Speed Limits - Freeways,Not Applicable,Not Applicable,1,Traffic Citation
39.9448688,-77.136716,"Saturday, November 29, 2025 12:15 PM",Maximum Speed Limits - Freeways,Not Applicable,Not Applicable,1,Traffic Citation
39.9448973,-77.136705,"Thursday, September 11, 2025 5:50 PM",Maximum Speed Limits - Freeways,Not Applicable,Not Applicable,1,Traffic Citation
39.9449052,-77.136383,"Wednesday, December 31, 2025 7:59 PM",Maximum Speed Limits - Freeways,Not Applicable,Not Applicable,1,Traffic Citation
39.9449948,-77.136669,"Monday, November 17, 2025 3:53 PM",Maximum Speed Limits - Freeways,Not Applicable,Not Applicable,1,Traffic Citation
39.9450055,-77.136665,"Monday, December 15, 2025 1:36 PM",Maximum Speed Limits - Freeways,Not Applicable,Not Applicable,1,Traffic Citation
39.9450123,-77.136662,"Monday, November 10, 2025 5:11 PM",Maximum Speed Limits - Freeways,Not Applicable,Not Applicable,1,Traffic Citation
39.9450487,-77.136649,"Monday, November 10, 2025 3:45 PM",Maximum Speed Limits - Freeways,Not Applicable,Not Applicable,1,Traffic Citation
39.9450615,-77.136644,"Saturday, April 11, 2026 4:10 PM",Maximum Speed Limits - Freeways,Not Applicable,Not Applicable,1,Traffic Citation
39.9450627,-77.6173,"Friday, May 29, 2026 5:44 PM",Maximum Speed Limits - Freeways,Not Applicable,Not Applicable,1,Traffic Citation
39.9450672,-77.136642,"Sunday, December 28, 2025 11:11 AM",Maximum Speed Limits - Freeways,Not Applicable,Not Applicable,1,Traffic Citation
39.9450791,-77.136638,"Tuesday, October 28, 2025 2:38 PM",Maximum Speed Limits - Freeways,Not Applicable,Not Applicable,1,Traffic Citation
39.9450973,-77.136631,"Thursday, November 20, 2025 3:11 PM",Maximum Speed Limits - Freeways,Not Applicable,Not Applicable,1,Traffic Citation
39.9451193,-77.136623,"Friday, August 8, 2025 9:29 AM",Maximum Speed Limits - Freeways,Not Applicable,Not Applicable,1,Traffic Citation
39.9451634,-77.136606,"Wednesday, November 5, 2025 12:11 PM",Maximum Speed Limits - Freeways,Not Applicable,Not Applicable,1,Traffic Citation
39.9451679,-77.136604,"Thursday, September 11, 2025 5:26 PM",Maximum Speed Limits - Freeways,Not Applicable,Not Applicable,1,Traffic Citation
39.9452301,-77.136581,"Tuesday, December 16, 2025 2:23 PM",Maximum Speed Limits - Freeways,Not Applicable,Not Applicable,1,Traffic Citation
39.9452538,-77.136573,"Tuesday, October 7, 2025 12:21 PM",Maximum Speed Limits - Freeways,Not Applicable,Not Applicable,1,Traffic Citation
39.9457946,-77.136423,"Thursday, July 3, 2025 2:24 PM",Maximum Speed Limits - Freeways,Not Applicable,Not Applicable,1,Traffic Citation
39.9458027,-77.136421,"Sunday, July 6, 2025 9:33 AM",Maximum Speed Limits - Freeways,Not Applicable,Not Applicable,1,Traffic Citation
39.9458181,-77.136418,"Wednesday, July 30, 2025 7:03 AM",Maximum Speed Limits - Freeways,Not Applicable,Not Applicable,1,Traffic Citation
39.9459624,-77.136296,"Wednesday, August 6, 2025 2:03 PM",Maximum Speed Limits - Freeways,Not Applicable,Not Applicable,1,Traffic Citation
39.9459992,-77.135906,"Friday, June 12, 2026 11:43 AM",Maximum Speed Limits - Freeways,Not Applicable,Not Applicable,1,Traffic Citation
39.9462594,-77.136273,"Friday, July 4, 2025 9:53 AM",Maximum Speed Limits - Freeways,Not Applicable,Not Applicable,1,Traffic Citation
39.9463494,-77.13615,"Friday, July 4, 2025 9:09 AM",Maximum Speed Limits - Freeways,Not Applicable,Not Applicable,1,Traffic Citation
39.9464289,-77.136121,"Wednesday, July 30, 2025 7:24 AM",Maximum Speed Limits - Freeways,Not Applicable,Not Applicable,1,Traffic Citation
39.9466559,-77.136132,"Wednesday, July 30, 2025 7:45 AM",Maximum Speed Limits - Freeways,Not Applicable,Not Applicable,1,Traffic Citation
39.9468171,-77.614934,"Sunday, December 28, 2025 10:21 PM",Maximum Speed Limits - Freeways,Not Applicable,Not Applicable,1,Traffic Citation
39.9469493,-77.6143,"Sunday, February 1, 2026 7:51 PM",Maximum Speed Limits - Freeways,Not Applicable,Not Applicable,1,Traffic Citation
39.9469532,-77.614742,"Thursday, April 23, 2026 12:12 PM",Maximum Speed Limits - Freeways,Not Applicable,Not Applicable,1,Traffic Citation
39.947386,-80.165782,"Wednesday, November 26, 2025 7:38 AM",Maximum Speed Limits - Freeways,Not Applicable,Not Applicable,1,Traffic Citation
39.9475036,-77.613426,"Monday, September 1, 2025 5:44 AM",Maximum Speed Limits - Freeways,Not Applicable,Not Applicable,1,Traffic Citation
39.9475172,-77.135413,"Tuesday, February 10, 2026 12:23 PM",Maximum Speed Limits - Freeways,Not Applicable,Not Applicable,1,Traffic Citation
39.947586,-77.135388,"Wednesday, December 31, 2025 5:25 PM",Maximum Speed Limits - Freeways,Not Applicable,Not Applicable,1,Traffic Citation
39.9482306,-80.165647,"Friday, March 13, 2026 3:45 PM",Maximum Speed Limits - Freeways,Not Applicable,Not Applicable,1,Traffic Citation
39.9482537,-77.612509,"Tuesday, December 23, 2025 12:34 PM",Maximum Speed Limits - Freeways,Not Applicable,Not Applicable,1,Traffic Citation
39.9483826,-77.135408,"Sunday, September 28, 2025 7:47 PM",Maximum Speed Limits - Freeways,Not Applicable,Not Applicable,1,Traffic Citation
39.9484878,-77.135369,"Friday, September 26, 2025 2:16 PM",Maximum Speed Limits - Freeways,Not Applicable,Not Applicable,1,Traffic Citation
39.9486792,-77.610791,"Friday, July 4, 2025 3:32 PM",Maximum Speed Limits - Freeways,Not Applicable,Not Applicable,1,Traffic Citation
39.9486887,-77.611473,"Sunday, November 23, 2025 1:52 AM",Maximum Speed Limits - Freeways,Not Applicable,Not Applicable,1,Traffic Citation
39.9489612,-77.135089,"Friday, July 18, 2025 4:00 PM",Maximum Speed Limits - Freeways,Not Applicable,Not Applicable,2,Traffic Citation
39.9489739,-79.777966,"Friday, November 28, 2025 10:19 AM",Maximum Speed Limits - Freeways,Not Applicable,Not Applicable,1,Traffic Citation
39.949359,-77.596097,"Wednesday, December 24, 2025 5:00 AM",Maximum Speed Limits - Freeways,Not Applicable,Not Applicable,2,Traffic Citation
39.9493632,-77.596319,"Friday, January 2, 2026 4:46 AM",Maximum Speed Limits - Freeways,Not Applicable,Not Applicable,2,Traffic Citation
39.949364,-77.596356,"Wednesday, December 24, 2025 1:06 AM",Maximum Speed Limits - Freeways,Not Applicable,Not Applicable,1,Traffic Citation
39.9493699,-77.591276,"Monday, May 25, 2026 5:54 AM",Maximum Speed Limits - Freeways,Not Applicable,Not Applicable,1,Traffic Citation
39.9494018,-77.598057,"Saturday, March 14, 2026 5:37 AM",Maximum Speed Limits - Freeways,Not Applicable,Not Applicable,1,Traffic Citation
39.9494044,-77.598175,"Saturday, March 14, 2026 6:13 AM",Maximum Speed Limits - Freeways,Not Applicable,Not Applicable,1,Traffic Citation
39.9494073,-77.609036,"Wednesday, March 11, 2026 12:07 AM",Maximum Speed Limits - Freeways,Not Applicable,Not Applicable,1,Traffic Citation
39.949409,-77.598384,"Wednesday, February 25, 2026 10:23 PM",Maximum Speed Limits - Freeways,Not Applicable,Not Applicable,1,Traffic Citation
39.9494506,-77.600198,"Friday, July 4, 2025 5:09 AM",Maximum Speed Limits - Freeways,Not Applicable,Not Applicable,1,Traffic Citation
39.9494517,-77.600242,"Sunday, March 15, 2026 8:36 PM",Maximum Speed Limits - Freeways,Not Applicable,Not Applicable,1,Traffic Citation
39.9494554,-77.600385,"Friday, January 2, 2026 4:48 AM",Maximum Speed Limits - Freeways,Not Applicable,Not Applicable,1,Traffic Citation
39.9494568,-77.590572,"Saturday, January 3, 2026 9:18 PM",Maximum Speed Limits - Freeways,Not Applicable,Not Applicable,1,Traffic Citation
39.9494614,-77.600619,"Friday, May 8, 2026 8:43 PM",Maximum Speed Limits - Freeways,Not Applicable,Not Applicable,2,Traffic Citation
39.9494623,-77.600653,"Friday, May 8, 2026 8:19 PM",Maximum Speed Limits - Freeways,Not Applicable,Not Applicable,1,Traffic Citation
39.9494627,-77.600668,"Saturday, June 6, 2026 10:31 PM",Maximum Speed Limits - Freeways,Not Applicable,Not Applicable,3,Traffic Citation
39.949482,-77.601648,"Monday, November 24, 2025 6:25 AM",Maximum Speed Limits - Freeways,Not Applicable,Not Applicable,1,Traffic Citation
39.9494871,-77.601917,"Wednesday, December 24, 2025 2:55 AM",Maximum Speed Limits - Freeways,Not Applicable,Not Applicable,1,Traffic Citation
39.9494877,-77.601947,"Sunday, July 6, 2025 9:31 AM",Maximum Speed Limits - Freeways,Not Applicable,Not Applicable,1,Traffic Citation
39.949488,-77.601961,"Wednesday, December 31, 2025 2:11 AM",Maximum Speed Limits - Freeways,Not Applicable,Not Applicable,1,Traffic Citation
39.9494881,-77.601968,"Saturday, March 14, 2026 4:53 AM",Maximum Speed Limits - Freeways,Not Applicable,Not Applicable,1,Traffic Citation
39.9494883,-77.601976,"Tuesday, March 24, 2026 11:31 PM",Maximum Speed Limits - Freeways,Not Applicable,Not Applicable,1,Traffic Citation
39.9494893,-77.602027,"Tuesday, November 25, 2025 10:26 PM",Maximum Speed Limits - Freeways,Not Applicable,Not Applicable,1,Traffic Citation
39.9494899,-77.602058,"Sunday, July 6, 2025 7:58 AM",Maximum Speed Limits - Freeways,Not Applicable,Not Applicable,1,Traffic Citation
39.9494924,-77.60218,"Sunday, April 5, 2026 3:12 AM",Maximum Speed Limits - Freeways,Not Applicable,Not Applicable,1,Traffic Citation
39.9494933,-77.602222,"Wednesday, March 25, 2026 1:01 AM",Maximum Speed Limits - Freeways,Not Applicable,Not Applicable,1,Traffic Citation
39.9494955,-77.602331,"Sunday, December 28, 2025 10:13 PM",Maximum Speed Limits - Freeways,Not Applicable,Not Applicable,1,Traffic Citation
39.9495003,-77.602572,"Monday, June 8, 2026 5:06 AM",Maximum Speed Limits - Freeways,Not Applicable,Not Applicable,1,Traffic Citation
39.9495035,-77.602728,"Monday, June 8, 2026 4:42 AM",Maximum Speed Limits - Freeways,Not Applicable,Not Applicable,2,Traffic Citation
39.9495251,-77.603752,"Saturday, April 4, 2026 4:24 AM",Maximum Speed Limits - Freeways,Not Applicable,Not Applicable,1,Traffic Citation
39.949544,-77.606079,"Sunday, June 14, 2026 4:04 PM",Maximum Speed Limits - Freeways,Not Applicable,Not Applicable,1,Traffic Citation
39.9495549,-77.594396,"Friday, January 2, 2026 10:10 PM",Maximum Speed Limits - Freeways,Not Applicable,Not Applicable,2,Traffic Citation
39.9495571,-77.60534,"Friday, December 12, 2025 9:52 PM",Maximum Speed Limits - Freeways,Not Applicable,Not Applicable,2,Traffic Citation
39.9496848,-77.600236,"Wednesday, August 6, 2025 6:07 PM",Maximum Speed Limits - Freeways,Not Applicable,Not Applicable,1,Traffic Citation
39.9497157,-77.601687,"Wednesday, February 11, 2026 9:46 PM",Maximum Speed Limits - Freeways,Not Applicable,Not Applicable,1,Traffic Citation
39.9497319,-77.602429,"Wednesday, March 25, 2026 5:07 AM",Maximum Speed Limits - Freeways,Not Applicable,Not Applicable,1,Traffic Citation
39.9497324,-77.602451,"Thursday, September 11, 2025 7:34 PM",Maximum Speed Limits - Freeways,Not Applicable,Not Applicable,1,Traffic Citation
39.9497343,-77.602538,"Friday, April 3, 2026 5:32 AM",Maximum Speed Limits - Freeways,Not Applicable,Not Applicable,1,Traffic Citation
39.9497357,-77.602601,"Friday, July 4, 2025 7:46 AM",Maximum Speed Limits - Freeways,Not Applicable,Not Applicable,1,Traffic Citation
39.949738,-77.602703,"Saturday, May 30, 2026 12:03 AM",Maximum Speed Limits - Freeways,Not Applicable,Not Applicable,1,Traffic Citation
39.9497393,-77.602756,"Friday, January 2, 2026 1:50 AM",Maximum Speed Limits - Freeways,Not Applicable,Not Applicable,2,Traffic Citation
39.9497418,-77.60288,"Saturday, December 27, 2025 11:01 PM",Maximum Speed Limits - Freeways,Not Applicable,Not Applicable,1,Traffic Citation
39.9497541,-77.603607,"Tuesday, July 1, 2025 7:04 AM",Maximum Speed Limits - Freeways,Not Applicable,Not Applicable,1,Traffic Citation
39.9497548,-77.603641,"Sunday, December 21, 2025 1:09 AM",Maximum Speed Limits - Freeways,Not Applicable,Not Applicable,1,Traffic Citation
39.9497928,-77.605553,"Tuesday, June 9, 2026 6:23 AM",Maximum Speed Limits - Freeways,Not Applicable,Not Applicable,1,Traffic Citation
39.9504131,-79.780014,"Wednesday, February 25, 2026 2:32 PM",Maximum Speed Limits - Freeways,Not Applicable,Not Applicable,1,Traffic Citation
39.9515145,-77.585065,"Thursday, May 7, 2026 1:49 AM",Maximum Speed Limits - Freeways,Not Applicable,Not Applicable,1,Traffic Citation
39.9516196,-77.585372,"Tuesday, January 27, 2026 10:31 PM",Maximum Speed Limits - Freeways,Not Applicable,Not Applicable,1,Traffic Citation
39.9518378,-77.584607,"Saturday, December 27, 2025 11:19 PM",Maximum Speed Limits - Freeways,Not Applicable,Not Applicable,1,Traffic Citation
39.9525216,-79.784226,"Friday, February 13, 2026 8:56 PM",Maximum Speed Limits - Freeways,Not Applicable,Not Applicable,2,Traffic Citation
39.9535993,-76.684439,"Sunday, August 17, 2025 10:51 AM",Maximum Speed Limits - Freeways,Not Applicable,Not Applicable,1,Traffic Citation
39.9547642,-79.788094,"Tuesday, July 15, 2025 4:24 PM",Maximum Speed Limits - Freeways,Not Applicable,Not Applicable,1,Traffic Citation
39.9555343,-77.58189,"Monday, April 27, 2026 1:06 AM",Maximum Speed Limits - Freeways,Not Applicable,Not Applicable,1,Traffic Citation
39.9555793,-77.581552,"Wednesday, August 27, 2025 6:06 PM",Maximum Speed Limits - Freeways,Not Applicable,Not Applicable,3,Traffic Citation
39.9556201,-77.132439,"Saturday, December 20, 2025 10:48 AM",Maximum Speed Limits - Freeways,Not Applicable,Not Applicable,1,Traffic Citation
39.9565294,-77.581398,"Sunday, November 23, 2025 12:10 AM",Maximum Speed Limits - Freeways,Not Applicable,Not Applicable,1,Traffic Citation
39.9573877,-77.580978,"Sunday, December 28, 2025 3:12 AM",Maximum Speed Limits - Freeways,Not Applicable,Not Applicable,1,Traffic Citation
39.9574102,-77.580967,"Saturday, January 3, 2026 6:56 PM",Maximum Speed Limits - Freeways,Not Applicable,Not Applicable,1,Traffic Citation
39.9574399,-80.17003,"Wednesday, November 26, 2025 9:09 AM",Maximum Speed Limits - Freeways,Not Applicable,Not Applicable,1,Traffic Citation
39.9582821,-77.580544,"Saturday, November 29, 2025 2:12 AM",Maximum Speed Limits - Freeways,Not Applicable,Not Applicable,1,Traffic Citation
39.9588672,-77.579935,"Sunday, March 29, 2026 9:47 PM",Maximum Speed Limits - Freeways,Not Applicable,Not Applicable,1,Traffic Citation
39.9588774,-77.57993,"Saturday, January 3, 2026 5:33 AM",Maximum Speed Limits - Freeways,Not Applicable,Not Applicable,1,Traffic Citation
39.959235,-80.171728,"Sunday, May 24, 2026 11:42 AM",Maximum Speed Limits - Freeways,Not Applicable,Not Applicable,1,Traffic Citation
39.959281,-80.171776,"Friday, May 22, 2026 10:42 AM",Maximum Speed Limits - Freeways,Not Applicable,Not Applicable,1,Traffic Citation
39.9592856,-77.580046,"Tuesday, June 9, 2026 5:29 AM",Maximum Speed Limits - Freeways,Not Applicable,Not Applicable,1,Traffic Citation
39.9594336,-77.579973,"Thursday, July 3, 2025 8:08 AM",Maximum Speed Limits - Freeways,Not Applicable,Not Applicable,1,Traffic Citation
39.9595642,-77.579909,"Wednesday, December 31, 2025 7:24 AM",Maximum Speed Limits - Freeways,Not Applicable,Not Applicable,1,Traffic Citation
39.959652,-77.579868,"Sunday, July 6, 2025 9:19 AM",Maximum Speed Limits - Freeways,Not Applicable,Not Applicable,1,Traffic Citation
39.9596666,-79.7958,"Friday, January 2, 2026 8:56 PM",Maximum Speed Limits - Freeways,Not Applicable,Not Applicable,1,Traffic Citation
39.9597406,-77.579826,"Friday, May 8, 2026 12:59 AM",Maximum Speed Limits - Freeways,Not Applicable,Not Applicable,1,Traffic Citation
39.9598399,-77.579778,"Friday, November 21, 2025 10:19 AM",Maximum Speed Limits - Freeways,Not Applicable,Not Applicable,1,Traffic Citation
39.9598982,-77.57975,"Saturday, March 14, 2026 6:28 AM",Maximum Speed Limits - Freeways,Not Applicable,Not Applicable,1,Traffic Citation
39.9600152,-77.579693,"Tuesday, March 24, 2026 11:57 PM",Maximum Speed Limits - Freeways,Not Applicable,Not Applicable,1,Traffic Citation
39.9600843,-77.579661,"Saturday, April 4, 2026 10:44 PM",Maximum Speed Limits - Freeways,Not Applicable,Not Applicable,2,Traffic Citation
39.9601013,-77.579653,"Friday, April 10, 2026 10:23 PM",Maximum Speed Limits - Freeways,Not Applicable,Not Applicable,1,Traffic Citation
39.9601044,-77.579651,"Sunday, May 24, 2026 6:05 PM",Maximum Speed Limits - Freeways,Not Applicable,Not Applicable,1,Traffic Citation
39.9601057,-77.579651,"Saturday, May 9, 2026 9:19 PM",Maximum Speed Limits - Freeways,Not Applicable,Not Applicable,1,Traffic Citation
39.9601221,-77.579643,"Sunday, March 15, 2026 10:25 PM",Maximum Speed Limits - Freeways,Not Applicable,Not Applicable,1,Traffic Citation
39.9601362,-77.579636,"Sunday, June 7, 2026 7:58 PM",Maximum Speed Limits - Freeways,Not Applicable,Not Applicable,1,Traffic Citation
39.9601407,-77.579634,"Saturday, April 4, 2026 9:21 PM",Maximum Speed Limits - Freeways,Not Applicable,Not Applicable,1,Traffic Citation
39.9601588,-77.579626,"Sunday, June 7, 2026 6:32 PM",Maximum Speed Limits - Freeways,Not Applicable,Not Applicable,2,Traffic Citation
39.9601656,-77.579622,"Saturday, May 9, 2026 9:48 PM",Maximum Speed Limits - Freeways,Not Applicable,Not Applicable,1,Traffic Citation
39.9601658,-77.579622,"Monday, May 25, 2026 6:29 AM",Maximum Speed Limits - Freeways,Not Applicable,Not Applicable,1,Traffic Citation
39.9601738,-77.579619,"Sunday, June 7, 2026 9:19 PM",Maximum Speed Limits - Freeways,Not Applicable,Not Applicable,2,Traffic Citation
39.960199,-77.579607,"Thursday, April 9, 2026 9:22 PM",Maximum Speed Limits - Freeways,Not Applicable,Not Applicable,1,Traffic Citation
39.9602404,-77.579594,"Thursday, April 9, 2026 10:32 PM",Maximum Speed Limits - Freeways,Not Applicable,Not Applicable,1,Traffic Citation
39.9602801,-77.579589,"Monday, May 25, 2026 6:07 AM",Maximum Speed Limits - Freeways,Not Applicable,Not Applicable,1,Traffic Citation
39.9604201,-80.172323,"Saturday, May 23, 2026 3:30 PM",Maximum Speed Limits - Freeways,Not Applicable,Not Applicable,1,Traffic Citation
39.9609611,-77.579216,"Tuesday, November 25, 2025 10:45 PM",Maximum Speed Limits - Freeways,Not Applicable,Not Applicable,2,Traffic Citation
39.9610372,-77.579271,"Saturday, August 30, 2025 5:13 AM",Maximum Speed Limits - Freeways,Not Applicable,Not Applicable,1,Traffic Citation
39.9610526,-77.579169,"Friday, November 21, 2025 9:45 PM",Maximum Speed Limits - Freeways,Not Applicable,Not Applicable,1,Traffic Citation
39.961069,-77.579161,"Monday, June 8, 2026 10:17 PM",Maximum Speed Limits - Freeways,Not Applicable,Not Applicable,1,Traffic Citation
39.9611308,-80.17256,"Monday, May 25, 2026 5:58 PM",Maximum Speed Limits - Freeways,Not Applicable,Not Applicable,1,Traffic Citation
39.9611806,-77.579105,"Monday, November 24, 2025 8:19 PM",Maximum Speed Limits - Freeways,Not Applicable,Not Applicable,1,Traffic Citation
39.9613516,-77.579018,"Tuesday, November 25, 2025 8:28 PM",Maximum Speed Limits - Freeways,Not Applicable,Not Applicable,1,Traffic Citation
39.9613768,-80.172626,"Sunday, May 24, 2026 2:09 PM",Maximum Speed Limits - Freeways,Not Applicable,Not Applicable,1,Traffic Citation
39.961551,-77.578918,"Monday, June 8, 2026 5:28 AM",Maximum Speed Limits - Freeways,Not Applicable,Not Applicable,1,Traffic Citation
39.9616173,-77.578596,"Saturday, January 3, 2026 5:53 AM",Maximum Speed Limits - Freeways,Not Applicable,Not Applicable,1,Traffic Citation
39.9616389,-80.172694,"Wednesday, November 26, 2025 8:37 AM",Maximum Speed Limits - Freeways,Not Applicable,Not Applicable,1,Traffic Citation
39.9616416,-77.578872,"Sunday, March 15, 2026 8:07 PM",Maximum Speed Limits - Freeways,Not Applicable,Not Applicable,2,Traffic Citation
39.9617068,-77.578551,"Tuesday, January 20, 2026 5:38 AM",Maximum Speed Limits - Freeways,Not Applicable,Not Applicable,2,Traffic Citation
39.9618054,-77.13016,"Saturday, December 6, 2025 9:45 AM",Maximum Speed Limits - Freeways,Not Applicable,Not Applicable,1,Traffic Citation
39.9618165,-77.578784,"Monday, June 8, 2026 1:58 AM",Maximum Speed Limits - Freeways,Not Applicable,Not Applicable,2,Traffic Citation
39.9619222,-77.578444,"Saturday, January 3, 2026 5:20 AM",Maximum Speed Limits - Freeways,Not Applicable,Not Applicable,1,Traffic Citation
39.9619255,-77.578861,"Friday, July 4, 2025 5:25 AM",Maximum Speed Limits - Freeways,Not Applicable,Not Applicable,1,Traffic Citation
39.9621673,-80.172821,"Wednesday, November 26, 2025 8:12 AM",Maximum Speed Limits - Freeways,Not Applicable,Not Applicable,1,Traffic Citation
39.9622751,-77.578561,"Saturday, November 1, 2025 10:57 PM",Maximum Speed Limits - Freeways,Not Applicable,Not Applicable,1,Traffic Citation
39.962287,-80.172848,"Sunday, May 24, 2026 12:57 PM",Maximum Speed Limits - Freeways,Not Applicable,Not Applicable,2,Traffic Citation
39.9623203,-80.172855,"Sunday, May 24, 2026 12:36 PM",Maximum Speed Limits - Freeways,Not Applicable,Not Applicable,1,Traffic Citation
39.9623513,-77.578525,"Saturday, September 13, 2025 5:25 AM",Maximum Speed Limits - Freeways,Not Applicable,Not Applicable,1,Traffic Citation
39.962362,-77.578229,"Monday, July 21, 2025 3:30 PM",Maximum Speed Limits - Freeways,Not Applicable,Not Applicable,1,Traffic Citation
39.9623778,-77.578513,"Wednesday, August 6, 2025 3:04 AM",Maximum Speed Limits - Freeways,Not Applicable,Not Applicable,1,Traffic Citation
39.9623783,-77.578221,"Sunday, May 24, 2026 6:20 AM",Maximum Speed Limits - Freeways,Not Applicable,Not Applicable,1,Traffic Citation
39.9624024,-77.578501,"Saturday, August 30, 2025 9:02 PM",Maximum Speed Limits - Freeways,Not Applicable,Not Applicable,1,Traffic Citation
39.9624137,-77.578496,"Saturday, January 3, 2026 5:48 AM",Maximum Speed Limits - Freeways,Not Applicable,Not Applicable,1,Traffic Citation
39.9624238,-77.578491,"Saturday, July 5, 2025 8:45 PM",Maximum Speed Limits - Freeways,Not Applicable,Not Applicable,1,Traffic Citation
39.9624315,-77.578488,"Wednesday, December 24, 2025 12:57 AM",Maximum Speed Limits - Freeways,Not Applicable,Not Applicable,1,Traffic Citation
39.9624428,-77.578482,"Saturday, July 5, 2025 6:10 AM",Maximum Speed Limits - Freeways,Not Applicable,Not Applicable,1,Traffic Citation
39.9624519,-77.578478,"Wednesday, August 6, 2025 2:23 AM",Maximum Speed Limits - Freeways,Not Applicable,Not Applicable,1,Traffic Citation
39.9624627,-77.578473,"Saturday, January 3, 2026 5:03 AM",Maximum Speed Limits - Freeways,Not Applicable,Not Applicable,1,Traffic Citation
39.9624702,-77.578469,"Saturday, January 3, 2026 5:52 AM",Maximum Speed Limits - Freeways,Not Applicable,Not Applicable,2,Traffic Citation
39.9624813,-80.172887,"Saturday, May 16, 2026 8:58 AM",Maximum Speed Limits - Freeways,Not Applicable,Not Applicable,1,Traffic Citation
39.9627245,-80.172941,"Saturday, May 23, 2026 6:49 PM",Maximum Speed Limits - Freeways,Not Applicable,Not Applicable,1,Traffic Citation
39.9629141,-80.172985,"Monday, May 25, 2026 6:15 PM",Maximum Speed Limits - Freeways,Not Applicable,Not Applicable,1,Traffic Citation
39.962917,-80.172986,"Monday, June 8, 2026 6:50 PM",Maximum Speed Limits - Freeways,Not Applicable,Not Applicable,2,Traffic Citation
39.9629204,-80.172987,"Monday, June 8, 2026 8:20 PM",Maximum Speed Limits - Freeways,Not Applicable,Not Applicable,1,Traffic Citation
39.9629484,-77.577943,"Wednesday, July 23, 2025 10:13 AM",Maximum Speed Limits - Freeways,Not Applicable,Not Applicable,1,Traffic Citation
39.9629856,-77.578228,"Saturday, June 6, 2026 6:30 PM",Maximum Speed Limits - Freeways,Not Applicable,Not Applicable,1,Traffic Citation
39.963081,-77.577875,"Thursday, January 1, 2026 6:58 PM",Maximum Speed Limits - Freeways,Not Applicable,Not Applicable,1,Traffic Citation
39.9631632,-80.173044,"Monday, May 25, 2026 7:16 PM",Maximum Speed Limits - Freeways,Not Applicable,Not Applicable,1,Traffic Citation
39.9632162,-77.578119,"Sunday, March 29, 2026 10:19 PM",Maximum Speed Limits - Freeways,Not Applicable,Not Applicable,1,Traffic Citation
39.963253,-80.173204,"Monday, May 25, 2026 5:41 PM",Maximum Speed Limits - Freeways,Not Applicable,Not Applicable,2,Traffic Citation
39.9635233,-80.173129,"Monday, June 8, 2026 5:46 PM",Maximum Speed Limits - Freeways,Not Applicable,Not Applicable,2,Traffic Citation
39.9635513,-80.173137,"Monday, June 8, 2026 7:21 PM",Maximum Speed Limits - Freeways,Not Applicable,Not Applicable,1,Traffic Citation
39.9635745,-80.173144,"Sunday, May 24, 2026 2:30 PM",Maximum Speed Limits - Freeways,Not Applicable,Not Applicable,1,Traffic Citation
39.9636673,-80.173271,"Monday, May 25, 2026 8:30 PM",Maximum Speed Limits - Freeways,Not Applicable,Not Applicable,1,Traffic Citation
39.9637733,-80.173201,"Monday, May 25, 2026 8:46 PM",Maximum Speed Limits - Freeways,Not Applicable,Not Applicable,1,Traffic Citation
39.9638363,-80.173218,"Monday, June 8, 2026 6:12 PM",Maximum Speed Limits - Freeways,Not Applicable,Not Applicable,3,Traffic Citation
39.9641378,-80.173298,"Sunday, May 24, 2026 12:17 PM",Maximum Speed Limits - Freeways,Not Applicable,Not Applicable,2,Traffic Citation
39.9641454,-80.1733,"Saturday, May 23, 2026 4:22 PM",Maximum Speed Limits - Freeways,Not Applicable,Not Applicable,1,Traffic Citation
39.9643638,-77.577556,"Friday, June 19, 2026 12:50 AM",Maximum Speed Limits - Freeways,Not Applicable,Not Applicable,1,Traffic Citation
39.9644053,-80.173058,"Saturday, May 23, 2026 3:56 PM",Maximum Speed Limits - Freeways,Not Applicable,Not Applicable,1,Traffic Citation
39.9644093,-80.173359,"Monday, June 8, 2026 3:46 PM",Maximum Speed Limits - Freeways,Not Applicable,Not Applicable,1,Traffic Citation
39.9644454,-77.577517,"Monday, May 25, 2026 11:20 AM",Maximum Speed Limits - Freeways,Not Applicable,Not Applicable,3,Traffic Citation
39.9644599,-77.578089,"Tuesday, April 21, 2026 10:48 AM",Maximum Speed Limits - Freeways,Not Applicable,Not Applicable,1,Traffic Citation
39.9646023,-77.577441,"Friday, July 25, 2025 2:44 PM",Maximum Speed Limits - Freeways,Not Applicable,Not Applicable,2,Traffic Citation
39.9648944,-80.173495,"Sunday, May 24, 2026 1:39 PM",Maximum Speed Limits - Freeways,Not Applicable,Not Applicable,2,Traffic Citation
39.9649194,-77.576986,"Saturday, June 6, 2026 8:19 PM",Maximum Speed Limits - Freeways,Not Applicable,Not Applicable,1,Traffic Citation
39.9649589,-77.577267,"Sunday, December 28, 2025 6:28 PM",Maximum Speed Limits - Freeways,Not Applicable,Not Applicable,1,Traffic Citation
39.9650489,-80.173545,"Wednesday, November 26, 2025 9:07 AM",Maximum Speed Limits - Freeways,Not Applicable,Not Applicable,1,Traffic Citation
39.9651345,-77.577181,"Thursday, May 7, 2026 1:28 AM",Maximum Speed Limits - Freeways,Not Applicable,Not Applicable,2,Traffic Citation
39.9658796,-77.576882,"Wednesday, December 31, 2025 9:43 PM",Maximum Speed Limits - Freeways,Not Applicable,Not Applicable,1,Traffic Citation
39.965893,-79.044546,"Wednesday, November 26, 2025 5:11 PM",Maximum Speed Limits - Freeways,Not Applicable,Not Applicable,1,Traffic Citation
39.9659067,-77.576869,"Wednesday, May 27, 2026 10:58 PM",Maximum Speed Limits - Freeways,Not Applicable,Not Applicable,1,Traffic Citation
39.9659648,-77.576842,"Sunday, December 28, 2025 6:41 PM",Maximum Speed Limits - Freeways,Not Applicable,Not Applicable,1,Traffic Citation
39.9660161,-77.576818,"Sunday, August 31, 2025 12:46 PM",Maximum Speed Limits - Freeways,Not Applicable,Not Applicable,1,Traffic Citation
39.9661685,-78.867673,"Saturday, January 3, 2026 5:53 PM",Maximum Speed Limits - Freeways,Not Applicable,Not Applicable,2,Traffic Citation
39.9663538,-77.576655,"Wednesday, June 10, 2026 12:04 AM",Maximum Speed Limits - Freeways,Not Applicable,Not Applicable,1,Traffic Citation
39.9663994,-80.173997,"Sunday, May 24, 2026 10:31 AM",Maximum Speed Limits - Freeways,Not Applicable,Not Applicable,1,Traffic Citation
39.9664648,-77.576596,"Friday, May 29, 2026 11:46 PM",Maximum Speed Limits - Freeways,Not Applicable,Not Applicable,1,Traffic Citation
39.9664798,-77.576587,"Sunday, November 23, 2025 1:14 AM",Maximum Speed Limits - Freeways,Not Applicable,Not Applicable,1,Traffic Citation
39.9665074,-77.576572,"Friday, May 29, 2026 11:35 PM",Maximum Speed Limits - Freeways,Not Applicable,Not Applicable,1,Traffic Citation
39.9666977,-80.174107,"Friday, May 22, 2026 11:15 AM",Maximum Speed Limits - Freeways,Not Applicable,Not Applicable,1,Traffic Citation
39.9668315,-80.174157,"Monday, May 25, 2026 9:07 PM",Maximum Speed Limits - Freeways,Not Applicable,Not Applicable,1,Traffic Citation
39.9669128,-77.576313,"Saturday, July 19, 2025 9:44 PM",Maximum Speed Limits - Freeways,Not Applicable,Not Applicable,1,Traffic Citation
39.9669592,-80.174207,"Friday, July 4, 2025 10:57 AM",Maximum Speed Limits - Freeways,Not Applicable,Not Applicable,1,Traffic Citation
39.9669814,-80.174215,"Friday, May 22, 2026 2:07 PM",Maximum Speed Limits - Freeways,Not Applicable,Not Applicable,1,Traffic Citation
39.966983,-77.57628,"Tuesday, November 11, 2025 6:30 AM",Maximum Speed Limits - Freeways,Not Applicable,Not Applicable,1,Traffic Citation
39.9670003,-77.576271,"Wednesday, December 3, 2025 9:25 AM",Maximum Speed Limits - Freeways,Not Applicable,Not Applicable,1,Traffic Citation
39.9671425,-77.576199,"Saturday, June 20, 2026 12:53 AM",Maximum Speed Limits - Freeways,Not Applicable,Not Applicable,2,Traffic Citation
39.9671876,-77.576177,"Wednesday, March 25, 2026 9:59 PM",Maximum Speed Limits - Freeways,Not Applicable,Not Applicable,1,Traffic Citation
39.9672781,-77.576132,"Tuesday, December 23, 2025 12:56 AM",Maximum Speed Limits - Freeways,Not Applicable,Not Applicable,1,Traffic Citation
39.9672821,-77.57613,"Saturday, June 20, 2026 12:06 AM",Maximum Speed Limits - Freeways,Not Applicable,Not Applicable,1,Traffic Citation
39.9672995,-77.576122,"Sunday, August 31, 2025 11:18 PM",Maximum Speed Limits - Freeways,Not Applicable,Not Applicable,1,Traffic Citation
39.9673593,-77.576094,"Friday, May 8, 2026 1:49 AM",Maximum Speed Limits - Freeways,Not Applicable,Not Applicable,3,Traffic Citation
39.9673704,-80.174369,"Friday, July 4, 2025 10:19 AM",Maximum Speed Limits - Freeways,Not Applicable,Not Applicable,1,Traffic Citation
39.9675897,-77.575982,"Sunday, December 28, 2025 6:15 PM",Maximum Speed Limits - Freeways,Not Applicable,Not Applicable,1,Traffic Citation
39.9676074,-77.575974,"Tuesday, December 23, 2025 12:35 AM",Maximum Speed Limits - Freeways,Not Applicable,Not Applicable,1,Traffic Citation
39.9676946,-77.57593,"Saturday, January 3, 2026 9:27 PM",Maximum Speed Limits - Freeways,Not Applicable,Not Applicable,1,Traffic Citation
39.9677828,-77.575886,"Friday, May 8, 2026 12:33 AM",Maximum Speed Limits - Freeways,Not Applicable,Not Applicable,1,Traffic Citation
39.9678457,-77.575855,"Sunday, June 21, 2026 12:53 AM",Maximum Speed Limits - Freeways,Not Applicable,Not Applicable,4,Traffic Citation
39.9678687,-79.04335,"Tuesday, July 15, 2025 12:37 PM",Maximum Speed Limits - Freeways,Not Applicable,Not Applicable,1,Traffic Citation
39.9679246,-77.575816,"Friday, May 8, 2026 11:40 PM",Maximum Speed Limits - Freeways,Not Applicable,Not Applicable,1,Traffic Citation
39.9679482,-77.575804,"Tuesday, February 17, 2026 7:51 AM",Maximum Speed Limits - Freeways,Not Applicable,Not Applicable,2,Traffic Citation
39.9681116,-77.575723,"Thursday, January 1, 2026 7:59 PM",Maximum Speed Limits - Freeways,Not Applicable,Not Applicable,2,Traffic Citation
39.9685383,-77.575512,"Wednesday, July 23, 2025 4:31 AM",Maximum Speed Limits - Freeways,Not Applicable,Not Applicable,2,Traffic Citation
39.9685584,-80.174889,"Monday, May 25, 2026 5:26 PM",Maximum Speed Limits - Freeways,Not Applicable,Not Applicable,2,Traffic Citation
39.9685984,-80.174907,"Friday, July 4, 2025 8:21 AM",Maximum Speed Limits - Freeways,Not Applicable,Not Applicable,1,Traffic Citation
39.9687523,-77.575408,"Thursday, May 7, 2026 1:01 AM",Maximum Speed Limits - Freeways,Not Applicable,Not Applicable,1,Traffic Citation
39.968909,-77.575327,"Saturday, April 18, 2026 1:07 AM",Maximum Speed Limits - Freeways,Not Applicable,Not Applicable,1,Traffic Citation
39.969063,-80.175131,"Tuesday, August 26, 2025 11:59 AM",Maximum Speed Limits - Freeways,Not Applicable,Not Applicable,1,Traffic Citation
39.9691139,-80.175154,"Friday, July 4, 2025 8:38 AM",Maximum Speed Limits - Freeways,Not Applicable,Not Applicable,1,Traffic Citation
39.9691878,-77.575183,"Friday, May 8, 2026 12:56 AM",Maximum Speed Limits - Freeways,Not Applicable,Not Applicable,1,Traffic Citation
39.969212,-77.575172,"Wednesday, July 23, 2025 2:41 AM",Maximum Speed Limits - Freeways,Not Applicable,Not Applicable,1,Traffic Citation
39.9692253,-77.575165,"Saturday, May 9, 2026 12:30 AM",Maximum Speed Limits - Freeways,Not Applicable,Not Applicable,1,Traffic Citation
39.9693122,-77.575123,"Friday, February 27, 2026 11:47 AM",Maximum Speed Limits - Freeways,Not Applicable,Not Applicable,1,Traffic Citation
39.9693983,-77.575081,"Thursday, May 7, 2026 12:40 AM",Maximum Speed Limits - Freeways,Not Applicable,Not Applicable,1,Traffic Citation
39.9694631,-77.57505,"Thursday, May 7, 2026 11:53 PM",Maximum Speed Limits - Freeways,Not Applicable,Not Applicable,1,Traffic Citation
39.9696119,-79.042663,"Thursday, July 17, 2025 3:15 PM",Maximum Speed Limits - Freeways,Not Applicable,Not Applicable,1,Traffic Citation
39.9697676,-80.17547,"Tuesday, August 26, 2025 12:46 PM",Maximum Speed Limits - Freeways,Not Applicable,Not Applicable,1,Traffic Citation
39.969917,-77.57483,"Saturday, December 27, 2025 6:48 AM",Maximum Speed Limits - Freeways,Not Applicable,Not Applicable,1,Traffic Citation
39.9699784,-77.5748,"Thursday, January 1, 2026 8:40 PM",Maximum Speed Limits - Freeways,Not Applicable,Not Applicable,1,Traffic Citation
39.9701965,-77.574693,"Saturday, January 3, 2026 2:51 AM",Maximum Speed Limits - Freeways,Not Applicable,Not Applicable,1,Traffic Citation
39.9702175,-77.574683,"Wednesday, April 15, 2026 10:25 AM",Maximum Speed Limits - Freeways,Not Applicable,Not Applicable,1,Traffic Citation
39.9702328,-77.574676,"Tuesday, April 21, 2026 8:47 PM",Maximum Speed Limits - Freeways,Not Applicable,Not Applicable,1,Traffic Citation
39.9702724,-80.175702,"Friday, August 29, 2025 2:27 PM",Maximum Speed Limits - Freeways,Not Applicable,Not Applicable,1,Traffic Citation
39.9703125,-77.128159,"Wednesday, October 29, 2025 6:06 AM",Maximum Speed Limits - Freeways,Not Applicable,Not Applicable,1,Traffic Citation
39.9703502,-77.128152,"Saturday, November 29, 2025 7:44 PM",Maximum Speed Limits - Freeways,Not Applicable,Not Applicable,1,Traffic Citation
39.9703811,-80.175752,"Thursday, December 4, 2025 3:34 PM",Maximum Speed Limits - Freeways,Not Applicable,Not Applicable,1,Traffic Citation
39.9704022,-77.574592,"Sunday, June 21, 2026 1:31 AM",Maximum Speed Limits - Freeways,Not Applicable,Not Applicable,1,Traffic Citation
39.970553,-80.175838,"Monday, June 8, 2026 4:52 PM",Maximum Speed Limits - Freeways,Not Applicable,Not Applicable,2,Traffic Citation
39.9705625,-77.574512,"Sunday, June 21, 2026 1:13 AM",Maximum Speed Limits - Freeways,Not Applicable,Not Applicable,1,Traffic Citation
39.9708843,-80.175992,"Friday, July 4, 2025 9:45 AM",Maximum Speed Limits - Freeways,Not Applicable,Not Applicable,1,Traffic Citation
39.9708924,-77.574353,"Sunday, December 28, 2025 6:38 AM",Maximum Speed Limits - Freeways,Not Applicable,Not Applicable,1,Traffic Citation
39.9709227,-77.574338,"Monday, December 22, 2025 7:02 AM",Maximum Speed Limits - Freeways,Not Applicable,Not Applicable,1,Traffic Citation
39.9711399,-78.888715,"Sunday, August 31, 2025 5:10 PM",Maximum Speed Limits - Freeways,Not Applicable,Not Applicable,1,Traffic Citation
39.9711704,-77.57422,"Friday, February 27, 2026 12:29 PM",Maximum Speed Limits - Freeways,Not Applicable,Not Applicable,1,Traffic Citation
39.9711773,-78.888976,"Monday, May 25, 2026 7:08 PM",Maximum Speed Limits - Freeways,Not Applicable,Not Applicable,7,Traffic Citation
39.9714714,-80.176265,"Friday, April 3, 2026 7:08 PM",Maximum Speed Limits - Freeways,Not Applicable,Not Applicable,1,Traffic Citation
39.9715903,-80.176322,"Monday, October 13, 2025 1:16 PM",Maximum Speed Limits - Freeways,Not Applicable,Not Applicable,1,Traffic Citation
39.9716564,-78.89238,"Monday, September 1, 2025 10:23 AM",Maximum Speed Limits - Freeways,Not Applicable,Not Applicable,1,Traffic Citation
39.9717044,-77.573962,"Saturday, April 18, 2026 1:45 AM",Maximum Speed Limits - Freeways,Not Applicable,Not Applicable,1,Traffic Citation
39.9717765,-77.573925,"Saturday, December 27, 2025 1:34 PM",Maximum Speed Limits - Freeways,Not Applicable,Not Applicable,1,Traffic Citation
39.9718322,-77.573896,"Saturday, January 3, 2026 1:26 PM",Maximum Speed Limits - Freeways,Not Applicable,Not Applicable,1,Traffic Citation
39.9718845,-80.176461,"Monday, October 13, 2025 9:50 AM",Maximum Speed Limits - Freeways,Not Applicable,Not Applicable,1,Traffic Citation
39.9718925,-80.176465,"Friday, April 3, 2026 8:31 PM",Maximum Speed Limits - Freeways,Not Applicable,Not Applicable,3,Traffic Citation
39.972126,-80.176577,"Monday, May 25, 2026 9:45 PM",Maximum Speed Limits - Freeways,Not Applicable,Not Applicable,1,Traffic Citation
39.9721505,-80.176589,"Sunday, January 18, 2026 8:45 PM",Maximum Speed Limits - Freeways,Not Applicable,Not Applicable,1,Traffic Citation
39.972209,-80.176617,"Saturday, April 4, 2026 11:01 AM",Maximum Speed Limits - Freeways,Not Applicable,Not Applicable,1,Traffic Citation
39.9722174,-80.176621,"Thursday, October 2, 2025 1:11 PM",Maximum Speed Limits - Freeways,Not Applicable,Not Applicable,1,Traffic Citation
39.9722585,-80.176641,"Monday, October 13, 2025 9:03 AM",Maximum Speed Limits - Freeways,Not Applicable,Not Applicable,1,Traffic Citation
39.9723186,-80.17667,"Monday, October 13, 2025 2:26 PM",Maximum Speed Limits - Freeways,Not Applicable,Not Applicable,1,Traffic Citation
39.9723525,-80.176686,"Thursday, October 2, 2025 12:25 PM",Maximum Speed Limits - Freeways,Not Applicable,Not Applicable,1,Traffic Citation
39.9723546,-80.176687,"Friday, April 3, 2026 7:36 PM",Maximum Speed Limits - Freeways,Not Applicable,Not Applicable,1,Traffic Citation
39.9723998,-80.176709,"Monday, October 13, 2025 9:32 AM",Maximum Speed Limits - Freeways,Not Applicable,Not Applicable,1,Traffic Citation
39.9724291,-80.176723,"Thursday, October 2, 2025 9:46 AM",Maximum Speed Limits - Freeways,Not Applicable,Not Applicable,1,Traffic Citation
39.9724576,-80.176737,"Sunday, January 18, 2026 7:24 PM",Maximum Speed Limits - Freeways,Not Applicable,Not Applicable,1,Traffic Citation
39.972521,-80.176767,"Saturday, January 17, 2026 12:47 PM",Maximum Speed Limits - Freeways,Not Applicable,Not Applicable,1,Traffic Citation
39.9727174,-80.176851,"Saturday, April 4, 2026 10:48 AM",Maximum Speed Limits - Freeways,Not Applicable,Not Applicable,1,Traffic Citation
39.972786,-80.176884,"Saturday, January 17, 2026 12:09 PM",Maximum Speed Limits - Freeways,Not Applicable,Not Applicable,1,Traffic Citation
39.9728527,-80.176915,"Friday, July 4, 2025 10:02 AM",Maximum Speed Limits - Freeways,Not Applicable,Not Applicable,1,Traffic Citation
39.9729415,-80.176956,"Tuesday, March 10, 2026 8:46 PM",Maximum Speed Limits - Freeways,Not Applicable,Not Applicable,1,Traffic Citation
39.9730958,-77.573275,"Saturday, December 27, 2025 1:10 PM",Maximum Speed Limits - Freeways,Not Applicable,Not Applicable,1,Traffic Citation
39.973279,-80.177112,"Saturday, April 4, 2026 10:06 AM",Maximum Speed Limits - Freeways,Not Applicable,Not Applicable,1,Traffic Citation
39.9735006,-80.177214,"Monday, June 8, 2026 7:08 PM",Maximum Speed Limits - Freeways,Not Applicable,Not Applicable,1,Traffic Citation
39.9737286,-77.572963,"Tuesday, May 26, 2026 11:44 PM",Maximum Speed Limits - Freeways,Not Applicable,Not Applicable,1,Traffic Citation
39.9737995,-78.90754,"Friday, August 29, 2025 5:21 PM",Maximum Speed Limits - Freeways,Not Applicable,Not Applicable,1,Traffic Citation
39.9738537,-80.177378,"Friday, August 29, 2025 2:10 PM",Maximum Speed Limits - Freeways,Not Applicable,Not Applicable,1,Traffic Citation
39.9745714,-77.572553,"Saturday, January 3, 2026 12:39 PM",Maximum Speed Limits - Freeways,Not Applicable,Not Applicable,1,Traffic Citation
39.9747444,-77.572467,"Wednesday, July 23, 2025 3:44 AM",Maximum Speed Limits - Freeways,Not Applicable,Not Applicable,1,Traffic Citation
39.9752208,-77.571922,"Wednesday, March 18, 2026 9:01 PM",Maximum Speed Limits - Freeways,Not Applicable,Not Applicable,1,Traffic Citation
39.9755185,-77.572083,"Sunday, December 28, 2025 6:04 AM",Maximum Speed Limits - Freeways,Not Applicable,Not Applicable,1,Traffic Citation
39.9756156,-77.572035,"Saturday, January 3, 2026 1:09 PM",Maximum Speed Limits - Freeways,Not Applicable,Not Applicable,1,Traffic Citation
39.9759411,-78.923706,"Monday, July 14, 2025 12:50 PM",Maximum Speed Limits - Freeways,Not Applicable,Not Applicable,1,Traffic Citation
39.976724,-77.126893,"Saturday, April 18, 2026 4:10 PM",Maximum Speed Limits - Freeways,Not Applicable,Not Applicable,1,Traffic Citation
39.9767843,-77.57146,"Saturday, December 27, 2025 12:43 PM",Maximum Speed Limits - Freeways,Not Applicable,Not Applicable,1,Traffic Citation
39.9772566,-77.57123,"Sunday, December 28, 2025 6:57 AM",Maximum Speed Limits - Freeways,Not Applicable,Not Applicable,1,Traffic Citation
39.9772912,-77.571213,"Wednesday, July 23, 2025 4:11 AM",Maximum Speed Limits - Freeways,Not Applicable,Not Applicable,1,Traffic Citation
39.9773407,-77.571189,"Monday, April 27, 2026 12:30 AM",Maximum Speed Limits - Freeways,Not Applicable,Not Applicable,1,Traffic Citation
39.9774067,-77.571157,"Wednesday, December 24, 2025 2:31 AM",Maximum Speed Limits - Freeways,Not Applicable,Not Applicable,2,Traffic Citation
39.9776507,-77.571038,"Saturday, December 27, 2025 12:19 PM",Maximum Speed Limits - Freeways,Not Applicable,Not Applicable,1,Traffic Citation
39.9781311,-77.570803,"Saturday, December 27, 2025 7:55 AM",Maximum Speed Limits - Freeways,Not Applicable,Not Applicable,1,Traffic Citation
39.9781481,-77.570795,"Friday, June 19, 2026 1:29 AM",Maximum Speed Limits - Freeways,Not Applicable,Not Applicable,1,Traffic Citation
39.9783486,-77.570696,"Sunday, August 31, 2025 4:50 PM",Maximum Speed Limits - Freeways,Not Applicable,Not Applicable,1,Traffic Citation
39.9787058,-79.815601,"Tuesday, February 3, 2026 8:00 PM",Maximum Speed Limits - Freeways,Not Applicable,Not Applicable,3,Traffic Citation
39.9790307,-76.710771,"Thursday, October 23, 2025 6:04 AM",Maximum Speed Limits - Freeways,Not Applicable,Not Applicable,1,Traffic Citation
39.9794228,-78.739189,"Monday, August 25, 2025 11:07 AM",Maximum Speed Limits - Freeways,Not Applicable,Not Applicable,1,Traffic Citation
39.9795737,-78.793853,"Monday, February 16, 2026 1:45 AM",Maximum Speed Limits - Freeways,Not Applicable,Not Applicable,2,Traffic Citation
39.9797058,-78.766644,"Tuesday, March 3, 2026 12:20 AM",Maximum Speed Limits - Freeways,Not Applicable,Not Applicable,1,Traffic Citation
39.9798212,-79.042256,"Wednesday, November 26, 2025 4:45 PM",Maximum Speed Limits - Freeways,Not Applicable,Not Applicable,1,Traffic Citation
39.9808551,-77.12455,"Saturday, January 3, 2026 8:38 PM",Maximum Speed Limits - Freeways,Not Applicable,Not Applicable,1,Traffic Citation
39.9812147,-77.124328,"Sunday, May 24, 2026 1:48 PM",Maximum Speed Limits - Freeways,Not Applicable,Not Applicable,1,Traffic Citation
39.9812907,-79.818074,"Thursday, February 5, 2026 12:57 PM",Maximum Speed Limits - Freeways,Not Applicable,Not Applicable,1,Traffic Citation
39.9821899,-77.568811,"Saturday, January 3, 2026 8:55 PM",Maximum Speed Limits - Freeways,Not Applicable,Not Applicable,1,Traffic Citation
39.9822607,-79.042294,"Wednesday, November 26, 2025 4:23 PM",Maximum Speed Limits - Freeways,Not Applicable,Not Applicable,1,Traffic Citation
39.982736,-80.181254,"Wednesday, November 26, 2025 6:46 AM",Maximum Speed Limits - Freeways,Not Applicable,Not Applicable,1,Traffic Citation
39.983061,-79.820745,"Sunday, February 1, 2026 7:36 PM",Maximum Speed Limits - Freeways,Not Applicable,Not Applicable,3,Traffic Citation
39.9831828,-78.719728,"Monday, May 11, 2026 9:55 AM",Maximum Speed Limits - Freeways,Not Applicable,Not Applicable,1,Traffic Citation
39.984099,-78.271167,"Sunday, July 6, 2025 8:27 AM",Maximum Speed Limits - Freeways,Not Applicable,Not Applicable,1,Traffic Citation
39.984253,-78.955453,"Saturday, February 14, 2026 3:03 PM",Maximum Speed Limits - Freeways,Not Applicable,Not Applicable,3,Traffic Citation
39.9845374,-78.238491,"Saturday, October 25, 2025 7:34 PM",Maximum Speed Limits - Freeways,Not Applicable,Not Applicable,1,Traffic Citation
39.9845674,-79.041578,"Thursday, July 17, 2025 2:19 PM",Maximum Speed Limits - Freeways,Not Applicable,Not Applicable,4,Traffic Citation
39.9847016,-80.182161,"Thursday, November 6, 2025 5:48 PM",Maximum Speed Limits - Freeways,Not Applicable,Not Applicable,1,Traffic Citation
39.9847756,-78.237811,"Saturday, February 14, 2026 8:17 AM",Maximum Speed Limits - Freeways,Not Applicable,Not Applicable,1,Traffic Citation
39.9853458,-78.235266,"Sunday, May 24, 2026 4:24 PM",Maximum Speed Limits - Freeways,Not Applicable,Not Applicable,1,Traffic Citation
39.9853593,-78.235229,"Tuesday, June 23, 2026 6:36 AM",Maximum Speed Limits - Freeways,Not Applicable,Not Applicable,2,Traffic Citation
39.9858067,-78.234132,"Monday, April 20, 2026 5:50 PM",Maximum Speed Limits - Freeways,Not Applicable,Not Applicable,1,Traffic Citation
39.9858184,-76.731852,"Saturday, October 18, 2025 7:44 PM",Maximum Speed Limits - Freeways,Not Applicable,Not Applicable,1,Traffic Citation
39.985923,-78.233889,"Saturday, July 5, 2025 7:43 PM",Maximum Speed Limits - Freeways,Not Applicable,Not Applicable,3,Traffic Citation
39.9859377,-78.233861,"Saturday, July 5, 2025 8:49 PM",Maximum Speed Limits - Freeways,Not Applicable,Not Applicable,1,Traffic Citation
39.9862131,-78.233347,"Saturday, February 14, 2026 9:30 AM",Maximum Speed Limits - Freeways,Not Applicable,Not Applicable,1,Traffic Citation
39.9862342,-79.826614,"Saturday, April 4, 2026 6:21 PM",Maximum Speed Limits - Freeways,Not Applicable,Not Applicable,1,Traffic Citation
39.9864728,-78.24754,"Monday, August 18, 2025 10:27 AM",Maximum Speed Limits - Freeways,Not Applicable,Not Applicable,1,Traffic Citation
39.9865023,-77.565617,"Tuesday, April 21, 2026 10:24 AM",Maximum Speed Limits - Freeways,Not Applicable,Not Applicable,1,Traffic Citation
39.9865391,-78.232819,"Sunday, May 24, 2026 5:24 PM",Maximum Speed Limits - Freeways,Not Applicable,Not Applicable,1,Traffic Citation
39.9865461,-77.565574,"Sunday, May 24, 2026 4:04 PM",Maximum Speed Limits - Freeways,Not Applicable,Not Applicable,2,Traffic Citation
39.9868862,-78.23232,"Sunday, May 24, 2026 6:47 PM",Maximum Speed Limits - Freeways,Not Applicable,Not Applicable,1,Traffic Citation
39.9869016,-78.2323,"Friday, October 10, 2025 4:31 PM",Maximum Speed Limits - Freeways,Not Applicable,Not Applicable,1,Traffic Citation
39.9870589,-78.232092,"Friday, October 17, 2025 4:46 PM",Maximum Speed Limits - Freeways,Not Applicable,Not Applicable,1,Traffic Citation
39.9871322,-78.232001,"Friday, October 24, 2025 4:49 PM",Maximum Speed Limits - Freeways,Not Applicable,Not Applicable,1,Traffic Citation
39.9872592,-78.231843,"Friday, October 17, 2025 4:25 PM",Maximum Speed Limits - Freeways,Not Applicable,Not Applicable,1,Traffic Citation
39.9874139,-78.231672,"Friday, October 10, 2025 5:30 PM",Maximum Speed Limits - Freeways,Not Applicable,Not Applicable,2,Traffic Citation
39.9874611,-78.968834,"Friday, September 5, 2025 1:50 PM",Maximum Speed Limits - Freeways,Not Applicable,Not Applicable,1,Traffic Citation
39.9876212,-78.231449,"Wednesday, October 15, 2025 3:13 PM",Maximum Speed Limits - Freeways,Not Applicable,Not Applicable,1,Traffic Citation
39.9876264,-79.829453,"Saturday, September 13, 2025 1:21 PM",Maximum Speed Limits - Freeways,Not Applicable,Not Applicable,1,Traffic Citation
39.9877183,-78.231346,"Sunday, October 12, 2025 5:30 PM",Maximum Speed Limits - Freeways,Not Applicable,Not Applicable,1,Traffic Citation
39.9877391,-78.231326,"Monday, September 22, 2025 11:08 AM",Maximum Speed Limits - Freeways,Not Applicable,Not Applicable,1,Traffic Citation
39.9879016,-78.231171,"Friday, September 26, 2025 10:14 AM",Maximum Speed Limits - Freeways,Not Applicable,Not Applicable,1,Traffic Citation
39.9883774,-78.230745,"Tuesday, July 15, 2025 6:18 PM",Maximum Speed Limits - Freeways,Not Applicable,Not Applicable,1,Traffic Citation
39.9885452,-77.563603,"Tuesday, May 19, 2026 12:55 AM",Maximum Speed Limits - Freeways,Not Applicable,Not Applicable,1,Traffic Citation
39.9885604,-78.230584,"Thursday, September 18, 2025 8:46 AM",Maximum Speed Limits - Freeways,Not Applicable,Not Applicable,1,Traffic Citation
39.9885744,-78.230572,"Sunday, May 24, 2026 4:50 PM",Maximum Speed Limits - Freeways,Not Applicable,Not Applicable,1,Traffic Citation
39.9885837,-78.230564,"Monday, November 10, 2025 8:15 AM",Maximum Speed Limits - Freeways,Not Applicable,Not Applicable,2,Traffic Citation
39.9887294,-78.230436,"Sunday, October 26, 2025 5:37 PM",Maximum Speed Limits - Freeways,Not Applicable,Not Applicable,1,Traffic Citation
39.988774,-79.831791,"Thursday, January 22, 2026 12:48 PM",Maximum Speed Limits - Freeways,Not Applicable,Not Applicable,1,Traffic Citation
39.9889224,-78.230267,"Wednesday, October 15, 2025 4:04 PM",Maximum Speed Limits - Freeways,Not Applicable,Not Applicable,1,Traffic Citation
39.9892061,-78.230018,"Friday, October 10, 2025 3:14 PM",Maximum Speed Limits - Freeways,Not Applicable,Not Applicable,1,Traffic Citation
39.9892566,-78.229973,"Thursday, November 27, 2025 4:30 PM",Maximum Speed Limits - Freeways,Not Applicable,Not Applicable,1,Traffic Citation
39.9892836,-77.119235,"Saturday, October 25, 2025 12:07 PM",Maximum Speed Limits - Freeways,Not Applicable,Not Applicable,1,Traffic Citation
39.9893423,-77.119186,"Monday, February 9, 2026 2:33 PM",Maximum Speed Limits - Freeways,Not Applicable,Not Applicable,1,Traffic Citation
39.9894255,-78.229825,"Tuesday, June 23, 2026 2:05 PM",Maximum Speed Limits - Freeways,Not Applicable,Not Applicable,3,Traffic Citation
39.9894282,-78.229823,"Friday, May 8, 2026 8:37 AM",Maximum Speed Limits - Freeways,Not Applicable,Not Applicable,1,Traffic Citation
39.9894292,-78.229822,"Thursday, March 12, 2026 7:02 PM",Maximum Speed Limits - Freeways,Not Applicable,Not Applicable,2,Traffic Citation
39.9894627,-78.229793,"Thursday, March 19, 2026 6:17 PM",Maximum Speed Limits - Freeways,Not Applicable,Not Applicable,1,Traffic Citation
39.9894939,-78.229765,"Wednesday, September 10, 2025 8:33 AM",Maximum Speed Limits - Freeways,Not Applicable,Not Applicable,1,Traffic Citation
39.989496,-78.229763,"Tuesday, July 1, 2025 10:35 AM",Maximum Speed Limits - Freeways,Not Applicable,Not Applicable,1,Traffic Citation
39.9895198,-78.229742,"Wednesday, September 10, 2025 9:15 AM",Maximum Speed Limits - Freeways,Not Applicable,Not Applicable,1,Traffic Citation
39.9895205,-78.229742,"Monday, April 20, 2026 9:19 AM",Maximum Speed Limits - Freeways,Not Applicable,Not Applicable,1,Traffic Citation
39.9895269,-78.229736,"Wednesday, September 10, 2025 8:59 AM",Maximum Speed Limits - Freeways,Not Applicable,Not Applicable,1,Traffic Citation
39.9895301,-78.229733,"Monday, April 20, 2026 9:41 AM",Maximum Speed Limits - Freeways,Not Applicable,Not Applicable,1,Traffic Citation
39.9895914,-78.22968,"Wednesday, September 10, 2025 9:38 AM",Maximum Speed Limits - Freeways,Not Applicable,Not Applicable,1,Traffic Citation
39.9896497,-78.229629,"Tuesday, July 1, 2025 9:56 AM",Maximum Speed Limits - Freeways,Not Applicable,Not Applicable,1,Traffic Citation
39.989662,-78.229618,"Monday, April 20, 2026 8:45 AM",Maximum Speed Limits - Freeways,Not Applicable,Not Applicable,1,Traffic Citation
39.9896661,-77.562498,"Thursday, July 3, 2025 6:15 PM",Maximum Speed Limits - Freeways,Not Applicable,Not Applicable,2,Traffic Citation
39.9898529,-78.229448,"Monday, April 20, 2026 8:25 AM",Maximum Speed Limits - Freeways,Not Applicable,Not Applicable,1,Traffic Citation
39.9900674,-78.229256,"Wednesday, October 15, 2025 4:36 PM",Maximum Speed Limits - Freeways,Not Applicable,Not Applicable,1,Traffic Citation
39.9900711,-78.982749,"Thursday, March 19, 2026 5:49 PM",Maximum Speed Limits - Freeways,Not Applicable,Not Applicable,2,Traffic Citation
39.9905908,-78.228791,"Sunday, May 24, 2026 1:18 PM",Maximum Speed Limits - Freeways,Not Applicable,Not Applicable,1,Traffic Citation
39.9907068,-78.22869,"Thursday, March 19, 2026 9:32 AM",Maximum Speed Limits - Freeways,Not Applicable,Not Applicable,1,Traffic Citation
39.9907508,-78.228652,"Friday, April 3, 2026 12:47 PM",Maximum Speed Limits - Freeways,Not Applicable,Not Applicable,1,Traffic Citation
39.9907706,-78.228634,"Sunday, May 24, 2026 1:41 PM",Maximum Speed Limits - Freeways,Not Applicable,Not Applicable,2,Traffic Citation
39.990778,-78.228628,"Monday, September 29, 2025 10:45 AM",Maximum Speed Limits - Freeways,Not Applicable,Not Applicable,1,Traffic Citation
39.9907786,-78.228627,"Sunday, July 6, 2025 7:48 AM",Maximum Speed Limits - Freeways,Not Applicable,Not Applicable,1,Traffic Citation
39.9907794,-78.228626,"Wednesday, October 1, 2025 9:56 AM",Maximum Speed Limits - Freeways,Not Applicable,Not Applicable,2,Traffic Citation
39.990813,-78.228597,"Tuesday, April 28, 2026 7:32 AM",Maximum Speed Limits - Freeways,Not Applicable,Not Applicable,1,Traffic Citation
39.990821,-78.22859,"Wednesday, April 15, 2026 11:08 AM",Maximum Speed Limits - Freeways,Not Applicable,Not Applicable,2,Traffic Citation
39.9908214,-78.228589,"Friday, May 8, 2026 9:42 AM",Maximum Speed Limits - Freeways,Not Applicable,Not Applicable,1,Traffic Citation
39.9908215,-78.228589,"Wednesday, October 1, 2025 8:43 AM",Maximum Speed Limits - Freeways,Not Applicable,Not Applicable,1,Traffic Citation
39.9908264,-78.228585,"Thursday, March 26, 2026 4:40 PM",Maximum Speed Limits - Freeways,Not Applicable,Not Applicable,1,Traffic Citation
39.9908384,-78.228575,"Tuesday, August 26, 2025 9:57 AM",Maximum Speed Limits - Freeways,Not Applicable,Not Applicable,1,Traffic Citation
39.9908587,-78.228557,"Saturday, April 4, 2026 6:16 PM",Maximum Speed Limits - Freeways,Not Applicable,Not Applicable,1,Traffic Citation
39.9909067,-78.228514,"Tuesday, August 26, 2025 8:34 AM",Maximum Speed Limits - Freeways,Not Applicable,Not Applicable,1,Traffic Citation
39.990929,-78.228495,"Tuesday, August 26, 2025 9:07 AM",Maximum Speed Limits - Freeways,Not Applicable,Not Applicable,1,Traffic Citation
39.9909294,-78.228494,"Tuesday, April 28, 2026 6:53 AM",Maximum Speed Limits - Freeways,Not Applicable,Not Applicable,1,Traffic Citation
39.9909434,-78.228482,"Monday, September 29, 2025 8:32 AM",Maximum Speed Limits - Freeways,Not Applicable,Not Applicable,1,Traffic Citation
39.9909679,-78.228461,"Monday, November 3, 2025 9:10 AM",Maximum Speed Limits - Freeways,Not Applicable,Not Applicable,1,Traffic Citation
39.9909755,-78.228454,"Monday, September 29, 2025 10:19 AM",Maximum Speed Limits - Freeways,Not Applicable,Not Applicable,1,Traffic Citation
39.9909799,-78.22845,"Sunday, July 6, 2025 8:10 AM",Maximum Speed Limits - Freeways,Not Applicable,Not Applicable,1,Traffic Citation
39.9909833,-78.228447,"Saturday, July 5, 2025 2:03 PM",Maximum Speed Limits - Freeways,Not Applicable,Not Applicable,1,Traffic Citation
39.9910244,-77.561163,"Saturday, November 29, 2025 10:16 PM",Maximum Speed Limits - Freeways,Not Applicable,Not Applicable,1,Traffic Citation
39.9910259,-77.561162,"Thursday, September 11, 2025 8:33 AM",Maximum Speed Limits - Freeways,Not Applicable,Not Applicable,1,Traffic Citation
39.9910428,-77.561145,"Sunday, August 31, 2025 3:40 PM",Maximum Speed Limits - Freeways,Not Applicable,Not Applicable,1,Traffic Citation
39.9910599,-77.561128,"Monday, September 1, 2025 1:21 PM",Maximum Speed Limits - Freeways,Not Applicable,Not Applicable,1,Traffic Citation
39.9910702,-77.561118,"Sunday, August 31, 2025 5:46 PM",Maximum Speed Limits - Freeways,Not Applicable,Not Applicable,1,Traffic Citation
39.9910741,-77.561114,"Wednesday, December 31, 2025 12:54 AM",Maximum Speed Limits - Freeways,Not Applicable,Not Applicable,1,Traffic Citation
39.9910873,-77.561101,"Sunday, December 28, 2025 1:12 AM",Maximum Speed Limits - Freeways,Not Applicable,Not Applicable,1,Traffic Citation
39.9910903,-77.561098,"Friday, November 28, 2025 5:18 AM",Maximum Speed Limits - Freeways,Not Applicable,Not Applicable,1,Traffic Citation
39.9910921,-77.561096,"Monday, September 1, 2025 2:40 PM",Maximum Speed Limits - Freeways,Not Applicable,Not Applicable,1,Traffic Citation
39.9910939,-77.561094,"Monday, September 1, 2025 11:43 AM",Maximum Speed Limits - Freeways,Not Applicable,Not Applicable,2,Traffic Citation
39.9911061,-77.561082,"Monday, September 1, 2025 1:43 PM",Maximum Speed Limits - Freeways,Not Applicable,Not Applicable,2,Traffic Citation
39.9911065,-78.989153,"Saturday, March 28, 2026 4:27 PM",Maximum Speed Limits - Freeways,Not Applicable,Not Applicable,1,Traffic Citation
39.9911136,-77.561074,"Thursday, November 27, 2025 9:34 PM",Maximum Speed Limits - Freeways,Not Applicable,Not Applicable,1,Traffic Citation
39.9911168,-77.561071,"Saturday, August 30, 2025 8:14 PM",Maximum Speed Limits - Freeways,Not Applicable,Not Applicable,2,Traffic Citation
39.9911184,-77.56107,"Saturday, December 27, 2025 6:16 AM",Maximum Speed Limits - Freeways,Not Applicable,Not Applicable,2,Traffic Citation
39.9911233,-77.561065,"Sunday, July 6, 2025 7:25 AM",Maximum Speed Limits - Freeways,Not Applicable,Not Applicable,1,Traffic Citation
39.9911245,-77.561064,"Thursday, September 11, 2025 10:36 AM",Maximum Speed Limits - Freeways,Not Applicable,Not Applicable,1,Traffic Citation
39.9911259,-77.561062,"Saturday, November 29, 2025 8:09 PM",Maximum Speed Limits - Freeways,Not Applicable,Not Applicable,1,Traffic Citation
39.9911265,-77.561062,"Wednesday, July 23, 2025 7:42 AM",Maximum Speed Limits - Freeways,Not Applicable,Not Applicable,1,Traffic Citation
39.991133,-77.561055,"Thursday, September 11, 2025 5:38 PM",Maximum Speed Limits - Freeways,Not Applicable,Not Applicable,1,Traffic Citation
39.9911361,-77.561052,"Sunday, November 30, 2025 7:08 AM",Maximum Speed Limits - Freeways,Not Applicable,Not Applicable,1,Traffic Citation
39.9911366,-77.561052,"Saturday, July 26, 2025 12:53 AM",Maximum Speed Limits - Freeways,Not Applicable,Not Applicable,1,Traffic Citation
39.9911375,-77.561051,"Sunday, September 28, 2025 9:04 PM",Maximum Speed Limits - Freeways,Not Applicable,Not Applicable,1,Traffic Citation
39.9911648,-77.561023,"Thursday, September 11, 2025 6:20 PM",Maximum Speed Limits - Freeways,Not Applicable,Not Applicable,1,Traffic Citation
39.9911667,-77.561021,"Saturday, December 27, 2025 11:51 PM",Maximum Speed Limits - Freeways,Not Applicable,Not Applicable,1,Traffic Citation
39.9911686,-77.56102,"Thursday, November 27, 2025 9:53 PM",Maximum Speed Limits - Freeways,Not Applicable,Not Applicable,1,Traffic Citation
39.9912022,-77.560603,"Thursday, July 3, 2025 5:06 AM",Maximum Speed Limits - Freeways,Not Applicable,Not Applicable,1,Traffic Citation
39.9912073,-77.560598,"Tuesday, October 7, 2025 12:59 AM",Maximum Speed Limits - Freeways,Not Applicable,Not Applicable,1,Traffic Citation
39.9912109,-77.560977,"Sunday, November 30, 2025 5:29 AM",Maximum Speed Limits - Freeways,Not Applicable,Not Applicable,1,Traffic Citation
39.9912174,-77.560588,"Wednesday, December 31, 2025 2:38 AM",Maximum Speed Limits - Freeways,Not Applicable,Not Applicable,1,Traffic Citation
39.9912244,-77.560964,"Saturday, May 16, 2026 10:38 PM",Maximum Speed Limits - Freeways,Not Applicable,Not Applicable,1,Traffic Citation
39.9912267,-77.560962,"Saturday, April 18, 2026 10:34 PM",Maximum Speed Limits - Freeways,Not Applicable,Not Applicable,1,Traffic Citation
39.991252,-77.560936,"Saturday, November 29, 2025 8:25 PM",Maximum Speed Limits - Freeways,Not Applicable,Not Applicable,1,Traffic Citation
39.9912578,-77.560931,"Sunday, April 5, 2026 2:54 AM",Maximum Speed Limits - Freeways,Not Applicable,Not Applicable,1,Traffic Citation
39.9912626,-77.560926,"Wednesday, December 31, 2025 1:56 AM",Maximum Speed Limits - Freeways,Not Applicable,Not Applicable,1,Traffic Citation
39.9912647,-77.560924,"Saturday, December 27, 2025 11:36 PM",Maximum Speed Limits - Freeways,Not Applicable,Not Applicable,1,Traffic Citation
39.9912855,-77.560522,"Saturday, April 18, 2026 8:45 PM",Maximum Speed Limits - Freeways,Not Applicable,Not Applicable,1,Traffic Citation
39.9912932,-77.560514,"Saturday, December 20, 2025 8:14 AM",Maximum Speed Limits - Freeways,Not Applicable,Not Applicable,1,Traffic Citation
39.9912984,-77.56089,"Friday, January 2, 2026 12:56 AM",Maximum Speed Limits - Freeways,Not Applicable,Not Applicable,1,Traffic Citation
39.9913013,-77.560887,"Saturday, August 30, 2025 8:38 PM",Maximum Speed Limits - Freeways,Not Applicable,Not Applicable,1,Traffic Citation
39.9913062,-77.560502,"Friday, December 12, 2025 11:12 PM",Maximum Speed Limits - Freeways,Not Applicable,Not Applicable,1,Traffic Citation
39.9913124,-77.560876,"Wednesday, July 23, 2025 12:51 AM",Maximum Speed Limits - Freeways,Not Applicable,Not Applicable,2,Traffic Citation
39.9913201,-77.560869,"Monday, August 11, 2025 2:48 AM",Maximum Speed Limits - Freeways,Not Applicable,Not Applicable,1,Traffic Citation
39.9913471,-77.560842,"Monday, May 4, 2026 2:17 AM",Maximum Speed Limits - Freeways,Not Applicable,Not Applicable,1,Traffic Citation
39.9913494,-77.56046,"Monday, June 8, 2026 1:21 AM",Maximum Speed Limits - Freeways,Not Applicable,Not Applicable,2,Traffic Citation
39.9913584,-77.560831,"Sunday, December 28, 2025 12:53 AM",Maximum Speed Limits - Freeways,Not Applicable,Not Applicable,1,Traffic Citation
39.9913599,-77.560829,"Friday, January 9, 2026 1:54 AM",Maximum Speed Limits - Freeways,Not Applicable,Not Applicable,1,Traffic Citation
39.9913729,-77.560437,"Wednesday, August 6, 2025 4:43 AM",Maximum Speed Limits - Freeways,Not Applicable,Not Applicable,1,Traffic Citation
39.9914096,-77.560779,"Friday, March 13, 2026 4:59 AM",Maximum Speed Limits - Freeways,Not Applicable,Not Applicable,1,Traffic Citation
39.9914224,-77.560767,"Saturday, March 14, 2026 5:49 AM",Maximum Speed Limits - Freeways,Not Applicable,Not Applicable,2,Traffic Citation
39.9914304,-77.560759,"Tuesday, March 24, 2026 5:54 AM",Maximum Speed Limits - Freeways,Not Applicable,Not Applicable,2,Traffic Citation
39.9914361,-78.992985,"Sunday, August 31, 2025 3:24 PM",Maximum Speed Limits - Freeways,Not Applicable,Not Applicable,1,Traffic Citation
39.9914494,-77.56074,"Tuesday, May 26, 2026 11:23 PM",Maximum Speed Limits - Freeways,Not Applicable,Not Applicable,1,Traffic Citation
39.9914507,-77.560361,"Saturday, December 27, 2025 9:03 PM",Maximum Speed Limits - Freeways,Not Applicable,Not Applicable,4,Traffic Citation
39.9914595,-77.56073,"Wednesday, August 6, 2025 11:05 AM",Maximum Speed Limits - Freeways,Not Applicable,Not Applicable,1,Traffic Citation
39.9914928,-77.560697,"Thursday, April 16, 2026 9:11 PM",Maximum Speed Limits - Freeways,Not Applicable,Not Applicable,1,Traffic Citation
39.9915108,-77.560679,"Wednesday, December 31, 2025 12:27 AM",Maximum Speed Limits - Freeways,Not Applicable,Not Applicable,1,Traffic Citation
39.9915149,-77.560674,"Wednesday, July 23, 2025 1:35 AM",Maximum Speed Limits - Freeways,Not Applicable,Not Applicable,1,Traffic Citation
39.9915197,-77.56067,"Friday, May 8, 2026 9:26 PM",Maximum Speed Limits - Freeways,Not Applicable,Not Applicable,1,Traffic Citation
39.9915216,-77.560668,"Tuesday, March 17, 2026 6:17 AM",Maximum Speed Limits - Freeways,Not Applicable,Not Applicable,1,Traffic Citation
39.9915424,-77.560647,"Sunday, March 15, 2026 9:58 PM",Maximum Speed Limits - Freeways,Not Applicable,Not Applicable,1,Traffic Citation
39.9915639,-77.560626,"Monday, April 6, 2026 9:45 PM",Maximum Speed Limits - Freeways,Not Applicable,Not Applicable,1,Traffic Citation
39.9916027,-77.560587,"Friday, May 8, 2026 10:49 PM",Maximum Speed Limits - Freeways,Not Applicable,Not Applicable,1,Traffic Citation
39.9918902,-80.185554,"Sunday, December 7, 2025 4:40 PM",Maximum Speed Limits - Freeways,Not Applicable,Not Applicable,1,Traffic Citation
39.9919011,-77.56029,"Wednesday, April 15, 2026 10:19 PM",Maximum Speed Limits - Freeways,Not Applicable,Not Applicable,1,Traffic Citation
39.9919531,-78.227594,"Monday, August 11, 2025 8:37 PM",Maximum Speed Limits - Freeways,Not Applicable,Not Applicable,1,Traffic Citation
39.9920397,-78.227518,"Wednesday, July 23, 2025 9:10 AM",Maximum Speed Limits - Freeways,Not Applicable,Not Applicable,1,Traffic Citation
39.9921048,-77.560088,"Wednesday, July 23, 2025 12:18 AM",Maximum Speed Limits - Freeways,Not Applicable,Not Applicable,1,Traffic Citation
39.9921068,-78.227459,"Monday, August 11, 2025 8:18 PM",Maximum Speed Limits - Freeways,Not Applicable,Not Applicable,1,Traffic Citation
39.992113,-78.227453,"Saturday, October 25, 2025 11:20 AM",Maximum Speed Limits - Freeways,Not Applicable,Not Applicable,2,Traffic Citation
39.9921449,-78.227425,"Wednesday, July 23, 2025 7:49 AM",Maximum Speed Limits - Freeways,Not Applicable,Not Applicable,1,Traffic Citation
39.9921599,-78.227412,"Wednesday, July 23, 2025 10:14 AM",Maximum Speed Limits - Freeways,Not Applicable,Not Applicable,1,Traffic Citation
39.9921653,-79.906524,"Friday, February 20, 2026 9:50 AM",Maximum Speed Limits - Freeways,Not Applicable,Not Applicable,7,Traffic Citation
39.9922008,-77.559993,"Wednesday, June 17, 2026 11:25 PM",Maximum Speed Limits - Freeways,Not Applicable,Not Applicable,1,Traffic Citation
39.9922213,-77.559973,"Thursday, February 26, 2026 7:40 PM",Maximum Speed Limits - Freeways,Not Applicable,Not Applicable,2,Traffic Citation
39.992268,-77.559927,"Saturday, July 5, 2025 10:13 PM",Maximum Speed Limits - Freeways,Not Applicable,Not Applicable,2,Traffic Citation
39.9922857,-77.559909,"Tuesday, October 7, 2025 2:51 AM",Maximum Speed Limits - Freeways,Not Applicable,Not Applicable,1,Traffic Citation
39.992347,-77.559483,"Sunday, January 4, 2026 7:46 PM",Maximum Speed Limits - Freeways,Not Applicable,Not Applicable,1,Traffic Citation
39.9924247,-79.90898,"Thursday, March 19, 2026 5:08 PM",Maximum Speed Limits - Freeways,Not Applicable,Not Applicable,1,Traffic Citation
39.9924312,-77.559766,"Sunday, January 4, 2026 9:24 PM",Maximum Speed Limits - Freeways,Not Applicable,Not Applicable,1,Traffic Citation
39.9925717,-77.559627,"Tuesday, October 7, 2025 2:35 AM",Maximum Speed Limits - Freeways,Not Applicable,Not Applicable,1,Traffic Citation
39.9925807,-79.007282,"Thursday, July 3, 2025 3:21 PM",Maximum Speed Limits - Freeways,Not Applicable,Not Applicable,1,Traffic Citation
39.9925836,-77.559615,"Wednesday, May 20, 2026 12:37 AM",Maximum Speed Limits - Freeways,Not Applicable,Not Applicable,1,Traffic Citation
39.9925891,-77.55961,"Saturday, June 6, 2026 9:44 PM",Maximum Speed Limits - Freeways,Not Applicable,Not Applicable,1,Traffic Citation
39.9925932,-77.559606,"Saturday, May 9, 2026 9:35 PM",Maximum Speed Limits - Freeways,Not Applicable,Not Applicable,1,Traffic Citation
39.9925998,-77.559599,"Saturday, June 6, 2026 10:13 PM",Maximum Speed Limits - Freeways,Not Applicable,Not Applicable,1,Traffic Citation
39.9926128,-79.007865,"Friday, March 6, 2026 7:37 AM",Maximum Speed Limits - Freeways,Not Applicable,Not Applicable,4,Traffic Citation
39.9926759,-77.559524,"Friday, April 17, 2026 11:08 PM",Maximum Speed Limits - Freeways,Not Applicable,Not Applicable,2,Traffic Citation
39.9927156,-77.559485,"Sunday, March 29, 2026 9:33 PM",Maximum Speed Limits - Freeways,Not Applicable,Not Applicable,1,Traffic Citation
39.9927699,-77.559226,"Monday, November 3, 2025 7:22 AM",Maximum Speed Limits - Freeways,Not Applicable,Not Applicable,2,Traffic Citation
39.9928322,-77.55937,"Sunday, June 7, 2026 9:43 PM",Maximum Speed Limits - Freeways,Not Applicable,Not Applicable,1,Traffic Citation
39.9929048,-77.559298,"Wednesday, January 28, 2026 7:24 AM",Maximum Speed Limits - Freeways,Not Applicable,Not Applicable,1,Traffic Citation
39.992939,-77.5589,"Friday, January 2, 2026 10:49 PM",Maximum Speed Limits - Freeways,Not Applicable,Not Applicable,1,Traffic Citation
39.9929566,-79.011429,"Saturday, July 12, 2025 12:17 PM",Maximum Speed Limits - Freeways,Not Applicable,Not Applicable,1,Traffic Citation
39.9929999,-79.014585,"Sunday, August 31, 2025 3:06 PM",Maximum Speed Limits - Freeways,Not Applicable,Not Applicable,1,Traffic Citation
39.9930021,-79.840377,"Tuesday, April 7, 2026 7:11 PM",Maximum Speed Limits - Freeways,Not Applicable,Not Applicable,1,Traffic Citation
39.9930561,-79.013202,"Sunday, August 10, 2025 8:21 AM",Maximum Speed Limits - Freeways,Not Applicable,Not Applicable,3,Traffic Citation
39.9930726,-79.015833,"Wednesday, July 2, 2025 10:07 AM",Maximum Speed Limits - Freeways,Not Applicable,Not Applicable,1,Traffic Citation
39.9931193,-79.014334,"Friday, July 4, 2025 6:58 AM",Maximum Speed Limits - Freeways,Not Applicable,Not Applicable,1,Traffic Citation
39.993136,-77.559072,"Tuesday, January 27, 2026 10:22 AM",Maximum Speed Limits - Freeways,Not Applicable,Not Applicable,1,Traffic Citation
39.9931698,-79.017549,"Wednesday, December 10, 2025 9:44 AM",Maximum Speed Limits - Freeways,Not Applicable,Not Applicable,1,Traffic Citation
39.9932136,-79.01597,"Saturday, February 14, 2026 11:00 AM",Maximum Speed Limits - Freeways,Not Applicable,Not Applicable,1,Traffic Citation
39.9932346,-79.016329,"Wednesday, July 2, 2025 9:14 AM",Maximum Speed Limits - Freeways,Not Applicable,Not Applicable,2,Traffic Citation
39.9932435,-79.01648,"Saturday, March 7, 2026 8:36 AM",Maximum Speed Limits - Freeways,Not Applicable,Not Applicable,1,Traffic Citation
39.9932474,-79.01654,"Friday, October 10, 2025 7:10 PM",Maximum Speed Limits - Freeways,Not Applicable,Not Applicable,35,Traffic Citation
39.9932648,-79.016855,"Thursday, July 3, 2025 9:20 AM",Maximum Speed Limits - Freeways,Not Applicable,Not Applicable,1,Traffic Citation
39.9932654,-79.016864,"Monday, June 29, 2026 7:38 AM",Maximum Speed Limits - Freeways,Not Applicable,Not Applicable,1,Traffic Citation
39.9932849,-79.01718,"Friday, July 4, 2025 6:28 PM",Maximum Speed Limits - Freeways,Not Applicable,Not Applicable,1,Traffic Citation
39.9932899,-79.016789,"Saturday, March 21, 2026 1:31 PM",Maximum Speed Limits - Freeways,Not Applicable,Not Applicable,1,Traffic Citation
39.9932966,-79.017394,"Saturday, September 27, 2025 5:22 PM",Maximum Speed Limits - Freeways,Not Applicable,Not Applicable,2,Traffic Citation
39.9933086,-79.017611,"Wednesday, April 8, 2026 12:16 PM",Maximum Speed Limits - Freeways,Not Applicable,Not Applicable,1,Traffic Citation
39.9933318,-79.018036,"Saturday, February 14, 2026 9:42 AM",Maximum Speed Limits - Freeways,Not Applicable,Not Applicable,1,Traffic Citation
39.9933605,-77.558852,"Tuesday, April 28, 2026 9:48 PM",Maximum Speed Limits - Freeways,Not Applicable,Not Applicable,1,Traffic Citation
39.9933796,-79.018909,"Saturday, February 14, 2026 10:25 AM",Maximum Speed Limits - Freeways,Not Applicable,Not Applicable,1,Traffic Citation
39.9934112,-77.558803,"Friday, April 17, 2026 11:26 PM",Maximum Speed Limits - Freeways,Not Applicable,Not Applicable,1,Traffic Citation
39.9934528,-77.558763,"Wednesday, May 6, 2026 11:28 PM",Maximum Speed Limits - Freeways,Not Applicable,Not Applicable,2,Traffic Citation
39.9934547,-77.558761,"Sunday, May 24, 2026 3:36 PM",Maximum Speed Limits - Freeways,Not Applicable,Not Applicable,1,Traffic Citation
39.993486,-79.02079,"Friday, March 13, 2026 12:56 PM",Maximum Speed Limits - Freeways,Not Applicable,Not Applicable,1,Traffic Citation
39.9935418,-77.558677,"Sunday, January 4, 2026 10:17 PM",Maximum Speed Limits - Freeways,Not Applicable,Not Applicable,1,Traffic Citation
39.993727,-77.558497,"Friday, April 10, 2026 9:29 PM",Maximum Speed Limits - Freeways,Not Applicable,Not Applicable,1,Traffic Citation
39.9937348,-77.55849,"Friday, April 10, 2026 9:58 PM",Maximum Speed Limits - Freeways,Not Applicable,Not Applicable,1,Traffic Citation
39.9937534,-77.558472,"Friday, July 11, 2025 1:08 AM",Maximum Speed Limits - Freeways,Not Applicable,Not Applicable,1,Traffic Citation
39.9937883,-79.025529,"Saturday, March 7, 2026 9:46 AM",Maximum Speed Limits - Freeways,Not Applicable,Not Applicable,1,Traffic Citation
39.9938563,-77.558371,"Friday, April 17, 2026 11:57 PM",Maximum Speed Limits - Freeways,Not Applicable,Not Applicable,2,Traffic Citation
39.9938736,-77.558353,"Sunday, March 15, 2026 9:04 PM",Maximum Speed Limits - Freeways,Not Applicable,Not Applicable,2,Traffic Citation
39.9938973,-77.557954,"Friday, January 2, 2026 9:47 PM",Maximum Speed Limits - Freeways,Not Applicable,Not Applicable,1,Traffic Citation
39.9939374,-77.55829,"Thursday, April 9, 2026 10:48 PM",Maximum Speed Limits - Freeways,Not Applicable,Not Applicable,1,Traffic Citation
39.9940157,-77.558212,"Thursday, April 9, 2026 10:11 PM",Maximum Speed Limits - Freeways,Not Applicable,Not Applicable,1,Traffic Citation
39.9942198,-76.735278,"Tuesday, September 23, 2025 5:42 AM",Maximum Speed Limits - Freeways,Not Applicable,Not Applicable,1,Traffic Citation
39.994509,-77.557725,"Friday, May 8, 2026 11:55 PM",Maximum Speed Limits - Freeways,Not Applicable,Not Applicable,3,Traffic Citation
39.9947533,-77.557109,"Wednesday, February 18, 2026 5:02 PM",Maximum Speed Limits - Freeways,Not Applicable,Not Applicable,1,Traffic Citation
39.9947936,-77.557444,"Friday, December 12, 2025 9:10 PM",Maximum Speed Limits - Freeways,Not Applicable,Not Applicable,2,Traffic Citation
39.9947985,-79.856271,"Tuesday, April 28, 2026 6:49 PM",Maximum Speed Limits - Freeways,Not Applicable,Not Applicable,1,Traffic Citation
39.9949369,-77.557303,"Friday, December 26, 2025 8:07 AM",Maximum Speed Limits - Freeways,Not Applicable,Not Applicable,1,Traffic Citation
39.9949627,-77.557277,"Friday, December 12, 2025 9:37 PM",Maximum Speed Limits - Freeways,Not Applicable,Not Applicable,1,Traffic Citation
39.9951937,-79.855442,"Sunday, April 26, 2026 6:25 PM",Maximum Speed Limits - Freeways,Not Applicable,Not Applicable,2,Traffic Citation
39.9952676,-79.893959,"Friday, January 2, 2026 4:35 PM",Maximum Speed Limits - Freeways,Not Applicable,Not Applicable,1,Traffic Citation
39.9953431,-77.556902,"Wednesday, December 3, 2025 11:07 AM",Maximum Speed Limits - Freeways,Not Applicable,Not Applicable,1,Traffic Citation
39.9955815,-78.224251,"Monday, August 11, 2025 9:22 PM",Maximum Speed Limits - Freeways,Not Applicable,Not Applicable,1,Traffic Citation
39.9961469,-76.735845,"Sunday, June 28, 2026 7:00 AM",Maximum Speed Limits - Freeways,Not Applicable,Not Applicable,1,Traffic Citation
39.9961889,-79.033885,"Monday, February 16, 2026 3:53 PM",Maximum Speed Limits - Freeways,Not Applicable,Not Applicable,2,Traffic Citation
39.9964669,-77.555794,"Tuesday, December 2, 2025 10:28 PM",Maximum Speed Limits - Freeways,Not Applicable,Not Applicable,1,Traffic Citation
39.9965743,-79.886869,"Sunday, July 6, 2025 5:28 PM",Maximum Speed Limits - Freeways,Not Applicable,Not Applicable,1,Traffic Citation
39.9966439,-79.88988,"Saturday, April 4, 2026 6:40 PM",Maximum Speed Limits - Freeways,Not Applicable,Not Applicable,2,Traffic Citation
39.9966702,-79.873734,"Monday, April 13, 2026 4:23 PM",Maximum Speed Limits - Freeways,Not Applicable,Not Applicable,3,Traffic Citation
39.9967943,-76.735864,"Thursday, July 10, 2025 2:47 AM",Maximum Speed Limits - Freeways,Not Applicable,Not Applicable,1,Traffic Citation
39.9969832,-77.555284,"Monday, November 24, 2025 6:10 AM",Maximum Speed Limits - Freeways,Not Applicable,Not Applicable,1,Traffic Citation
39.9972032,-79.036983,"Wednesday, November 26, 2025 7:09 AM",Maximum Speed Limits - Freeways,Not Applicable,Not Applicable,1,Traffic Citation
39.9972319,-79.876709,"Sunday, April 26, 2026 7:25 PM",Maximum Speed Limits - Freeways,Not Applicable,Not Applicable,1,Traffic Citation
39.9978749,-79.039029,"Wednesday, August 6, 2025 10:17 AM",Maximum Speed Limits - Freeways,Not Applicable,Not Applicable,1,Traffic Citation
39.9980166,-77.553889,"Friday, February 27, 2026 12:08 PM",Maximum Speed Limits - Freeways,Not Applicable,Not Applicable,1,Traffic Citation
39.9980345,-77.554248,"Saturday, November 22, 2025 11:21 PM",Maximum Speed Limits - Freeways,Not Applicable,Not Applicable,1,Traffic Citation
39.9984827,-79.0407,"Thursday, July 3, 2025 1:29 PM",Maximum Speed Limits - Freeways,Not Applicable,Not Applicable,1,Traffic Citation
39.9989247,-77.552993,"Monday, October 6, 2025 12:59 AM",Maximum Speed Limits - Freeways,Not Applicable,Not Applicable,1,Traffic Citation
39.9990573,-79.924279,"Sunday, July 6, 2025 8:21 PM",Maximum Speed Limits - Freeways,Not Applicable,Not Applicable,1,Traffic Citation
39.9990776,-79.924392,"Thursday, February 12, 2026 8:01 PM",Maximum Speed Limits - Freeways,Not Applicable,Not Applicable,1,Traffic Citation
40.0000772,-79.925874,"Tuesday, December 9, 2025 4:44 PM",Maximum Speed Limits - Freeways,Not Applicable,Not Applicable,1,Traffic Citation
40.0003779,-78.359551,"Wednesday, October 29, 2025 5:49 PM",Maximum Speed Limits - Freeways,Not Applicable,Not Applicable,1,Traffic Citation
40.0006161,-76.737109,"Wednesday, November 19, 2025 8:54 PM",Maximum Speed Limits - Freeways,Not Applicable,Not Applicable,1,Traffic Citation
40.0006277,-77.551315,"Wednesday, December 31, 2025 5:59 PM",Maximum Speed Limits - Freeways,Not Applicable,Not Applicable,1,Traffic Citation
40.0016221,-76.737395,"Tuesday, February 10, 2026 3:04 PM",Maximum Speed Limits - Freeways,Not Applicable,Not Applicable,1,Traffic Citation
40.0028664,-78.429391,"Friday, August 1, 2025 6:43 AM",Maximum Speed Limits - Freeways,Not Applicable,Not Applicable,1,Traffic Citation
40.0035173,-77.103727,"Monday, October 27, 2025 10:23 AM",Maximum Speed Limits - Freeways,Not Applicable,Not Applicable,1,Traffic Citation
40.0064153,-77.545138,"Thursday, September 11, 2025 4:52 AM",Maximum Speed Limits - Freeways,Not Applicable,Not Applicable,1,Traffic Citation
40.00767,-79.937485,"Sunday, August 31, 2025 4:18 PM",Maximum Speed Limits - Freeways,Not Applicable,Not Applicable,1,Traffic Citation
40.0082396,-77.542891,"Saturday, December 27, 2025 7:02 AM",Maximum Speed Limits - Freeways,Not Applicable,Not Applicable,1,Traffic Citation
40.0087705,-77.542239,"Saturday, December 27, 2025 7:22 AM",Maximum Speed Limits - Freeways,Not Applicable,Not Applicable,1,Traffic Citation
40.0096926,-79.068598,"Monday, September 8, 2025 10:26 AM",Maximum Speed Limits - Freeways,Not Applicable,Not Applicable,1,Traffic Citation
40.0097866,-76.739557,"Tuesday, May 26, 2026 10:49 PM",Maximum Speed Limits - Freeways,Not Applicable,Not Applicable,1,Traffic Citation
40.0100529,-78.390647,"Thursday, March 26, 2026 4:54 PM",Maximum Speed Limits - Freeways,Not Applicable,Not Applicable,1,Traffic Citation
40.0110963,-78.651978,"Tuesday, May 19, 2026 9:20 AM",Maximum Speed Limits - Freeways,Not Applicable,Not Applicable,1,Traffic Citation
40.0114726,-78.460829,"Thursday, December 25, 2025 2:28 PM",Maximum Speed Limits - Freeways,Not Applicable,Not Applicable,1,Traffic Citation
40.0122531,-78.646893,"Saturday, June 6, 2026 10:39 AM",Maximum Speed Limits - Freeways,Not Applicable,Not Applicable,1,Traffic Citation
40.0123327,-77.538259,"Saturday, November 22, 2025 7:08 PM",Maximum Speed Limits - Freeways,Not Applicable,Not Applicable,1,Traffic Citation
40.01254,-79.071445,"Sunday, September 14, 2025 10:20 AM",Maximum Speed Limits - Freeways,Not Applicable,Not Applicable,1,Traffic Citation
40.0141321,-79.072987,"Monday, March 9, 2026 12:43 PM",Maximum Speed Limits - Freeways,Not Applicable,Not Applicable,1,Traffic Citation
40.0142341,-76.740976,"Friday, March 6, 2026 2:18 AM",Maximum Speed Limits - Freeways,Not Applicable,Not Applicable,1,Traffic Citation
40.0151177,-79.074161,"Monday, July 14, 2025 12:33 PM",Maximum Speed Limits - Freeways,Not Applicable,Not Applicable,2,Traffic Citation
40.0156532,-78.59149,"Wednesday, June 10, 2026 9:40 AM",Maximum Speed Limits - Freeways,Not Applicable,Not Applicable,1,Traffic Citation
40.0164196,-78.590133,"Thursday, April 23, 2026 7:10 PM",Maximum Speed Limits - Freeways,Not Applicable,Not Applicable,1,Traffic Citation
40.0169175,-78.194698,"Friday, November 28, 2025 7:37 AM",Maximum Speed Limits - Freeways,Not Applicable,Not Applicable,2,Traffic Citation
40.0169266,-78.194268,"Sunday, May 3, 2026 8:03 AM",Maximum Speed Limits - Freeways,Not Applicable,Not Applicable,1,Traffic Citation
40.0172582,-79.076246,"Friday, August 22, 2025 11:46 AM",Maximum Speed Limits - Freeways,Not Applicable,Not Applicable,1,Traffic Citation
40.0174274,-77.529836,"Wednesday, June 10, 2026 9:02 PM",Maximum Speed Limits - Freeways,Not Applicable,Not Applicable,2,Traffic Citation
40.0176918,-77.529207,"Sunday, May 24, 2026 6:50 AM",Maximum Speed Limits - Freeways,Not Applicable,Not Applicable,1,Traffic Citation
40.0178611,-77.528876,"Friday, January 2, 2026 5:03 AM",Maximum Speed Limits - Freeways,Not Applicable,Not Applicable,1,Traffic Citation
40.0180814,-77.528444,"Wednesday, June 10, 2026 9:15 PM",Maximum Speed Limits - Freeways,Not Applicable,Not Applicable,1,Traffic Citation
40.0184555,-78.622931,"Tuesday, July 22, 2025 8:49 AM",Maximum Speed Limits - Freeways,Not Applicable,Not Applicable,2,Traffic Citation
40.0185621,-78.622479,"Sunday, June 21, 2026 7:18 PM",Maximum Speed Limits - Freeways,Not Applicable,Not Applicable,4,Traffic Citation
40.0187008,-79.077579,"Wednesday, December 3, 2025 10:30 AM",Maximum Speed Limits - Freeways,Not Applicable,Not Applicable,2,Traffic Citation
40.0199235,-79.080286,"Wednesday, November 12, 2025 3:21 PM",Maximum Speed Limits - Freeways,Not Applicable,Not Applicable,1,Traffic Citation
40.0208313,-79.081959,"Monday, December 8, 2025 10:13 AM",Maximum Speed Limits - Freeways,Not Applicable,Not Applicable,1,Traffic Citation
40.0208443,-79.082608,"Monday, September 29, 2025 10:44 AM",Maximum Speed Limits - Freeways,Not Applicable,Not Applicable,1,Traffic Citation
40.0214947,-79.084297,"Saturday, October 11, 2025 8:46 AM",Maximum Speed Limits - Freeways,Not Applicable,Not Applicable,1,Traffic Citation
40.0216777,-77.521525,"Wednesday, July 23, 2025 10:06 AM",Maximum Speed Limits - Freeways,Not Applicable,Not Applicable,1,Traffic Citation
40.0219003,-77.521097,"Tuesday, March 31, 2026 8:08 AM",Maximum Speed Limits - Freeways,Not Applicable,Not Applicable,1,Traffic Citation
40.0219282,-79.04263,"Friday, April 3, 2026 12:53 PM",Maximum Speed Limits - Freeways,Not Applicable,Not Applicable,1,Traffic Citation
40.0250743,-77.51501,"Saturday, April 4, 2026 9:28 PM",Maximum Speed Limits - Freeways,Not Applicable,Not Applicable,1,Traffic Citation
40.0263146,-76.744307,"Saturday, August 30, 2025 6:54 PM",Maximum Speed Limits - Freeways,Not Applicable,Not Applicable,1,Traffic Citation
40.0264992,-77.512216,"Sunday, December 28, 2025 2:34 AM",Maximum Speed Limits - Freeways,Not Applicable,Not Applicable,1,Traffic Citation
40.0266622,-77.511908,"Thursday, February 5, 2026 1:45 AM",Maximum Speed Limits - Freeways,Not Applicable,Not Applicable,1,Traffic Citation
40.0267277,-76.744562,"Tuesday, May 19, 2026 8:16 PM",Maximum Speed Limits - Freeways,Not Applicable,Not Applicable,1,Traffic Citation
40.0268701,-76.7446,"Tuesday, March 24, 2026 1:51 PM",Maximum Speed Limits - Freeways,Not Applicable,Not Applicable,1,Traffic Citation
40.0272301,-77.510836,"Monday, June 8, 2026 5:22 AM",Maximum Speed Limits - Freeways,Not Applicable,Not Applicable,1,Traffic Citation
40.027374,-77.510559,"Wednesday, November 26, 2025 7:21 AM",Maximum Speed Limits - Freeways,Not Applicable,Not Applicable,1,Traffic Citation
40.0274906,-76.744763,"Tuesday, September 16, 2025 5:40 AM",Maximum Speed Limits - Freeways,Not Applicable,Not Applicable,1,Traffic Citation
40.0278064,-77.509806,"Monday, February 2, 2026 7:55 AM",Maximum Speed Limits - Freeways,Not Applicable,Not Applicable,2,Traffic Citation
40.0278191,-77.509784,"Wednesday, November 26, 2025 8:16 AM",Maximum Speed Limits - Freeways,Not Applicable,Not Applicable,1,Traffic Citation
40.028215,-77.509078,"Sunday, August 31, 2025 4:55 PM",Maximum Speed Limits - Freeways,Not Applicable,Not Applicable,1,Traffic Citation
40.0289324,-76.745044,"Friday, December 26, 2025 7:50 AM",Maximum Speed Limits - Freeways,Not Applicable,Not Applicable,1,Traffic Citation
40.02903,-76.745197,"Saturday, August 30, 2025 10:37 PM",Maximum Speed Limits - Freeways,Not Applicable,Not Applicable,1,Traffic Citation
40.0291575,-76.745235,"Friday, January 9, 2026 9:33 PM",Maximum Speed Limits - Freeways,Not Applicable,Not Applicable,1,Traffic Citation
40.0297433,-79.924494,"Thursday, July 10, 2025 8:35 AM",Maximum Speed Limits - Freeways,Not Applicable,Not Applicable,1,Traffic Citation
40.0303524,-77.505277,"Thursday, June 4, 2026 11:34 AM",Maximum Speed Limits - Freeways,Not Applicable,Not Applicable,1,Traffic Citation
40.0314379,-77.503926,"Sunday, May 31, 2026 9:54 AM",Maximum Speed Limits - Freeways,Not Applicable,Not Applicable,1,Traffic Citation
40.0321118,-76.746084,"Saturday, December 27, 2025 9:09 PM",Maximum Speed Limits - Freeways,Not Applicable,Not Applicable,1,Traffic Citation
40.0321803,-79.052357,"Friday, April 17, 2026 8:09 AM",Maximum Speed Limits - Freeways,Not Applicable,Not Applicable,1,Traffic Citation
40.032745,-79.095888,"Monday, March 23, 2026 1:16 PM",Maximum Speed Limits - Freeways,Not Applicable,Not Applicable,1,Traffic Citation
40.0333662,-77.501957,"Thursday, October 16, 2025 6:45 AM",Maximum Speed Limits - Freeways,Not Applicable,Not Applicable,1,Traffic Citation
40.0337132,-78.144076,"Saturday, July 5, 2025 1:46 PM",Maximum Speed Limits - Freeways,Not Applicable,Not Applicable,1,Traffic Citation
40.0339768,-76.746615,"Thursday, July 3, 2025 8:17 PM",Maximum Speed Limits - Freeways,Not Applicable,Not Applicable,1,Traffic Citation
40.0350795,-76.746768,"Friday, July 11, 2025 12:04 AM",Maximum Speed Limits - Freeways,Not Applicable,Not Applicable,1,Traffic Citation
40.0354593,-76.747038,"Wednesday, August 27, 2025 8:41 PM",Maximum Speed Limits - Freeways,Not Applicable,Not Applicable,1,Traffic Citation
40.036067,-77.498184,"Friday, March 27, 2026 7:42 PM",Maximum Speed Limits - Freeways,Not Applicable,Not Applicable,1,Traffic Citation
40.0363787,-77.497812,"Thursday, September 11, 2025 10:13 AM",Maximum Speed Limits - Freeways,Not Applicable,Not Applicable,3,Traffic Citation
40.0377414,-79.101559,"Monday, April 27, 2026 1:25 PM",Maximum Speed Limits - Freeways,Not Applicable,Not Applicable,1,Traffic Citation
40.0380122,-79.101866,"Friday, February 13, 2026 9:56 AM",Maximum Speed Limits - Freeways,Not Applicable,Not Applicable,1,Traffic Citation
40.0380664,-79.918112,"Monday, September 1, 2025 1:27 PM",Maximum Speed Limits - Freeways,Not Applicable,Not Applicable,1,Traffic Citation
40.0380765,-78.00368,"Monday, February 16, 2026 3:55 PM",Maximum Speed Limits - Freeways,Not Applicable,Not Applicable,2,Traffic Citation
40.0383825,-76.747889,"Friday, November 28, 2025 8:46 PM",Maximum Speed Limits - Freeways,Not Applicable,Not Applicable,1,Traffic Citation
40.0386999,-76.747991,"Tuesday, May 26, 2026 11:04 AM",Maximum Speed Limits - Freeways,Not Applicable,Not Applicable,1,Traffic Citation
40.0388305,-76.747858,"Saturday, March 14, 2026 3:55 PM",Maximum Speed Limits - Freeways,Not Applicable,Not Applicable,1,Traffic Citation
40.0393509,-76.748027,"Tuesday, March 24, 2026 2:42 PM",Maximum Speed Limits - Freeways,Not Applicable,Not Applicable,1,Traffic Citation
40.0402852,-78.126897,"Thursday, November 27, 2025 10:01 AM",Maximum Speed Limits - Freeways,Not Applicable,Not Applicable,1,Traffic Citation
40.0412467,-79.916047,"Saturday, November 15, 2025 6:59 AM",Maximum Speed Limits - Freeways,Not Applicable,Not Applicable,1,Traffic Citation
40.0415846,-77.49286,"Friday, July 4, 2025 7:55 PM",Maximum Speed Limits - Freeways,Not Applicable,Not Applicable,1,Traffic Citation
40.041966,-78.514288,"Saturday, May 23, 2026 1:24 PM",Maximum Speed Limits - Freeways,Not Applicable,Not Applicable,1,Traffic Citation
40.0435831,-76.749575,"Friday, August 29, 2025 10:49 AM",Maximum Speed Limits - Freeways,Not Applicable,Not Applicable,1,Traffic Citation
40.0443149,-76.74964,"Monday, March 23, 2026 11:39 PM",Maximum Speed Limits - Freeways,Not Applicable,Not Applicable,1,Traffic Citation
40.0448855,-77.490389,"Thursday, February 26, 2026 12:05 PM",Maximum Speed Limits - Freeways,Not Applicable,Not Applicable,1,Traffic Citation
40.0452313,-76.749939,"Tuesday, September 16, 2025 6:39 AM",Maximum Speed Limits - Freeways,Not Applicable,Not Applicable,1,Traffic Citation
40.0452655,-76.750122,"Thursday, July 3, 2025 11:58 AM",Maximum Speed Limits - Freeways,Not Applicable,Not Applicable,1,Traffic Citation
40.0454957,-78.059471,"Friday, April 24, 2026 4:02 PM",Maximum Speed Limits - Freeways,Not Applicable,Not Applicable,1,Traffic Citation
40.0455505,-78.121838,"Thursday, November 27, 2025 10:53 AM",Maximum Speed Limits - Freeways,Not Applicable,Not Applicable,1,Traffic Citation
40.0459282,-76.750164,"Saturday, August 30, 2025 10:41 PM",Maximum Speed Limits - Freeways,Not Applicable,Not Applicable,1,Traffic Citation
40.0462858,-79.05858,"Saturday, January 3, 2026 4:31 PM",Maximum Speed Limits - Freeways,Not Applicable,Not Applicable,2,Traffic Citation
40.0476041,-76.750707,"Monday, December 29, 2025 6:52 PM",Maximum Speed Limits - Freeways,Not Applicable,Not Applicable,1,Traffic Citation
40.0486811,-78.117931,"Saturday, November 29, 2025 9:46 AM",Maximum Speed Limits - Freeways,Not Applicable,Not Applicable,1,Traffic Citation
40.0488311,-77.487998,"Tuesday, March 17, 2026 3:24 PM",Maximum Speed Limits - Freeways,Not Applicable,Not Applicable,1,Traffic Citation
40.049182,-76.751396,"Friday, July 4, 2025 6:46 PM",Maximum Speed Limits - Freeways,Not Applicable,Not Applicable,1,Traffic Citation
40.0495041,-76.751501,"Friday, August 29, 2025 9:57 AM",Maximum Speed Limits - Freeways,Not Applicable,Not Applicable,1,Traffic Citation
40.049956,-79.059912,"Wednesday, November 26, 2025 10:34 AM",Maximum Speed Limits - Freeways,Not Applicable,Not Applicable,2,Traffic Citation
40.0500546,-76.75168,"Friday, July 4, 2025 7:39 PM",Maximum Speed Limits - Freeways,Not Applicable,Not Applicable,1,Traffic Citation
40.050577,-78.111528,"Wednesday, February 25, 2026 12:27 PM",Maximum Speed Limits - Freeways,Not Applicable,Not Applicable,1,Traffic Citation
40.0510182,-76.751993,"Wednesday, October 8, 2025 4:03 PM",Maximum Speed Limits - Freeways,Not Applicable,Not Applicable,1,Traffic Citation
40.0513628,-79.06035,"Wednesday, November 26, 2025 11:51 AM",Maximum Speed Limits - Freeways,Not Applicable,Not Applicable,1,Traffic Citation
40.0522978,-76.752232,"Tuesday, September 16, 2025 7:00 AM",Maximum Speed Limits - Freeways,Not Applicable,Not Applicable,1,Traffic Citation
40.0526878,-78.103131,"Thursday, November 27, 2025 11:07 AM",Maximum Speed Limits - Freeways,Not Applicable,Not Applicable,1,Traffic Citation
40.0527358,-76.75255,"Friday, July 4, 2025 6:09 PM",Maximum Speed Limits - Freeways,Not Applicable,Not Applicable,1,Traffic Citation
40.052821,-77.485068,"Sunday, March 1, 2026 6:16 AM",Maximum Speed Limits - Freeways,Not Applicable,Not Applicable,2,Traffic Citation
40.0529289,-78.073139,"Thursday, April 16, 2026 6:44 PM",Maximum Speed Limits - Freeways,Not Applicable,Not Applicable,1,Traffic Citation
40.0530388,-76.75247,"Thursday, July 24, 2025 7:22 AM",Maximum Speed Limits - Freeways,Not Applicable,Not Applicable,1,Traffic Citation
40.0544207,-76.753083,"Thursday, July 3, 2025 12:45 PM",Maximum Speed Limits - Freeways,Not Applicable,Not Applicable,1,Traffic Citation
40.0546728,-78.099944,"Saturday, November 29, 2025 10:01 AM",Maximum Speed Limits - Freeways,Not Applicable,Not Applicable,1,Traffic Citation
40.0548662,-76.75309,"Friday, March 6, 2026 2:05 AM",Maximum Speed Limits - Freeways,Not Applicable,Not Applicable,1,Traffic Citation
40.0549746,-76.753258,"Wednesday, May 27, 2026 12:19 PM",Maximum Speed Limits - Freeways,Not Applicable,Not Applicable,1,Traffic Citation
40.0552301,-76.753339,"Sunday, November 23, 2025 12:42 AM",Maximum Speed Limits - Freeways,Not Applicable,Not Applicable,1,Traffic Citation
40.0553801,-79.905691,"Friday, September 26, 2025 7:10 PM",Maximum Speed Limits - Freeways,Not Applicable,Not Applicable,1,Traffic Citation
40.0556949,-76.753485,"Wednesday, October 8, 2025 9:38 AM",Maximum Speed Limits - Freeways,Not Applicable,Not Applicable,1,Traffic Citation
40.0558207,-76.753525,"Wednesday, October 8, 2025 10:30 AM",Maximum Speed Limits - Freeways,Not Applicable,Not Applicable,1,Traffic Citation
40.056027,-76.75359,"Friday, August 29, 2025 12:35 PM",Maximum Speed Limits - Freeways,Not Applicable,Not Applicable,2,Traffic Citation
40.0561016,-76.753489,"Friday, May 22, 2026 12:05 PM",Maximum Speed Limits - Freeways,Not Applicable,Not Applicable,1,Traffic Citation
40.0565168,-76.753623,"Tuesday, September 16, 2025 7:27 AM",Maximum Speed Limits - Freeways,Not Applicable,Not Applicable,1,Traffic Citation
40.0566062,-76.753652,"Friday, May 1, 2026 8:00 PM",Maximum Speed Limits - Freeways,Not Applicable,Not Applicable,1,Traffic Citation
40.0570293,-76.753789,"Friday, August 29, 2025 11:31 PM",Maximum Speed Limits - Freeways,Not Applicable,Not Applicable,1,Traffic Citation
40.0571371,-76.753824,"Wednesday, June 10, 2026 1:20 PM",Maximum Speed Limits - Freeways,Not Applicable,Not Applicable,1,Traffic Citation
40.0571651,-76.753833,"Monday, September 1, 2025 12:32 PM",Maximum Speed Limits - Freeways,Not Applicable,Not Applicable,1,Traffic Citation
40.0571716,-78.097326,"Friday, February 20, 2026 5:14 PM",Maximum Speed Limits - Freeways,Not Applicable,Not Applicable,1,Traffic Citation
40.0572639,-78.097231,"Saturday, November 29, 2025 10:47 AM",Maximum Speed Limits - Freeways,Not Applicable,Not Applicable,1,Traffic Citation
40.0577364,-76.75402,"Friday, October 31, 2025 9:35 PM",Maximum Speed Limits - Freeways,Not Applicable,Not Applicable,1,Traffic Citation
40.0578249,-79.903474,"Saturday, November 29, 2025 8:55 PM",Maximum Speed Limits - Freeways,Not Applicable,Not Applicable,2,Traffic Citation
40.0578888,-76.754196,"Friday, August 29, 2025 8:20 PM",Maximum Speed Limits - Freeways,Not Applicable,Not Applicable,1,Traffic Citation
40.0583177,-78.096093,"Friday, November 28, 2025 5:02 PM",Maximum Speed Limits - Freeways,Not Applicable,Not Applicable,1,Traffic Citation
40.0583554,-79.903623,"Tuesday, April 21, 2026 7:38 AM",Maximum Speed Limits - Freeways,Not Applicable,Not Applicable,1,Traffic Citation
40.0586299,-76.754312,"Thursday, January 29, 2026 8:41 PM",Maximum Speed Limits - Freeways,Not Applicable,Not Applicable,1,Traffic Citation
40.0587665,-75.48385,"Sunday, May 3, 2026 7:20 PM",Maximum Speed Limits - Freeways,Not Applicable,Not Applicable,2,Traffic Citation
40.0587751,-78.086819,"Monday, May 4, 2026 4:07 PM",Maximum Speed Limits - Freeways,Not Applicable,Not Applicable,1,Traffic Citation
40.0589277,-78.087203,"Friday, January 2, 2026 9:53 AM",Maximum Speed Limits - Freeways,Not Applicable,Not Applicable,2,Traffic Citation
40.059004,-76.754435,"Saturday, December 20, 2025 7:41 PM",Maximum Speed Limits - Freeways,Not Applicable,Not Applicable,2,Traffic Citation
40.059793,-78.518069,"Sunday, August 31, 2025 12:25 PM",Maximum Speed Limits - Freeways,Not Applicable,Not Applicable,1,Traffic Citation
40.0605794,-76.277453,"Saturday, August 30, 2025 9:12 PM",Maximum Speed Limits - Freeways,Not Applicable,Not Applicable,1,Traffic Citation
40.06064,-76.755095,"Friday, August 29, 2025 1:35 PM",Maximum Speed Limits - Freeways,Not Applicable,Not Applicable,1,Traffic Citation
40.0607802,-79.0604,"Tuesday, January 6, 2026 5:05 PM",Maximum Speed Limits - Freeways,Not Applicable,Not Applicable,1,Traffic Citation
40.0609416,-77.479193,"Tuesday, October 28, 2025 6:57 AM",Maximum Speed Limits - Freeways,Not Applicable,Not Applicable,1,Traffic Citation
40.0610051,-76.755089,"Monday, January 5, 2026 10:09 AM",Maximum Speed Limits - Freeways,Not Applicable,Not Applicable,1,Traffic Citation
40.0619153,-78.517987,"Thursday, November 27, 2025 7:19 PM",Maximum Speed Limits - Freeways,Not Applicable,Not Applicable,1,Traffic Citation
40.0624428,-76.755557,"Tuesday, September 16, 2025 5:13 AM",Maximum Speed Limits - Freeways,Not Applicable,Not Applicable,1,Traffic Citation
40.0626481,-76.755624,"Tuesday, September 16, 2025 6:01 AM",Maximum Speed Limits - Freeways,Not Applicable,Not Applicable,1,Traffic Citation
40.0628424,-78.517934,"Saturday, September 20, 2025 8:38 AM",Maximum Speed Limits - Freeways,Not Applicable,Not Applicable,2,Traffic Citation
40.062875,-76.755698,"Monday, September 1, 2025 10:33 AM",Maximum Speed Limits - Freeways,Not Applicable,Not Applicable,1,Traffic Citation
40.062939,-78.51793,"Saturday, October 4, 2025 8:00 PM",Maximum Speed Limits - Freeways,Not Applicable,Not Applicable,1,Traffic Citation
40.0630603,-78.517925,"Saturday, September 20, 2025 9:01 AM",Maximum Speed Limits - Freeways,Not Applicable,Not Applicable,1,Traffic Citation
40.0634711,-77.476662,"Friday, May 29, 2026 12:23 PM",Maximum Speed Limits - Freeways,Not Applicable,Not Applicable,1,Traffic Citation
40.0641703,-76.75612,"Friday, July 25, 2025 8:41 PM",Maximum Speed Limits - Freeways,Not Applicable,Not Applicable,1,Traffic Citation
40.064701,-76.756407,"Monday, June 15, 2026 12:43 PM",Maximum Speed Limits - Freeways,Not Applicable,Not Applicable,1,Traffic Citation
40.0647946,-77.474272,"Monday, October 27, 2025 5:52 AM",Maximum Speed Limits - Freeways,Not Applicable,Not Applicable,2,Traffic Citation
40.0651383,-78.517832,"Sunday, September 28, 2025 9:53 PM",Maximum Speed Limits - Freeways,Not Applicable,Not Applicable,1,Traffic Citation
40.0654241,-76.756644,"Friday, December 26, 2025 8:04 AM",Maximum Speed Limits - Freeways,Not Applicable,Not Applicable,2,Traffic Citation
40.0659452,-76.756699,"Tuesday, July 29, 2025 4:54 PM",Maximum Speed Limits - Freeways,Not Applicable,Not Applicable,1,Traffic Citation
40.0660316,-76.756727,"Tuesday, August 12, 2025 11:24 AM",Maximum Speed Limits - Freeways,Not Applicable,Not Applicable,1,Traffic Citation
40.0661916,-76.756894,"Monday, May 4, 2026 3:13 PM",Maximum Speed Limits - Freeways,Not Applicable,Not Applicable,1,Traffic Citation
40.066346,-78.517822,"Wednesday, February 25, 2026 4:17 PM",Maximum Speed Limits - Freeways,Not Applicable,Not Applicable,1,Traffic Citation
40.066497,-78.517835,"Monday, September 1, 2025 8:19 AM",Maximum Speed Limits - Freeways,Not Applicable,Not Applicable,1,Traffic Citation
40.0666035,-79.149316,"Monday, July 14, 2025 12:03 PM",Maximum Speed Limits - Freeways,Not Applicable,Not Applicable,2,Traffic Citation
40.0666951,-78.517853,"Friday, May 22, 2026 8:10 AM",Maximum Speed Limits - Freeways,Not Applicable,Not Applicable,1,Traffic Citation
40.0669423,-79.150755,"Friday, March 20, 2026 12:00 PM",Maximum Speed Limits - Freeways,Not Applicable,Not Applicable,2,Traffic Citation
40.0671724,-77.469258,"Wednesday, November 26, 2025 8:35 PM",Maximum Speed Limits - Freeways,Not Applicable,Not Applicable,1,Traffic Citation
40.0671831,-79.056492,"Sunday, December 28, 2025 6:27 PM",Maximum Speed Limits - Freeways,Not Applicable,Not Applicable,2,Traffic Citation
40.0672479,-77.469099,"Sunday, June 28, 2026 4:19 PM",Maximum Speed Limits - Freeways,Not Applicable,Not Applicable,1,Traffic Citation
40.0672713,-77.46905,"Sunday, February 22, 2026 9:36 AM",Maximum Speed Limits - Freeways,Not Applicable,Not Applicable,1,Traffic Citation
40.0673868,-79.056792,"Saturday, December 27, 2025 4:05 PM",Maximum Speed Limits - Freeways,Not Applicable,Not Applicable,1,Traffic Citation
40.0673976,-79.056785,"Sunday, December 28, 2025 7:04 PM",Maximum Speed Limits - Freeways,Not Applicable,Not Applicable,1,Traffic Citation
40.0679714,-79.056414,"Sunday, December 28, 2025 4:42 PM",Maximum Speed Limits - Freeways,Not Applicable,Not Applicable,1,Traffic Citation
40.0680943,-79.056335,"Sunday, December 28, 2025 5:00 PM",Maximum Speed Limits - Freeways,Not Applicable,Not Applicable,1,Traffic Citation
40.0681755,-76.757416,"Tuesday, July 29, 2025 5:35 PM",Maximum Speed Limits - Freeways,Not Applicable,Not Applicable,1,Traffic Citation
40.0682976,-79.056205,"Saturday, December 27, 2025 4:47 PM",Maximum Speed Limits - Freeways,Not Applicable,Not Applicable,1,Traffic Citation
40.0683907,-76.757606,"Monday, November 24, 2025 1:37 PM",Maximum Speed Limits - Freeways,Not Applicable,Not Applicable,1,Traffic Citation
40.0689443,-79.055785,"Saturday, December 27, 2025 4:29 PM",Maximum Speed Limits - Freeways,Not Applicable,Not Applicable,1,Traffic Citation
40.0693709,-79.906869,"Friday, August 29, 2025 9:38 PM",Maximum Speed Limits - Freeways,Not Applicable,Not Applicable,1,Traffic Citation
40.0705277,-76.758199,"Friday, August 29, 2025 1:12 PM",Maximum Speed Limits - Freeways,Not Applicable,Not Applicable,1,Traffic Citation
40.0706439,-79.054669,"Sunday, December 28, 2025 5:51 PM",Maximum Speed Limits - Freeways,Not Applicable,Not Applicable,1,Traffic Citation
40.0708206,-76.758309,"Saturday, June 6, 2026 11:43 PM",Maximum Speed Limits - Freeways,Not Applicable,Not Applicable,1,Traffic Citation
40.0711325,-79.054357,"Sunday, December 28, 2025 5:26 PM",Maximum Speed Limits - Freeways,Not Applicable,Not Applicable,1,Traffic Citation
40.0712319,-79.908131,"Thursday, June 25, 2026 3:18 AM",Maximum Speed Limits - Freeways,Not Applicable,Not Applicable,1,Traffic Citation
40.0712926,-79.159155,"Sunday, August 24, 2025 7:37 PM",Maximum Speed Limits - Freeways,Not Applicable,Not Applicable,1,Traffic Citation
40.0713209,-77.460508,"Wednesday, December 24, 2025 8:37 PM",Maximum Speed Limits - Freeways,Not Applicable,Not Applicable,1,Traffic Citation
40.0716312,-79.159465,"Monday, September 15, 2025 2:11 PM",Maximum Speed Limits - Freeways,Not Applicable,Not Applicable,1,Traffic Citation
40.0721461,-77.458773,"Tuesday, June 2, 2026 5:26 PM",Maximum Speed Limits - Freeways,Not Applicable,Not Applicable,1,Traffic Citation
40.0722327,-76.759109,"Saturday, June 20, 2026 10:33 PM",Maximum Speed Limits - Freeways,Not Applicable,Not Applicable,1,Traffic Citation
40.0725935,-79.909013,"Saturday, April 11, 2026 5:24 PM",Maximum Speed Limits - Freeways,Not Applicable,Not Applicable,1,Traffic Citation
40.0733674,-76.75966,"Sunday, June 21, 2026 10:32 PM",Maximum Speed Limits - Freeways,Not Applicable,Not Applicable,1,Traffic Citation
40.0733927,-77.456151,"Monday, February 23, 2026 2:14 PM",Maximum Speed Limits - Freeways,Not Applicable,Not Applicable,1,Traffic Citation
40.0737129,-77.454904,"Saturday, September 13, 2025 11:06 PM",Maximum Speed Limits - Freeways,Not Applicable,Not Applicable,1,Traffic Citation
40.0737582,-76.759899,"Wednesday, January 21, 2026 4:34 PM",Maximum Speed Limits - Freeways,Not Applicable,Not Applicable,1,Traffic Citation
40.0738165,-80.190199,"Saturday, April 4, 2026 1:36 PM",Maximum Speed Limits - Freeways,Not Applicable,Not Applicable,1,Traffic Citation
40.0739444,-75.524618,"Friday, July 18, 2025 8:12 AM",Maximum Speed Limits - Freeways,Not Applicable,Not Applicable,1,Traffic Citation
40.0745259,-76.760508,"Friday, May 15, 2026 11:30 PM",Maximum Speed Limits - Freeways,Not Applicable,Not Applicable,1,Traffic Citation
40.0745806,-76.760542,"Friday, January 2, 2026 2:50 PM",Maximum Speed Limits - Freeways,Not Applicable,Not Applicable,1,Traffic Citation
40.075435,-79.16439,"Wednesday, October 8, 2025 9:32 AM",Maximum Speed Limits - Freeways,Not Applicable,Not Applicable,1,Traffic Citation
40.0754567,-76.761083,"Friday, August 29, 2025 9:29 PM",Maximum Speed Limits - Freeways,Not Applicable,Not Applicable,1,Traffic Citation
40.0759761,-76.761407,"Saturday, May 16, 2026 12:36 AM",Maximum Speed Limits - Freeways,Not Applicable,Not Applicable,1,Traffic Citation
40.0760232,-79.910731,"Tuesday, April 21, 2026 10:39 AM",Maximum Speed Limits - Freeways,Not Applicable,Not Applicable,1,Traffic Citation
40.0761104,-75.4929,"Thursday, April 23, 2026 8:18 PM",Maximum Speed Limits - Freeways,Not Applicable,Not Applicable,1,Traffic Citation
40.0761403,-76.761508,"Tuesday, February 10, 2026 2:05 PM",Maximum Speed Limits - Freeways,Not Applicable,Not Applicable,1,Traffic Citation
40.0761622,-79.166851,"Friday, November 21, 2025 7:51 AM",Maximum Speed Limits - Freeways,Not Applicable,Not Applicable,3,Traffic Citation
40.0762264,-76.761428,"Monday, February 9, 2026 1:52 AM",Maximum Speed Limits - Freeways,Not Applicable,Not Applicable,1,Traffic Citation
40.0762574,-79.170181,"Friday, July 4, 2025 3:53 PM",Maximum Speed Limits - Freeways,Not Applicable,Not Applicable,1,Traffic Citation
40.0762966,-76.761604,"Tuesday, February 10, 2026 1:04 PM",Maximum Speed Limits - Freeways,Not Applicable,Not Applicable,1,Traffic Citation
40.0763008,-76.337362,"Tuesday, March 24, 2026 9:45 AM",Maximum Speed Limits - Freeways,Not Applicable,Not Applicable,1,Traffic Citation
40.0763315,-76.761493,"Tuesday, February 10, 2026 1:37 PM",Maximum Speed Limits - Freeways,Not Applicable,Not Applicable,1,Traffic Citation
40.076339,-79.17424,"Monday, February 9, 2026 4:35 PM",Maximum Speed Limits - Freeways,Not Applicable,Not Applicable,2,Traffic Citation
40.0764549,-77.449681,"Saturday, November 22, 2025 5:32 AM",Maximum Speed Limits - Freeways,Not Applicable,Not Applicable,2,Traffic Citation
40.0765414,-76.761755,"Sunday, May 31, 2026 12:59 AM",Maximum Speed Limits - Freeways,Not Applicable,Not Applicable,1,Traffic Citation
40.0768521,-79.179788,"Thursday, June 18, 2026 1:16 PM",Maximum Speed Limits - Freeways,Not Applicable,Not Applicable,1,Traffic Citation
40.0773833,-76.762282,"Thursday, April 23, 2026 9:02 PM",Maximum Speed Limits - Freeways,Not Applicable,Not Applicable,1,Traffic Citation
40.0774709,-76.762196,"Friday, September 19, 2025 8:11 AM",Maximum Speed Limits - Freeways,Not Applicable,Not Applicable,1,Traffic Citation
40.0776177,-76.762429,"Wednesday, October 8, 2025 1:02 PM",Maximum Speed Limits - Freeways,Not Applicable,Not Applicable,1,Traffic Citation
40.0776778,-80.191605,"Monday, June 15, 2026 9:22 AM",Maximum Speed Limits - Freeways,Not Applicable,Not Applicable,1,Traffic Citation
40.0777388,-76.762359,"Thursday, November 13, 2025 9:04 AM",Maximum Speed Limits - Freeways,Not Applicable,Not Applicable,1,Traffic Citation
40.0781639,-76.762833,"Thursday, July 24, 2025 6:53 AM",Maximum Speed Limits - Freeways,Not Applicable,Not Applicable,1,Traffic Citation
40.0782095,-76.762649,"Thursday, July 24, 2025 6:31 AM",Maximum Speed Limits - Freeways,Not Applicable,Not Applicable,2,Traffic Citation
40.0782107,-76.762649,"Friday, July 4, 2025 4:28 PM",Maximum Speed Limits - Freeways,Not Applicable,Not Applicable,1,Traffic Citation
40.0783656,-76.762878,"Tuesday, March 24, 2026 1:18 PM",Maximum Speed Limits - Freeways,Not Applicable,Not Applicable,1,Traffic Citation
40.0783945,-76.762762,"Tuesday, November 18, 2025 1:16 PM",Maximum Speed Limits - Freeways,Not Applicable,Not Applicable,1,Traffic Citation
40.0784043,-76.762768,"Friday, July 4, 2025 6:55 PM",Maximum Speed Limits - Freeways,Not Applicable,Not Applicable,1,Traffic Citation
40.0784153,-76.762775,"Friday, July 25, 2025 7:46 PM",Maximum Speed Limits - Freeways,Not Applicable,Not Applicable,1,Traffic Citation
40.0785105,-76.762833,"Saturday, August 30, 2025 2:23 PM",Maximum Speed Limits - Freeways,Not Applicable,Not Applicable,1,Traffic Citation
40.078513,-76.762835,"Monday, September 1, 2025 11:09 AM",Maximum Speed Limits - Freeways,Not Applicable,Not Applicable,1,Traffic Citation
40.0785764,-78.526697,"Saturday, April 4, 2026 8:52 AM",Maximum Speed Limits - Freeways,Not Applicable,Not Applicable,1,Traffic Citation
40.0786769,-76.763072,"Friday, August 15, 2025 6:54 PM",Maximum Speed Limits - Freeways,Not Applicable,Not Applicable,1,Traffic Citation
40.0787136,-77.444373,"Tuesday, August 12, 2025 12:53 AM",Maximum Speed Limits - Freeways,Not Applicable,Not Applicable,1,Traffic Citation
40.0787761,-77.444195,"Tuesday, August 12, 2025 1:20 AM",Maximum Speed Limits - Freeways,Not Applicable,Not Applicable,1,Traffic Citation
40.078793,-76.763006,"Friday, April 3, 2026 11:50 AM",Maximum Speed Limits - Freeways,Not Applicable,Not Applicable,1,Traffic Citation
40.0788033,-76.763012,"Thursday, January 22, 2026 8:43 PM",Maximum Speed Limits - Freeways,Not Applicable,Not Applicable,1,Traffic Citation
40.0789402,-77.443729,"Saturday, September 13, 2025 9:51 PM",Maximum Speed Limits - Freeways,Not Applicable,Not Applicable,1,Traffic Citation
40.0790442,-76.7633,"Thursday, July 3, 2025 12:32 PM",Maximum Speed Limits - Freeways,Not Applicable,Not Applicable,1,Traffic Citation
40.0794339,-79.047538,"Monday, April 20, 2026 8:28 PM",Maximum Speed Limits - Freeways,Not Applicable,Not Applicable,2,Traffic Citation
40.0797468,-76.763736,"Monday, August 4, 2025 8:34 PM",Maximum Speed Limits - Freeways,Not Applicable,Not Applicable,1,Traffic Citation
40.0797675,-77.440551,"Sunday, November 2, 2025 1:56 AM",Maximum Speed Limits - Freeways,Not Applicable,Not Applicable,1,Traffic Citation
40.0799973,-79.18573,"Saturday, June 20, 2026 12:24 PM",Maximum Speed Limits - Freeways,Not Applicable,Not Applicable,1,Traffic Citation
40.0801579,-80.192701,"Tuesday, March 24, 2026 4:07 PM",Maximum Speed Limits - Freeways,Not Applicable,Not Applicable,1,Traffic Citation
40.0802831,-78.527772,"Tuesday, May 19, 2026 10:58 AM",Maximum Speed Limits - Freeways,Not Applicable,Not Applicable,1,Traffic Citation
40.0805326,-79.906181,"Monday, March 9, 2026 6:26 PM",Maximum Speed Limits - Freeways,Not Applicable,Not Applicable,1,Traffic Citation
40.0808076,-76.764017,"Wednesday, December 24, 2025 6:23 PM",Maximum Speed Limits - Freeways,Not Applicable,Not Applicable,1,Traffic Citation
40.0810222,-80.19242,"Thursday, February 26, 2026 11:14 AM",Maximum Speed Limits - Freeways,Not Applicable,Not Applicable,1,Traffic Citation
40.0810473,-76.764412,"Tuesday, November 25, 2025 8:47 AM",Maximum Speed Limits - Freeways,Not Applicable,Not Applicable,2,Traffic Citation
40.0811813,-79.187299,"Monday, June 15, 2026 12:51 PM",Maximum Speed Limits - Freeways,Not Applicable,Not Applicable,1,Traffic Citation
40.0814486,-76.35285,"Sunday, December 28, 2025 12:29 PM",Maximum Speed Limits - Freeways,Not Applicable,Not Applicable,1,Traffic Citation
40.0814998,-77.435394,"Saturday, March 14, 2026 6:13 PM",Maximum Speed Limits - Freeways,Not Applicable,Not Applicable,1,Traffic Citation
40.0815396,-76.764718,"Thursday, July 3, 2025 11:36 AM",Maximum Speed Limits - Freeways,Not Applicable,Not Applicable,1,Traffic Citation
40.0818685,-77.43504,"Monday, October 20, 2025 2:39 PM",Maximum Speed Limits - Freeways,Not Applicable,Not Applicable,1,Traffic Citation
40.0820285,-79.905162,"Sunday, September 28, 2025 12:36 PM",Maximum Speed Limits - Freeways,Not Applicable,Not Applicable,1,Traffic Citation
40.082438,-76.765287,"Saturday, June 6, 2026 12:58 AM",Maximum Speed Limits - Freeways,Not Applicable,Not Applicable,1,Traffic Citation
40.0829528,-77.431036,"Saturday, May 30, 2026 3:23 PM",Maximum Speed Limits - Freeways,Not Applicable,Not Applicable,1,Traffic Citation
40.0829531,-77.431036,"Saturday, July 5, 2025 3:42 PM",Maximum Speed Limits - Freeways,Not Applicable,Not Applicable,1,Traffic Citation
40.0829776,-77.430962,"Thursday, July 3, 2025 11:43 PM",Maximum Speed Limits - Freeways,Not Applicable,Not Applicable,1,Traffic Citation
40.0829822,-77.430948,"Friday, September 19, 2025 10:23 PM",Maximum Speed Limits - Freeways,Not Applicable,Not Applicable,1,Traffic Citation
40.0829892,-77.430927,"Friday, July 4, 2025 12:12 AM",Maximum Speed Limits - Freeways,Not Applicable,Not Applicable,1,Traffic Citation
40.0830031,-76.765631,"Sunday, May 31, 2026 12:30 AM",Maximum Speed Limits - Freeways,Not Applicable,Not Applicable,1,Traffic Citation
40.083032,-77.430672,"Wednesday, December 31, 2025 5:14 PM",Maximum Speed Limits - Freeways,Not Applicable,Not Applicable,1,Traffic Citation
40.0830356,-77.430677,"Tuesday, May 12, 2026 11:26 PM",Maximum Speed Limits - Freeways,Not Applicable,Not Applicable,1,Traffic Citation
40.0830433,-77.430686,"Saturday, September 27, 2025 9:00 PM",Maximum Speed Limits - Freeways,Not Applicable,Not Applicable,1,Traffic Citation
40.0830445,-78.528866,"Tuesday, April 21, 2026 11:51 AM",Maximum Speed Limits - Freeways,Not Applicable,Not Applicable,1,Traffic Citation
40.0830496,-77.430745,"Monday, March 23, 2026 6:23 PM",Maximum Speed Limits - Freeways,Not Applicable,Not Applicable,1,Traffic Citation
40.0830904,-77.430624,"Saturday, August 30, 2025 4:35 PM",Maximum Speed Limits - Freeways,Not Applicable,Not Applicable,1,Traffic Citation
40.0830905,-76.765684,"Thursday, July 3, 2025 11:37 PM",Maximum Speed Limits - Freeways,Not Applicable,Not Applicable,1,Traffic Citation
40.0830948,-77.430611,"Monday, March 23, 2026 6:55 PM",Maximum Speed Limits - Freeways,Not Applicable,Not Applicable,2,Traffic Citation
40.0831146,-77.430552,"Monday, July 21, 2025 5:17 PM",Maximum Speed Limits - Freeways,Not Applicable,Not Applicable,1,Traffic Citation
40.0831148,-77.430769,"Wednesday, November 26, 2025 11:22 AM",Maximum Speed Limits - Freeways,Not Applicable,Not Applicable,1,Traffic Citation
40.0831148,-77.430551,"Saturday, July 5, 2025 4:12 PM",Maximum Speed Limits - Freeways,Not Applicable,Not Applicable,1,Traffic Citation
40.0831269,-77.430515,"Monday, July 21, 2025 3:47 PM",Maximum Speed Limits - Freeways,Not Applicable,Not Applicable,1,Traffic Citation
40.0831277,-77.430513,"Wednesday, July 23, 2025 7:44 AM",Maximum Speed Limits - Freeways,Not Applicable,Not Applicable,1,Traffic Citation
40.0831331,-77.430497,"Saturday, August 30, 2025 7:28 PM",Maximum Speed Limits - Freeways,Not Applicable,Not Applicable,1,Traffic Citation
40.0831407,-77.430474,"Friday, August 8, 2025 6:32 AM",Maximum Speed Limits - Freeways,Not Applicable,Not Applicable,1,Traffic Citation
40.0831418,-77.430471,"Saturday, July 5, 2025 1:09 AM",Maximum Speed Limits - Freeways,Not Applicable,Not Applicable,1,Traffic Citation
40.0831449,-77.430462,"Sunday, August 31, 2025 7:05 PM",Maximum Speed Limits - Freeways,Not Applicable,Not Applicable,1,Traffic Citation
40.0831493,-77.430449,"Saturday, August 30, 2025 8:09 PM",Maximum Speed Limits - Freeways,Not Applicable,Not Applicable,1,Traffic Citation
40.0831663,-77.430398,"Saturday, July 5, 2025 3:11 PM",Maximum Speed Limits - Freeways,Not Applicable,Not Applicable,1,Traffic Citation
40.0831771,-77.430366,"Wednesday, July 23, 2025 6:27 AM",Maximum Speed Limits - Freeways,Not Applicable,Not Applicable,1,Traffic Citation
40.0831977,-77.430305,"Friday, March 13, 2026 6:10 PM",Maximum Speed Limits - Freeways,Not Applicable,Not Applicable,1,Traffic Citation
40.0832046,-77.430284,"Tuesday, July 22, 2025 6:41 AM",Maximum Speed Limits - Freeways,Not Applicable,Not Applicable,1,Traffic Citation
40.0832055,-77.430282,"Friday, July 4, 2025 11:32 PM",Maximum Speed Limits - Freeways,Not Applicable,Not Applicable,2,Traffic Citation
40.0832093,-77.430271,"Wednesday, December 31, 2025 12:50 PM",Maximum Speed Limits - Freeways,Not Applicable,Not Applicable,1,Traffic Citation
40.0832155,-77.430252,"Wednesday, November 26, 2025 8:22 AM",Maximum Speed Limits - Freeways,Not Applicable,Not Applicable,1,Traffic Citation
40.0832313,-77.430205,"Wednesday, November 26, 2025 9:49 AM",Maximum Speed Limits - Freeways,Not Applicable,Not Applicable,1,Traffic Citation
40.0832396,-77.430181,"Sunday, March 15, 2026 11:38 PM",Maximum Speed Limits - Freeways,Not Applicable,Not Applicable,1,Traffic Citation
40.0832423,-77.430172,"Friday, March 13, 2026 7:57 PM",Maximum Speed Limits - Freeways,Not Applicable,Not Applicable,1,Traffic Citation
40.0832424,-77.430172,"Saturday, March 14, 2026 7:32 PM",Maximum Speed Limits - Freeways,Not Applicable,Not Applicable,1,Traffic Citation
40.0832436,-77.430169,"Friday, March 13, 2026 8:52 PM",Maximum Speed Limits - Freeways,Not Applicable,Not Applicable,1,Traffic Citation
40.0832446,-77.430166,"Friday, March 13, 2026 8:30 PM",Maximum Speed Limits - Freeways,Not Applicable,Not Applicable,2,Traffic Citation
40.0832563,-77.430131,"Wednesday, November 26, 2025 7:30 AM",Maximum Speed Limits - Freeways,Not Applicable,Not Applicable,1,Traffic Citation
40.0832566,-77.43013,"Saturday, August 30, 2025 3:51 PM",Maximum Speed Limits - Freeways,Not Applicable,Not Applicable,1,Traffic Citation
40.0832595,-77.430122,"Tuesday, July 22, 2025 6:24 AM",Maximum Speed Limits - Freeways,Not Applicable,Not Applicable,1,Traffic Citation
40.083266,-77.430102,"Friday, May 29, 2026 8:18 PM",Maximum Speed Limits - Freeways,Not Applicable,Not Applicable,1,Traffic Citation
40.0832712,-77.430087,"Sunday, August 31, 2025 4:00 PM",Maximum Speed Limits - Freeways,Not Applicable,Not Applicable,1,Traffic Citation
40.0832734,-77.43008,"Tuesday, July 22, 2025 7:38 AM",Maximum Speed Limits - Freeways,Not Applicable,Not Applicable,1,Traffic Citation
40.0833102,-77.429971,"Friday, May 29, 2026 8:01 PM",Maximum Speed Limits - Freeways,Not Applicable,Not Applicable,1,Traffic Citation
40.0833153,-77.429956,"Wednesday, November 26, 2025 7:51 AM",Maximum Speed Limits - Freeways,Not Applicable,Not Applicable,1,Traffic Citation
40.0833209,-77.429939,"Saturday, March 14, 2026 6:32 PM",Maximum Speed Limits - Freeways,Not Applicable,Not Applicable,2,Traffic Citation
40.0833265,-77.429922,"Friday, May 29, 2026 8:40 PM",Maximum Speed Limits - Freeways,Not Applicable,Not Applicable,1,Traffic Citation
40.08334,-77.429882,"Wednesday, November 26, 2025 8:42 AM",Maximum Speed Limits - Freeways,Not Applicable,Not Applicable,1,Traffic Citation
40.0833518,-77.429847,"Tuesday, March 17, 2026 4:56 PM",Maximum Speed Limits - Freeways,Not Applicable,Not Applicable,2,Traffic Citation
40.0833547,-77.429839,"Wednesday, November 26, 2025 7:19 AM",Maximum Speed Limits - Freeways,Not Applicable,Not Applicable,1,Traffic Citation
40.083367,-77.429802,"Wednesday, November 26, 2025 9:30 AM",Maximum Speed Limits - Freeways,Not Applicable,Not Applicable,1,Traffic Citation
40.0833684,-77.429798,"Saturday, March 14, 2026 7:14 PM",Maximum Speed Limits - Freeways,Not Applicable,Not Applicable,1,Traffic Citation
40.0833708,-77.429791,"Wednesday, December 31, 2025 1:09 PM",Maximum Speed Limits - Freeways,Not Applicable,Not Applicable,1,Traffic Citation
40.0833918,-77.429729,"Wednesday, November 26, 2025 6:59 AM",Maximum Speed Limits - Freeways,Not Applicable,Not Applicable,3,Traffic Citation
40.0833978,-77.429711,"Wednesday, November 26, 2025 10:10 AM",Maximum Speed Limits - Freeways,Not Applicable,Not Applicable,1,Traffic Citation
40.083407,-77.429683,"Friday, November 28, 2025 8:44 PM",Maximum Speed Limits - Freeways,Not Applicable,Not Applicable,2,Traffic Citation
40.083436,-77.429597,"Monday, September 1, 2025 8:17 PM",Maximum Speed Limits - Freeways,Not Applicable,Not Applicable,1,Traffic Citation
40.0834376,-77.429592,"Saturday, July 5, 2025 8:47 PM",Maximum Speed Limits - Freeways,Not Applicable,Not Applicable,1,Traffic Citation
40.0834522,-77.429549,"Friday, November 28, 2025 7:16 PM",Maximum Speed Limits - Freeways,Not Applicable,Not Applicable,1,Traffic Citation
40.083454,-76.765903,"Saturday, May 30, 2026 11:22 PM",Maximum Speed Limits - Freeways,Not Applicable,Not Applicable,1,Traffic Citation
40.083505,-77.429392,"Monday, September 1, 2025 7:42 PM",Maximum Speed Limits - Freeways,Not Applicable,Not Applicable,1,Traffic Citation
40.0835421,-77.429282,"Monday, September 1, 2025 6:00 PM",Maximum Speed Limits - Freeways,Not Applicable,Not Applicable,2,Traffic Citation
40.0835692,-79.906872,"Sunday, November 30, 2025 4:30 PM",Maximum Speed Limits - Freeways,Not Applicable,Not Applicable,1,Traffic Citation
40.0836095,-77.429082,"Friday, November 28, 2025 9:14 PM",Maximum Speed Limits - Freeways,Not Applicable,Not Applicable,1,Traffic Citation
40.0836715,-77.428898,"Tuesday, June 9, 2026 2:17 PM",Maximum Speed Limits - Freeways,Not Applicable,Not Applicable,1,Traffic Citation
40.0836984,-76.766053,"Friday, August 22, 2025 9:58 AM",Maximum Speed Limits - Freeways,Not Applicable,Not Applicable,1,Traffic Citation
40.0837751,-77.42859,"Friday, November 28, 2025 8:02 PM",Maximum Speed Limits - Freeways,Not Applicable,Not Applicable,1,Traffic Citation
40.0840392,-77.428566,"Tuesday, June 9, 2026 11:44 PM",Maximum Speed Limits - Freeways,Not Applicable,Not Applicable,2,Traffic Citation
40.0842838,-76.766324,"Tuesday, September 30, 2025 10:52 PM",Maximum Speed Limits - Freeways,Not Applicable,Not Applicable,1,Traffic Citation
40.0847571,-76.271556,"Monday, August 25, 2025 9:47 PM",Maximum Speed Limits - Freeways,Not Applicable,Not Applicable,2,Traffic Citation
40.0850412,-76.766844,"Friday, June 5, 2026 10:12 PM",Maximum Speed Limits - Freeways,Not Applicable,Not Applicable,1,Traffic Citation
40.0851786,-76.766955,"Wednesday, October 1, 2025 3:20 AM",Maximum Speed Limits - Freeways,Not Applicable,Not Applicable,2,Traffic Citation
40.0853311,-76.767058,"Saturday, May 30, 2026 12:42 AM",Maximum Speed Limits - Freeways,Not Applicable,Not Applicable,1,Traffic Citation
40.0853434,-76.767066,"Saturday, May 30, 2026 10:00 PM",Maximum Speed Limits - Freeways,Not Applicable,Not Applicable,1,Traffic Citation
40.0854379,-77.423652,"Saturday, March 14, 2026 5:35 PM",Maximum Speed Limits - Freeways,Not Applicable,Not Applicable,2,Traffic Citation
40.0854945,-79.196796,"Thursday, December 18, 2025 4:51 PM",Maximum Speed Limits - Freeways,Not Applicable,Not Applicable,2,Traffic Citation
40.0855308,-77.423376,"Friday, January 16, 2026 10:02 PM",Maximum Speed Limits - Freeways,Not Applicable,Not Applicable,1,Traffic Citation
40.0857613,-78.528966,"Sunday, August 31, 2025 12:41 PM",Maximum Speed Limits - Freeways,Not Applicable,Not Applicable,1,Traffic Citation
40.08589,-77.42231,"Sunday, March 15, 2026 11:24 PM",Maximum Speed Limits - Freeways,Not Applicable,Not Applicable,1,Traffic Citation
40.0859749,-80.192792,"Monday, June 15, 2026 1:50 PM",Maximum Speed Limits - Freeways,Not Applicable,Not Applicable,1,Traffic Citation
40.0860143,-79.904372,"Monday, May 25, 2026 9:03 AM",Maximum Speed Limits - Freeways,Not Applicable,Not Applicable,1,Traffic Citation
40.0861598,-77.422254,"Wednesday, December 3, 2025 7:42 PM",Maximum Speed Limits - Freeways,Not Applicable,Not Applicable,1,Traffic Citation
40.0863491,-79.197844,"Monday, April 20, 2026 10:26 AM",Maximum Speed Limits - Freeways,Not Applicable,Not Applicable,1,Traffic Citation
40.0866695,-76.37611,"Tuesday, May 19, 2026 10:08 PM",Maximum Speed Limits - Freeways,Not Applicable,Not Applicable,1,Traffic Citation
40.0867096,-80.192845,"Friday, January 16, 2026 10:29 AM",Maximum Speed Limits - Freeways,Not Applicable,Not Applicable,1,Traffic Citation
40.0869954,-79.198671,"Monday, April 20, 2026 9:50 AM",Maximum Speed Limits - Freeways,Not Applicable,Not Applicable,1,Traffic Citation
40.0870197,-78.529471,"Saturday, April 4, 2026 10:30 AM",Maximum Speed Limits - Freeways,Not Applicable,Not Applicable,1,Traffic Citation
40.0871393,-76.768332,"Friday, May 29, 2026 9:51 PM",Maximum Speed Limits - Freeways,Not Applicable,Not Applicable,1,Traffic Citation
40.08729,-75.425918,"Friday, August 22, 2025 12:20 AM",Maximum Speed Limits - Freeways,Not Applicable,Not Applicable,1,Traffic Citation
40.0873151,-79.199326,"Friday, November 14, 2025 11:33 AM",Maximum Speed Limits - Freeways,Not Applicable,Not Applicable,1,Traffic Citation
40.0873434,-77.419215,"Thursday, October 2, 2025 8:36 AM",Maximum Speed Limits - Freeways,Not Applicable,Not Applicable,1,Traffic Citation
40.0873762,-76.377763,"Sunday, March 8, 2026 1:17 PM",Maximum Speed Limits - Freeways,Not Applicable,Not Applicable,1,Traffic Citation
40.0874174,-76.267296,"Tuesday, September 2, 2025 5:53 AM",Maximum Speed Limits - Freeways,Not Applicable,Not Applicable,1,Traffic Citation
40.0874526,-76.377428,"Wednesday, June 17, 2026 7:57 PM",Maximum Speed Limits - Freeways,Not Applicable,Not Applicable,2,Traffic Citation
40.087499,-79.199346,"Thursday, November 13, 2025 1:51 PM",Maximum Speed Limits - Freeways,Not Applicable,Not Applicable,1,Traffic Citation
40.0877415,-76.378268,"Tuesday, May 26, 2026 8:21 PM",Maximum Speed Limits - Freeways,Not Applicable,Not Applicable,1,Traffic Citation
40.0877439,-76.378273,"Wednesday, June 17, 2026 7:30 PM",Maximum Speed Limits - Freeways,Not Applicable,Not Applicable,1,Traffic Citation
40.0877606,-76.378094,"Sunday, December 28, 2025 2:01 PM",Maximum Speed Limits - Freeways,Not Applicable,Not Applicable,1,Traffic Citation
40.0877613,-76.378096,"Tuesday, May 26, 2026 7:51 PM",Maximum Speed Limits - Freeways,Not Applicable,Not Applicable,1,Traffic Citation
40.0878099,-79.19972,"Thursday, November 13, 2025 1:20 PM",Maximum Speed Limits - Freeways,Not Applicable,Not Applicable,1,Traffic Citation
40.0878133,-75.356314,"Wednesday, February 25, 2026 11:22 AM",Maximum Speed Limits - Freeways,Not Applicable,Not Applicable,3,Traffic Citation
40.0878766,-79.200092,"Tuesday, December 9, 2025 1:09 PM",Maximum Speed Limits - Freeways,Not Applicable,Not Applicable,1,Traffic Citation
40.0880243,-77.417152,"Friday, May 29, 2026 7:07 PM",Maximum Speed Limits - Freeways,Not Applicable,Not Applicable,1,Traffic Citation
40.0880275,-80.192951,"Friday, January 16, 2026 11:40 AM",Maximum Speed Limits - Freeways,Not Applicable,Not Applicable,1,Traffic Citation
40.0884558,-80.192984,"Saturday, November 29, 2025 4:05 PM",Maximum Speed Limits - Freeways,Not Applicable,Not Applicable,1,Traffic Citation
40.0885501,-80.192991,"Friday, January 16, 2026 10:42 AM",Maximum Speed Limits - Freeways,Not Applicable,Not Applicable,1,Traffic Citation
40.0887193,-80.193004,"Friday, January 16, 2026 11:05 AM",Maximum Speed Limits - Freeways,Not Applicable,Not Applicable,1,Traffic Citation
40.0888222,-76.769376,"Thursday, July 3, 2025 4:58 PM",Maximum Speed Limits - Freeways,Not Applicable,Not Applicable,1,Traffic Citation
40.0888232,-75.370265,"Thursday, May 28, 2026 7:05 PM",Maximum Speed Limits - Freeways,Not Applicable,Not Applicable,1,Traffic Citation
40.0888457,-75.370372,"Tuesday, March 24, 2026 1:26 PM",Maximum Speed Limits - Freeways,Not Applicable,Not Applicable,1,Traffic Citation
40.0889582,-80.193022,"Friday, January 16, 2026 9:09 AM",Maximum Speed Limits - Freeways,Not Applicable,Not Applicable,1,Traffic Citation
40.0889604,-79.201306,"Monday, June 15, 2026 1:15 PM",Maximum Speed Limits - Freeways,Not Applicable,Not Applicable,1,Traffic Citation
40.0890095,-78.529736,"Saturday, May 16, 2026 8:52 AM",Maximum Speed Limits - Freeways,Not Applicable,Not Applicable,1,Traffic Citation
40.0890444,-76.769514,"Sunday, July 6, 2025 12:59 PM",Maximum Speed Limits - Freeways,Not Applicable,Not Applicable,1,Traffic Citation
40.0892365,-78.529756,"Saturday, May 16, 2026 9:08 AM",Maximum Speed Limits - Freeways,Not Applicable,Not Applicable,1,Traffic Citation
40.0894767,-76.769646,"Tuesday, January 13, 2026 9:18 PM",Maximum Speed Limits - Freeways,Not Applicable,Not Applicable,1,Traffic Citation
40.0895053,-76.381824,"Friday, January 2, 2026 11:00 AM",Maximum Speed Limits - Freeways,Not Applicable,Not Applicable,3,Traffic Citation
40.0900682,-80.193087,"Friday, January 16, 2026 9:24 AM",Maximum Speed Limits - Freeways,Not Applicable,Not Applicable,1,Traffic Citation
40.0901338,-75.728725,"Saturday, November 29, 2025 10:47 AM",Maximum Speed Limits - Freeways,Not Applicable,Not Applicable,1,Traffic Citation
40.0901516,-76.770068,"Tuesday, September 30, 2025 9:35 PM",Maximum Speed Limits - Freeways,Not Applicable,Not Applicable,1,Traffic Citation
40.0904502,-75.378268,"Saturday, September 13, 2025 5:10 PM",Maximum Speed Limits - Freeways,Not Applicable,Not Applicable,3,Traffic Citation
40.0906932,-78.529804,"Tuesday, April 21, 2026 1:40 PM",Maximum Speed Limits - Freeways,Not Applicable,Not Applicable,1,Traffic Citation
40.0908403,-76.384662,"Thursday, May 21, 2026 11:18 PM",Maximum Speed Limits - Freeways,Not Applicable,Not Applicable,1,Traffic Citation
40.0908583,-76.384901,"Tuesday, May 19, 2026 8:25 PM",Maximum Speed Limits - Freeways,Not Applicable,Not Applicable,1,Traffic Citation
40.0908691,-77.41393,"Monday, May 11, 2026 11:50 PM",Maximum Speed Limits - Freeways,Not Applicable,Not Applicable,1,Traffic Citation
40.0909554,-79.202572,"Sunday, October 5, 2025 10:53 AM",Maximum Speed Limits - Freeways,Not Applicable,Not Applicable,1,Traffic Citation
40.0911892,-75.381881,"Monday, September 1, 2025 8:46 PM",Maximum Speed Limits - Freeways,Not Applicable,Not Applicable,2,Traffic Citation
40.0915221,-77.413128,"Saturday, September 13, 2025 10:51 PM",Maximum Speed Limits - Freeways,Not Applicable,Not Applicable,1,Traffic Citation
40.0916057,-75.730499,"Friday, March 13, 2026 8:20 PM",Maximum Speed Limits - Freeways,Not Applicable,Not Applicable,1,Traffic Citation
40.0916082,-75.38315,"Saturday, April 25, 2026 7:54 AM",Maximum Speed Limits - Freeways,Not Applicable,Not Applicable,1,Traffic Citation
40.0916362,-79.20279,"Monday, February 9, 2026 9:24 AM",Maximum Speed Limits - Freeways,Not Applicable,Not Applicable,2,Traffic Citation
40.0916435,-75.730362,"Thursday, November 6, 2025 9:39 PM",Maximum Speed Limits - Freeways,Not Applicable,Not Applicable,1,Traffic Citation
40.091743,-77.412862,"Saturday, October 18, 2025 9:44 AM",Maximum Speed Limits - Freeways,Not Applicable,Not Applicable,1,Traffic Citation
40.0919506,-77.41221,"Monday, March 30, 2026 11:35 PM",Maximum Speed Limits - Freeways,Not Applicable,Not Applicable,1,Traffic Citation
40.0922548,-77.41224,"Wednesday, December 24, 2025 8:32 AM",Maximum Speed Limits - Freeways,Not Applicable,Not Applicable,1,Traffic Citation
40.0927878,-75.389574,"Monday, October 20, 2025 9:18 PM",Maximum Speed Limits - Freeways,Not Applicable,Not Applicable,1,Traffic Citation
40.0928004,-75.389636,"Monday, October 20, 2025 6:13 PM",Maximum Speed Limits - Freeways,Not Applicable,Not Applicable,1,Traffic Citation
40.0928102,-76.388862,"Thursday, May 21, 2026 9:54 PM",Maximum Speed Limits - Freeways,Not Applicable,Not Applicable,1,Traffic Citation
40.0928903,-80.193038,"Saturday, November 29, 2025 3:39 PM",Maximum Speed Limits - Freeways,Not Applicable,Not Applicable,1,Traffic Citation
40.0939435,-75.345101,"Friday, November 28, 2025 2:23 PM",Maximum Speed Limits - Freeways,Not Applicable,Not Applicable,1,Traffic Citation
40.0943678,-75.344716,"Friday, May 29, 2026 6:24 PM",Maximum Speed Limits - Freeways,Not Applicable,Not Applicable,1,Traffic Citation
40.094379,-80.192942,"Sunday, November 30, 2025 10:22 AM",Maximum Speed Limits - Freeways,Not Applicable,Not Applicable,1,Traffic Citation
40.0944756,-77.408967,"Wednesday, December 31, 2025 8:32 PM",Maximum Speed Limits - Freeways,Not Applicable,Not Applicable,2,Traffic Citation
40.0944808,-77.409395,"Tuesday, April 14, 2026 7:51 PM",Maximum Speed Limits - Freeways,Not Applicable,Not Applicable,1,Traffic Citation
40.0945346,-77.408877,"Monday, July 21, 2025 4:54 PM",Maximum Speed Limits - Freeways,Not Applicable,Not Applicable,1,Traffic Citation
40.0945394,-77.408869,"Saturday, August 30, 2025 4:06 PM",Maximum Speed Limits - Freeways,Not Applicable,Not Applicable,1,Traffic Citation
40.0945395,-77.408869,"Friday, September 19, 2025 10:55 PM",Maximum Speed Limits - Freeways,Not Applicable,Not Applicable,1,Traffic Citation
40.0945553,-77.408844,"Saturday, August 30, 2025 7:41 PM",Maximum Speed Limits - Freeways,Not Applicable,Not Applicable,1,Traffic Citation
40.094588,-77.408793,"Wednesday, July 23, 2025 6:52 AM",Maximum Speed Limits - Freeways,Not Applicable,Not Applicable,1,Traffic Citation
40.0946252,-76.392953,"Thursday, May 21, 2026 9:17 PM",Maximum Speed Limits - Freeways,Not Applicable,Not Applicable,1,Traffic Citation
40.0947812,-75.344336,"Saturday, August 23, 2025 8:08 AM",Maximum Speed Limits - Freeways,Not Applicable,Not Applicable,2,Traffic Citation
40.0948557,-75.344267,"Wednesday, March 25, 2026 7:44 AM",Maximum Speed Limits - Freeways,Not Applicable,Not Applicable,1,Traffic Citation
40.0949256,-78.529448,"Thursday, July 3, 2025 4:28 PM",Maximum Speed Limits - Freeways,Not Applicable,Not Applicable,1,Traffic Citation
40.0949941,-75.344358,"Sunday, May 24, 2026 11:43 AM",Maximum Speed Limits - Freeways,Not Applicable,Not Applicable,1,Traffic Citation
40.0953817,-75.343765,"Saturday, April 4, 2026 8:23 AM",Maximum Speed Limits - Freeways,Not Applicable,Not Applicable,2,Traffic Citation
40.0954077,-75.343739,"Tuesday, September 30, 2025 6:13 PM",Maximum Speed Limits - Freeways,Not Applicable,Not Applicable,1,Traffic Citation
40.0954191,-75.343728,"Tuesday, April 28, 2026 7:18 PM",Maximum Speed Limits - Freeways,Not Applicable,Not Applicable,3,Traffic Citation
40.0954224,-75.343725,"Friday, October 24, 2025 7:36 AM",Maximum Speed Limits - Freeways,Not Applicable,Not Applicable,1,Traffic Citation
40.0954284,-77.407413,"Tuesday, December 30, 2025 5:26 PM",Maximum Speed Limits - Freeways,Not Applicable,Not Applicable,1,Traffic Citation
40.0954441,-75.343703,"Thursday, November 13, 2025 7:11 AM",Maximum Speed Limits - Freeways,Not Applicable,Not Applicable,2,Traffic Citation
40.0955029,-79.202692,"Friday, September 12, 2025 6:21 PM",Maximum Speed Limits - Freeways,Not Applicable,Not Applicable,1,Traffic Citation
40.0955331,-76.39483,"Wednesday, May 20, 2026 1:02 AM",Maximum Speed Limits - Freeways,Not Applicable,Not Applicable,1,Traffic Citation
40.0960039,-76.396186,"Tuesday, May 19, 2026 10:06 PM",Maximum Speed Limits - Freeways,Not Applicable,Not Applicable,1,Traffic Citation
40.0960276,-77.406328,"Friday, April 3, 2026 11:56 PM",Maximum Speed Limits - Freeways,Not Applicable,Not Applicable,1,Traffic Citation
40.0961222,-75.342951,"Sunday, July 6, 2025 8:30 AM",Maximum Speed Limits - Freeways,Not Applicable,Not Applicable,1,Traffic Citation
40.0962445,-76.396994,"Tuesday, May 19, 2026 10:25 PM",Maximum Speed Limits - Freeways,Not Applicable,Not Applicable,2,Traffic Citation
40.0962698,-77.405846,"Sunday, September 28, 2025 3:59 AM",Maximum Speed Limits - Freeways,Not Applicable,Not Applicable,1,Traffic Citation
40.096395,-75.342409,"Saturday, April 4, 2026 3:24 PM",Maximum Speed Limits - Freeways,Not Applicable,Not Applicable,1,Traffic Citation
40.0965493,-77.405839,"Tuesday, December 30, 2025 10:30 AM",Maximum Speed Limits - Freeways,Not Applicable,Not Applicable,1,Traffic Citation
40.0966454,-75.342099,"Monday, September 1, 2025 9:53 PM",Maximum Speed Limits - Freeways,Not Applicable,Not Applicable,2,Traffic Citation
40.0966501,-77.40563,"Sunday, May 31, 2026 10:23 AM",Maximum Speed Limits - Freeways,Not Applicable,Not Applicable,1,Traffic Citation
40.0970383,-76.401045,"Tuesday, May 19, 2026 9:02 PM",Maximum Speed Limits - Freeways,Not Applicable,Not Applicable,1,Traffic Citation
40.0970533,-79.032681,"Saturday, December 27, 2025 1:47 PM",Maximum Speed Limits - Freeways,Not Applicable,Not Applicable,1,Traffic Citation
40.0973424,-75.34102,"Tuesday, March 17, 2026 2:31 PM",Maximum Speed Limits - Freeways,Not Applicable,Not Applicable,1,Traffic Citation
40.0974225,-75.340842,"Friday, April 3, 2026 11:43 AM",Maximum Speed Limits - Freeways,Not Applicable,Not Applicable,2,Traffic Citation
40.0974241,-75.742072,"Thursday, November 6, 2025 9:56 PM",Maximum Speed Limits - Freeways,Not Applicable,Not Applicable,1,Traffic Citation
40.0974475,-75.340783,"Friday, August 29, 2025 2:48 PM",Maximum Speed Limits - Freeways,Not Applicable,Not Applicable,1,Traffic Citation
40.0974629,-75.341089,"Sunday, July 20, 2025 8:10 AM",Maximum Speed Limits - Freeways,Not Applicable,Not Applicable,2,Traffic Citation
40.0975659,-80.193336,"Friday, January 16, 2026 8:47 AM",Maximum Speed Limits - Freeways,Not Applicable,Not Applicable,1,Traffic Citation
40.0976948,-77.402908,"Tuesday, March 17, 2026 5:35 PM",Maximum Speed Limits - Freeways,Not Applicable,Not Applicable,1,Traffic Citation
40.0977136,-75.743919,"Tuesday, March 24, 2026 10:39 AM",Maximum Speed Limits - Freeways,Not Applicable,Not Applicable,1,Traffic Citation
40.097864,-76.406745,"Tuesday, May 19, 2026 8:42 PM",Maximum Speed Limits - Freeways,Not Applicable,Not Applicable,1,Traffic Citation
40.097953,-76.407363,"Wednesday, May 20, 2026 12:00 AM",Maximum Speed Limits - Freeways,Not Applicable,Not Applicable,1,Traffic Citation
40.0982764,-75.338653,"Thursday, July 3, 2025 4:14 PM",Maximum Speed Limits - Freeways,Not Applicable,Not Applicable,1,Traffic Citation
40.098307,-75.746684,"Monday, August 4, 2025 3:58 PM",Maximum Speed Limits - Freeways,Not Applicable,Not Applicable,1,Traffic Citation
40.0985397,-75.338259,"Wednesday, May 13, 2026 8:38 PM",Maximum Speed Limits - Freeways,Not Applicable,Not Applicable,3,Traffic Citation
40.098659,-78.529114,"Wednesday, September 3, 2025 9:25 AM",Maximum Speed Limits - Freeways,Not Applicable,Not Applicable,1,Traffic Citation
40.0987699,-75.337619,"Monday, March 9, 2026 6:31 PM",Maximum Speed Limits - Freeways,Not Applicable,Not Applicable,1,Traffic Citation
40.0990472,-76.412127,"Thursday, May 21, 2026 11:33 PM",Maximum Speed Limits - Freeways,Not Applicable,Not Applicable,1,Traffic Citation
40.0992883,-77.399494,"Tuesday, March 31, 2026 9:36 PM",Maximum Speed Limits - Freeways,Not Applicable,Not Applicable,1,Traffic Citation
40.0993697,-75.335944,"Monday, April 13, 2026 3:50 PM",Maximum Speed Limits - Freeways,Not Applicable,Not Applicable,2,Traffic Citation
40.0993743,-76.776378,"Wednesday, December 31, 2025 9:38 AM",Maximum Speed Limits - Freeways,Not Applicable,Not Applicable,1,Traffic Citation
40.0994841,-78.529053,"Monday, May 25, 2026 4:11 PM",Maximum Speed Limits - Freeways,Not Applicable,Not Applicable,1,Traffic Citation
40.0997771,-78.529147,"Wednesday, November 26, 2025 2:56 PM",Maximum Speed Limits - Freeways,Not Applicable,Not Applicable,1,Traffic Citation
40.100152,-77.398008,"Monday, January 26, 2026 11:31 AM",Maximum Speed Limits - Freeways,Not Applicable,Not Applicable,1,Traffic Citation
40.100282,-79.202507,"Wednesday, December 24, 2025 9:31 AM",Maximum Speed Limits - Freeways,Not Applicable,Not Applicable,2,Traffic Citation
40.1003307,-77.396854,"Monday, December 29, 2025 10:35 PM",Maximum Speed Limits - Freeways,Not Applicable,Not Applicable,1,Traffic Citation
40.1007059,-77.395869,"Friday, July 4, 2025 6:40 PM",Maximum Speed Limits - Freeways,Not Applicable,Not Applicable,1,Traffic Citation
40.1008036,-78.528933,"Saturday, April 4, 2026 5:13 PM",Maximum Speed Limits - Freeways,Not Applicable,Not Applicable,1,Traffic Citation
40.1010982,-75.330751,"Saturday, September 27, 2025 9:06 AM",Maximum Speed Limits - Freeways,Not Applicable,Not Applicable,2,Traffic Citation
40.1011076,-78.528901,"Friday, May 22, 2026 1:24 PM",Maximum Speed Limits - Freeways,Not Applicable,Not Applicable,1,Traffic Citation
40.1011908,-78.528891,"Saturday, August 30, 2025 8:15 PM",Maximum Speed Limits - Freeways,Not Applicable,Not Applicable,1,Traffic Citation
40.1015129,-78.528855,"Friday, June 5, 2026 9:05 PM",Maximum Speed Limits - Freeways,Not Applicable,Not Applicable,1,Traffic Citation
40.1016445,-77.393424,"Monday, October 6, 2025 10:20 PM",Maximum Speed Limits - Freeways,Not Applicable,Not Applicable,1,Traffic Citation
40.1016536,-80.196053,"Tuesday, March 24, 2026 4:49 PM",Maximum Speed Limits - Freeways,Not Applicable,Not Applicable,1,Traffic Citation
40.1017894,-78.528832,"Friday, May 22, 2026 7:29 AM",Maximum Speed Limits - Freeways,Not Applicable,Not Applicable,1,Traffic Citation
40.101866,-77.393537,"Friday, September 5, 2025 10:58 PM",Maximum Speed Limits - Freeways,Not Applicable,Not Applicable,1,Traffic Citation
40.1021615,-79.203724,"Thursday, November 27, 2025 7:58 AM",Maximum Speed Limits - Freeways,Not Applicable,Not Applicable,1,Traffic Citation
40.1021778,-79.203742,"Saturday, November 1, 2025 3:59 PM",Maximum Speed Limits - Freeways,Not Applicable,Not Applicable,1,Traffic Citation
40.1021814,-75.327618,"Wednesday, February 25, 2026 5:28 PM",Maximum Speed Limits - Freeways,Not Applicable,Not Applicable,1,Traffic Citation
40.1022285,-76.420156,"Wednesday, May 20, 2026 12:21 AM",Maximum Speed Limits - Freeways,Not Applicable,Not Applicable,1,Traffic Citation
40.1025034,-75.75393,"Thursday, November 6, 2025 8:52 PM",Maximum Speed Limits - Freeways,Not Applicable,Not Applicable,1,Traffic Citation
40.1027905,-77.390424,"Sunday, March 8, 2026 6:38 AM",Maximum Speed Limits - Freeways,Not Applicable,Not Applicable,2,Traffic Citation
40.1031838,-78.528325,"Thursday, April 23, 2026 4:13 PM",Maximum Speed Limits - Freeways,Not Applicable,Not Applicable,1,Traffic Citation
40.103188,-78.528325,"Friday, May 1, 2026 9:52 PM",Maximum Speed Limits - Freeways,Not Applicable,Not Applicable,1,Traffic Citation
40.1031897,-78.528325,"Thursday, April 23, 2026 4:48 PM",Maximum Speed Limits - Freeways,Not Applicable,Not Applicable,1,Traffic Citation
40.1033046,-78.528315,"Monday, May 4, 2026 1:14 PM",Maximum Speed Limits - Freeways,Not Applicable,Not Applicable,2,Traffic Citation
40.1035182,-80.198858,"Sunday, July 20, 2025 9:41 PM",Maximum Speed Limits - Freeways,Not Applicable,Not Applicable,1,Traffic Citation
40.1035513,-75.323757,"Saturday, May 2, 2026 7:27 AM",Maximum Speed Limits - Freeways,Not Applicable,Not Applicable,1,Traffic Citation
40.1035928,-75.324036,"Wednesday, August 13, 2025 6:13 AM",Maximum Speed Limits - Freeways,Not Applicable,Not Applicable,1,Traffic Citation
40.1035967,-75.324025,"Saturday, August 23, 2025 2:25 PM",Maximum Speed Limits - Freeways,Not Applicable,Not Applicable,3,Traffic Citation
40.1036017,-75.324011,"Saturday, November 29, 2025 5:39 PM",Maximum Speed Limits - Freeways,Not Applicable,Not Applicable,2,Traffic Citation
40.1036828,-79.206196,"Friday, November 28, 2025 4:02 PM",Maximum Speed Limits - Freeways,Not Applicable,Not Applicable,1,Traffic Citation
40.1037835,-79.206477,"Friday, April 17, 2026 7:12 AM",Maximum Speed Limits - Freeways,Not Applicable,Not Applicable,1,Traffic Citation
40.1038892,-79.206812,"Wednesday, November 26, 2025 5:01 PM",Maximum Speed Limits - Freeways,Not Applicable,Not Applicable,1,Traffic Citation
40.1041384,-77.387154,"Friday, March 13, 2026 11:42 AM",Maximum Speed Limits - Freeways,Not Applicable,Not Applicable,1,Traffic Citation
40.1041386,-76.424883,"Wednesday, May 20, 2026 12:41 AM",Maximum Speed Limits - Freeways,Not Applicable,Not Applicable,1,Traffic Citation
40.104261,-76.425087,"Tuesday, May 19, 2026 11:22 PM",Maximum Speed Limits - Freeways,Not Applicable,Not Applicable,2,Traffic Citation
40.1043558,-77.802756,"Tuesday, June 30, 2026 4:20 PM",Maximum Speed Limits - Freeways,Not Applicable,Not Applicable,1,Traffic Citation
40.1043903,-75.321815,"Saturday, June 6, 2026 6:31 PM",Maximum Speed Limits - Freeways,Not Applicable,Not Applicable,1,Traffic Citation
40.1044579,-79.208807,"Friday, July 4, 2025 3:21 PM",Maximum Speed Limits - Freeways,Not Applicable,Not Applicable,1,Traffic Citation
40.1051274,-78.528155,"Friday, August 29, 2025 3:46 PM",Maximum Speed Limits - Freeways,Not Applicable,Not Applicable,1,Traffic Citation
40.1051653,-78.52854,"Saturday, August 16, 2025 9:50 AM",Maximum Speed Limits - Freeways,Not Applicable,Not Applicable,1,Traffic Citation
40.105346,-79.211946,"Thursday, July 3, 2025 1:30 PM",Maximum Speed Limits - Freeways,Not Applicable,Not Applicable,1,Traffic Citation
40.1054433,-76.252337,"Tuesday, November 18, 2025 5:58 AM",Maximum Speed Limits - Freeways,Not Applicable,Not Applicable,1,Traffic Citation
40.1055138,-75.316579,"Saturday, September 13, 2025 7:49 AM",Maximum Speed Limits - Freeways,Not Applicable,Not Applicable,1,Traffic Citation
40.1055752,-76.25212,"Tuesday, January 13, 2026 6:25 AM",Maximum Speed Limits - Freeways,Not Applicable,Not Applicable,1,Traffic Citation
40.1056542,-75.316692,"Sunday, July 6, 2025 4:24 PM",Maximum Speed Limits - Freeways,Not Applicable,Not Applicable,1,Traffic Citation
40.1056714,-79.213116,"Tuesday, August 12, 2025 8:54 PM",Maximum Speed Limits - Freeways,Not Applicable,Not Applicable,1,Traffic Citation
40.1059218,-75.314304,"Wednesday, May 6, 2026 6:31 PM",Maximum Speed Limits - Freeways,Not Applicable,Not Applicable,1,Traffic Citation
40.1059314,-78.528472,"Thursday, April 23, 2026 7:59 PM",Maximum Speed Limits - Freeways,Not Applicable,Not Applicable,1,Traffic Citation
40.1059473,-77.800096,"Tuesday, December 9, 2025 4:40 PM",Maximum Speed Limits - Freeways,Not Applicable,Not Applicable,1,Traffic Citation
40.1060731,-75.313066,"Saturday, September 27, 2025 10:07 AM",Maximum Speed Limits - Freeways,Not Applicable,Not Applicable,1,Traffic Citation
40.106121,-76.781001,"Tuesday, September 16, 2025 3:41 PM",Maximum Speed Limits - Freeways,Not Applicable,Not Applicable,1,Traffic Citation
40.1062047,-78.528443,"Friday, August 29, 2025 12:46 PM",Maximum Speed Limits - Freeways,Not Applicable,Not Applicable,1,Traffic Citation
40.106279,-76.78111,"Wednesday, December 31, 2025 7:15 PM",Maximum Speed Limits - Freeways,Not Applicable,Not Applicable,1,Traffic Citation
40.1063052,-75.310286,"Sunday, February 1, 2026 9:42 AM",Maximum Speed Limits - Freeways,Not Applicable,Not Applicable,1,Traffic Citation
40.106317,-75.310984,"Friday, November 28, 2025 2:48 PM",Maximum Speed Limits - Freeways,Not Applicable,Not Applicable,1,Traffic Citation
40.1064321,-78.528408,"Friday, March 27, 2026 8:11 PM",Maximum Speed Limits - Freeways,Not Applicable,Not Applicable,1,Traffic Citation
40.1064806,-75.309285,"Sunday, July 20, 2025 8:42 AM",Maximum Speed Limits - Freeways,Not Applicable,Not Applicable,1,Traffic Citation
40.1065357,-76.250627,"Saturday, June 6, 2026 6:57 AM",Maximum Speed Limits - Freeways,Not Applicable,Not Applicable,1,Traffic Citation
40.106623,-78.528377,"Friday, January 2, 2026 2:29 PM",Maximum Speed Limits - Freeways,Not Applicable,Not Applicable,1,Traffic Citation
40.106624,-75.308527,"Sunday, February 15, 2026 1:46 AM",Maximum Speed Limits - Freeways,Not Applicable,Not Applicable,1,Traffic Citation
40.1066785,-75.308244,"Sunday, February 8, 2026 4:17 PM",Maximum Speed Limits - Freeways,Not Applicable,Not Applicable,1,Traffic Citation
40.1067005,-78.52836,"Monday, January 19, 2026 9:55 AM",Maximum Speed Limits - Freeways,Not Applicable,Not Applicable,1,Traffic Citation
40.1068647,-75.307402,"Sunday, November 30, 2025 7:03 AM",Maximum Speed Limits - Freeways,Not Applicable,Not Applicable,1,Traffic Citation
40.1069598,-75.307658,"Saturday, November 29, 2025 9:10 PM",Maximum Speed Limits - Freeways,Not Applicable,Not Applicable,1,Traffic Citation
40.1069648,-75.307637,"Saturday, November 29, 2025 8:09 PM",Maximum Speed Limits - Freeways,Not Applicable,Not Applicable,2,Traffic Citation
40.1069728,-78.528304,"Friday, November 28, 2025 3:34 PM",Maximum Speed Limits - Freeways,Not Applicable,Not Applicable,2,Traffic Citation
40.10698,-78.528302,"Sunday, August 31, 2025 9:42 AM",Maximum Speed Limits - Freeways,Not Applicable,Not Applicable,1,Traffic Citation
40.106994,-75.307506,"Saturday, August 23, 2025 7:12 AM",Maximum Speed Limits - Freeways,Not Applicable,Not Applicable,2,Traffic Citation
40.107005,-75.307453,"Sunday, July 6, 2025 8:54 AM",Maximum Speed Limits - Freeways,Not Applicable,Not Applicable,3,Traffic Citation
40.1070199,-75.307383,"Sunday, November 30, 2025 6:45 AM",Maximum Speed Limits - Freeways,Not Applicable,Not Applicable,1,Traffic Citation
40.1071588,-77.383028,"Friday, July 4, 2025 7:20 PM",Maximum Speed Limits - Freeways,Not Applicable,Not Applicable,1,Traffic Citation
40.1072093,-75.305754,"Saturday, December 20, 2025 8:44 AM",Maximum Speed Limits - Freeways,Not Applicable,Not Applicable,2,Traffic Citation
40.1072452,-76.248844,"Tuesday, February 10, 2026 3:19 PM",Maximum Speed Limits - Freeways,Not Applicable,Not Applicable,1,Traffic Citation
40.1072624,-75.305499,"Wednesday, December 24, 2025 7:06 AM",Maximum Speed Limits - Freeways,Not Applicable,Not Applicable,1,Traffic Citation
40.1073941,-78.528197,"Friday, August 29, 2025 10:25 AM",Maximum Speed Limits - Freeways,Not Applicable,Not Applicable,1,Traffic Citation
40.1075423,-78.528151,"Friday, May 22, 2026 1:03 PM",Maximum Speed Limits - Freeways,Not Applicable,Not Applicable,1,Traffic Citation
40.1076954,-76.248583,"Friday, April 3, 2026 9:29 AM",Maximum Speed Limits - Freeways,Not Applicable,Not Applicable,1,Traffic Citation
40.1077753,-78.52807,"Saturday, November 29, 2025 12:37 PM",Maximum Speed Limits - Freeways,Not Applicable,Not Applicable,1,Traffic Citation
40.1078535,-77.382262,"Friday, January 30, 2026 8:23 PM",Maximum Speed Limits - Freeways,Not Applicable,Not Applicable,1,Traffic Citation
40.1079328,-76.248187,"Saturday, June 6, 2026 7:09 AM",Maximum Speed Limits - Freeways,Not Applicable,Not Applicable,1,Traffic Citation
40.1079383,-78.528009,"Saturday, September 20, 2025 5:36 PM",Maximum Speed Limits - Freeways,Not Applicable,Not Applicable,1,Traffic Citation
40.1080964,-78.527944,"Friday, May 22, 2026 12:30 PM",Maximum Speed Limits - Freeways,Not Applicable,Not Applicable,1,Traffic Citation
40.1081389,-75.302033,"Saturday, November 29, 2025 7:45 PM",Maximum Speed Limits - Freeways,Not Applicable,Not Applicable,1,Traffic Citation
40.108171,-78.527914,"Friday, March 27, 2026 3:04 PM",Maximum Speed Limits - Freeways,Not Applicable,Not Applicable,1,Traffic Citation
40.1082765,-76.247164,"Tuesday, November 18, 2025 6:14 AM",Maximum Speed Limits - Freeways,Not Applicable,Not Applicable,1,Traffic Citation
40.1083087,-78.527856,"Wednesday, May 27, 2026 3:28 PM",Maximum Speed Limits - Freeways,Not Applicable,Not Applicable,1,Traffic Citation
40.1083883,-75.300229,"Thursday, January 1, 2026 1:58 PM",Maximum Speed Limits - Freeways,Not Applicable,Not Applicable,1,Traffic Citation
40.1083989,-77.796002,"Monday, January 5, 2026 5:13 PM",Maximum Speed Limits - Freeways,Not Applicable,Not Applicable,1,Traffic Citation
40.1084715,-78.527785,"Saturday, July 5, 2025 1:18 PM",Maximum Speed Limits - Freeways,Not Applicable,Not Applicable,1,Traffic Citation
40.1086708,-75.299548,"Saturday, February 28, 2026 12:48 PM",Maximum Speed Limits - Freeways,Not Applicable,Not Applicable,1,Traffic Citation
40.1088151,-75.2982,"Saturday, April 4, 2026 7:41 AM",Maximum Speed Limits - Freeways,Not Applicable,Not Applicable,1,Traffic Citation
40.1091126,-75.296788,"Sunday, August 24, 2025 3:10 PM",Maximum Speed Limits - Freeways,Not Applicable,Not Applicable,1,Traffic Citation
40.1091348,-75.297325,"Saturday, April 4, 2026 4:27 PM",Maximum Speed Limits - Freeways,Not Applicable,Not Applicable,2,Traffic Citation
40.1092306,-75.296232,"Wednesday, December 24, 2025 8:15 AM",Maximum Speed Limits - Freeways,Not Applicable,Not Applicable,3,Traffic Citation
40.1093502,-76.246234,"Wednesday, September 10, 2025 5:50 AM",Maximum Speed Limits - Freeways,Not Applicable,Not Applicable,1,Traffic Citation
40.1094121,-75.295376,"Friday, July 4, 2025 8:31 AM",Maximum Speed Limits - Freeways,Not Applicable,Not Applicable,1,Traffic Citation
40.1095673,-78.527169,"Friday, November 28, 2025 11:39 AM",Maximum Speed Limits - Freeways,Not Applicable,Not Applicable,1,Traffic Citation
40.1097618,-76.43889,"Thursday, April 9, 2026 8:26 PM",Maximum Speed Limits - Freeways,Not Applicable,Not Applicable,1,Traffic Citation
40.1099732,-76.245635,"Sunday, February 1, 2026 10:09 AM",Maximum Speed Limits - Freeways,Not Applicable,Not Applicable,1,Traffic Citation
40.1103039,-75.290984,"Tuesday, April 21, 2026 11:05 AM",Maximum Speed Limits - Freeways,Not Applicable,Not Applicable,1,Traffic Citation
40.1104424,-75.291066,"Monday, May 25, 2026 12:27 PM",Maximum Speed Limits - Freeways,Not Applicable,Not Applicable,2,Traffic Citation
40.1104964,-77.792491,"Friday, January 9, 2026 8:38 AM",Maximum Speed Limits - Freeways,Not Applicable,Not Applicable,1,Traffic Citation
40.1105606,-76.245155,"Wednesday, March 25, 2026 9:38 AM",Maximum Speed Limits - Freeways,Not Applicable,Not Applicable,1,Traffic Citation
40.110936,-75.287468,"Saturday, February 28, 2026 8:40 AM",Maximum Speed Limits - Freeways,Not Applicable,Not Applicable,1,Traffic Citation
40.1111536,-77.378466,"Sunday, September 21, 2025 10:56 AM",Maximum Speed Limits - Freeways,Not Applicable,Not Applicable,1,Traffic Citation
40.111392,-75.28568,"Monday, September 8, 2025 12:39 PM",Maximum Speed Limits - Freeways,Not Applicable,Not Applicable,4,Traffic Citation
40.1114196,-77.378083,"Tuesday, March 17, 2026 5:27 PM",Maximum Speed Limits - Freeways,Not Applicable,Not Applicable,1,Traffic Citation
40.1116139,-78.525323,"Wednesday, October 15, 2025 5:23 PM",Maximum Speed Limits - Freeways,Not Applicable,Not Applicable,1,Traffic Citation
40.1116753,-78.525248,"Tuesday, February 10, 2026 3:50 PM",Maximum Speed Limits - Freeways,Not Applicable,Not Applicable,1,Traffic Citation
40.111693,-78.525227,"Wednesday, February 11, 2026 12:57 PM",Maximum Speed Limits - Freeways,Not Applicable,Not Applicable,1,Traffic Citation
40.111851,-77.377916,"Saturday, July 5, 2025 5:56 AM",Maximum Speed Limits - Freeways,Not Applicable,Not Applicable,1,Traffic Citation
40.1120055,-75.281678,"Sunday, September 28, 2025 9:30 AM",Maximum Speed Limits - Freeways,Not Applicable,Not Applicable,3,Traffic Citation
40.1125532,-75.279909,"Tuesday, April 21, 2026 1:18 AM",Maximum Speed Limits - Freeways,Not Applicable,Not Applicable,1,Traffic Citation
40.1125673,-78.524159,"Thursday, July 3, 2025 5:09 PM",Maximum Speed Limits - Freeways,Not Applicable,Not Applicable,1,Traffic Citation
40.1127367,-76.243411,"Sunday, April 5, 2026 4:55 PM",Maximum Speed Limits - Freeways,Not Applicable,Not Applicable,1,Traffic Citation
40.1130104,-77.788291,"Thursday, August 7, 2025 11:26 AM",Maximum Speed Limits - Freeways,Not Applicable,Not Applicable,1,Traffic Citation
40.113216,-77.787947,"Sunday, August 31, 2025 5:32 PM",Maximum Speed Limits - Freeways,Not Applicable,Not Applicable,1,Traffic Citation
40.1132161,-78.523404,"Saturday, August 30, 2025 10:15 AM",Maximum Speed Limits - Freeways,Not Applicable,Not Applicable,1,Traffic Citation
40.1132351,-76.242947,"Sunday, April 5, 2026 2:12 PM",Maximum Speed Limits - Freeways,Not Applicable,Not Applicable,1,Traffic Citation
40.1133204,-76.242856,"Sunday, April 5, 2026 3:32 PM",Maximum Speed Limits - Freeways,Not Applicable,Not Applicable,1,Traffic Citation
40.1134283,-78.523182,"Monday, May 25, 2026 11:15 AM",Maximum Speed Limits - Freeways,Not Applicable,Not Applicable,1,Traffic Citation
40.1134678,-75.274339,"Wednesday, April 15, 2026 6:25 PM",Maximum Speed Limits - Freeways,Not Applicable,Not Applicable,1,Traffic Citation
40.113644,-78.522967,"Wednesday, January 28, 2026 4:28 PM",Maximum Speed Limits - Freeways,Not Applicable,Not Applicable,1,Traffic Citation
40.1137279,-78.522889,"Wednesday, June 3, 2026 5:26 PM",Maximum Speed Limits - Freeways,Not Applicable,Not Applicable,1,Traffic Citation
40.1142452,-78.522439,"Wednesday, May 27, 2026 3:43 PM",Maximum Speed Limits - Freeways,Not Applicable,Not Applicable,2,Traffic Citation
40.1144565,-76.785969,"Thursday, August 21, 2025 5:47 AM",Maximum Speed Limits - Freeways,Not Applicable,Not Applicable,1,Traffic Citation
40.1146072,-78.521735,"Friday, May 22, 2026 10:09 AM",Maximum Speed Limits - Freeways,Not Applicable,Not Applicable,1,Traffic Citation
40.1146403,-78.522141,"Wednesday, November 26, 2025 7:00 AM",Maximum Speed Limits - Freeways,Not Applicable,Not Applicable,1,Traffic Citation
40.114717,-78.522088,"Wednesday, November 26, 2025 2:21 PM",Maximum Speed Limits - Freeways,Not Applicable,Not Applicable,1,Traffic Citation
40.1147238,-78.522083,"Friday, August 29, 2025 6:11 PM",Maximum Speed Limits - Freeways,Not Applicable,Not Applicable,1,Traffic Citation
40.1150692,-78.521855,"Thursday, July 3, 2025 1:11 PM",Maximum Speed Limits - Freeways,Not Applicable,Not Applicable,1,Traffic Citation
40.1152567,-78.521742,"Friday, July 4, 2025 8:01 PM",Maximum Speed Limits - Freeways,Not Applicable,Not Applicable,1,Traffic Citation
40.1155403,-78.52158,"Friday, September 12, 2025 2:55 PM",Maximum Speed Limits - Freeways,Not Applicable,Not Applicable,1,Traffic Citation
40.1156062,-76.237253,"Tuesday, February 10, 2026 2:35 PM",Maximum Speed Limits - Freeways,Not Applicable,Not Applicable,1,Traffic Citation
40.1156839,-78.521502,"Monday, July 7, 2025 5:26 PM",Maximum Speed Limits - Freeways,Not Applicable,Not Applicable,1,Traffic Citation
40.1157287,-76.236829,"Tuesday, December 9, 2025 9:19 AM",Maximum Speed Limits - Freeways,Not Applicable,Not Applicable,1,Traffic Citation
40.1157451,-77.372053,"Wednesday, December 31, 2025 8:13 PM",Maximum Speed Limits - Freeways,Not Applicable,Not Applicable,1,Traffic Citation
40.1157841,-76.786649,"Saturday, September 6, 2025 2:12 PM",Maximum Speed Limits - Freeways,Not Applicable,Not Applicable,1,Traffic Citation
40.1157843,-76.236637,"Tuesday, December 9, 2025 8:43 AM",Maximum Speed Limits - Freeways,Not Applicable,Not Applicable,1,Traffic Citation
40.1159943,-78.521348,"Thursday, January 1, 2026 11:09 AM",Maximum Speed Limits - Freeways,Not Applicable,Not Applicable,1,Traffic Citation
40.116204,-79.260018,"Saturday, May 23, 2026 3:54 PM",Maximum Speed Limits - Freeways,Not Applicable,Not Applicable,1,Traffic Citation
40.1162457,-76.235911,"Saturday, April 4, 2026 6:18 AM",Maximum Speed Limits - Freeways,Not Applicable,Not Applicable,1,Traffic Citation
40.1164446,-76.234357,"Sunday, July 13, 2025 12:34 PM",Maximum Speed Limits - Freeways,Not Applicable,Not Applicable,1,Traffic Citation
40.1164728,-76.234259,"Tuesday, February 10, 2026 2:04 PM",Maximum Speed Limits - Freeways,Not Applicable,Not Applicable,1,Traffic Citation
40.116482,-78.521141,"Saturday, January 3, 2026 1:47 PM",Maximum Speed Limits - Freeways,Not Applicable,Not Applicable,1,Traffic Citation
40.1164844,-78.52114,"Monday, September 1, 2025 6:27 PM",Maximum Speed Limits - Freeways,Not Applicable,Not Applicable,1,Traffic Citation
40.1165128,-78.521129,"Wednesday, December 24, 2025 5:21 PM",Maximum Speed Limits - Freeways,Not Applicable,Not Applicable,1,Traffic Citation
40.1166014,-78.521095,"Monday, May 25, 2026 10:36 AM",Maximum Speed Limits - Freeways,Not Applicable,Not Applicable,1,Traffic Citation
40.1166462,-78.520677,"Friday, April 3, 2026 5:40 PM",Maximum Speed Limits - Freeways,Not Applicable,Not Applicable,1,Traffic Citation
40.1167375,-76.233333,"Tuesday, April 14, 2026 8:53 AM",Maximum Speed Limits - Freeways,Not Applicable,Not Applicable,1,Traffic Citation
40.1167436,-75.76618,"Tuesday, November 18, 2025 6:59 PM",Maximum Speed Limits - Freeways,Not Applicable,Not Applicable,1,Traffic Citation
40.1168971,-76.78709,"Saturday, May 30, 2026 11:54 PM",Maximum Speed Limits - Freeways,Not Applicable,Not Applicable,1,Traffic Citation
40.1169579,-78.520971,"Sunday, May 24, 2026 4:08 PM",Maximum Speed Limits - Freeways,Not Applicable,Not Applicable,1,Traffic Citation
40.117003,-75.260226,"Thursday, February 12, 2026 8:03 PM",Maximum Speed Limits - Freeways,Not Applicable,Not Applicable,1,Traffic Citation
40.1170909,-78.520932,"Friday, November 28, 2025 10:08 AM",Maximum Speed Limits - Freeways,Not Applicable,Not Applicable,1,Traffic Citation
40.1172413,-78.52089,"Sunday, May 24, 2026 3:37 PM",Maximum Speed Limits - Freeways,Not Applicable,Not Applicable,1,Traffic Citation
40.1173162,-78.520869,"Monday, May 25, 2026 10:22 AM",Maximum Speed Limits - Freeways,Not Applicable,Not Applicable,1,Traffic Citation
40.1174345,-76.231782,"Sunday, March 8, 2026 5:59 PM",Maximum Speed Limits - Freeways,Not Applicable,Not Applicable,1,Traffic Citation
40.1175569,-78.520807,"Sunday, May 24, 2026 5:49 PM",Maximum Speed Limits - Freeways,Not Applicable,Not Applicable,1,Traffic Citation
40.1175869,-78.5208,"Thursday, November 27, 2025 12:50 PM",Maximum Speed Limits - Freeways,Not Applicable,Not Applicable,1,Traffic Citation
40.1176236,-76.231121,"Saturday, February 28, 2026 5:49 AM",Maximum Speed Limits - Freeways,Not Applicable,Not Applicable,1,Traffic Citation
40.1176294,-78.520789,"Thursday, July 3, 2025 12:25 PM",Maximum Speed Limits - Freeways,Not Applicable,Not Applicable,1,Traffic Citation
40.1177149,-78.520767,"Tuesday, June 30, 2026 8:37 PM",Maximum Speed Limits - Freeways,Not Applicable,Not Applicable,1,Traffic Citation
40.1177707,-78.520753,"Monday, May 25, 2026 11:30 AM",Maximum Speed Limits - Freeways,Not Applicable,Not Applicable,1,Traffic Citation
40.1179586,-78.52071,"Wednesday, May 27, 2026 4:00 PM",Maximum Speed Limits - Freeways,Not Applicable,Not Applicable,1,Traffic Citation
40.1179823,-78.520705,"Saturday, January 17, 2026 10:47 AM",Maximum Speed Limits - Freeways,Not Applicable,Not Applicable,1,Traffic Citation
40.118027,-78.520695,"Saturday, June 13, 2026 5:47 PM",Maximum Speed Limits - Freeways,Not Applicable,Not Applicable,1,Traffic Citation
40.1181104,-78.520676,"Wednesday, September 3, 2025 10:49 AM",Maximum Speed Limits - Freeways,Not Applicable,Not Applicable,1,Traffic Citation
40.1181183,-77.368503,"Friday, July 4, 2025 3:57 PM",Maximum Speed Limits - Freeways,Not Applicable,Not Applicable,1,Traffic Citation
40.118181,-78.52066,"Friday, November 28, 2025 4:55 PM",Maximum Speed Limits - Freeways,Not Applicable,Not Applicable,1,Traffic Citation
40.1182993,-76.228872,"Monday, September 1, 2025 7:23 PM",Maximum Speed Limits - Freeways,Not Applicable,Not Applicable,1,Traffic Citation
40.1183791,-78.520616,"Friday, September 26, 2025 4:39 PM",Maximum Speed Limits - Freeways,Not Applicable,Not Applicable,1,Traffic Citation
40.1185125,-77.367906,"Friday, July 4, 2025 5:06 PM",Maximum Speed Limits - Freeways,Not Applicable,Not Applicable,1,Traffic Citation
40.1185557,-78.520577,"Wednesday, February 25, 2026 5:10 PM",Maximum Speed Limits - Freeways,Not Applicable,Not Applicable,1,Traffic Citation
40.1185937,-76.227492,"Saturday, August 23, 2025 7:10 AM",Maximum Speed Limits - Freeways,Not Applicable,Not Applicable,2,Traffic Citation
40.1189038,-77.367321,"Saturday, September 13, 2025 10:33 PM",Maximum Speed Limits - Freeways,Not Applicable,Not Applicable,1,Traffic Citation
40.1190474,-78.520468,"Friday, November 28, 2025 9:23 AM",Maximum Speed Limits - Freeways,Not Applicable,Not Applicable,1,Traffic Citation
40.1190543,-76.457948,"Thursday, March 26, 2026 9:48 PM",Maximum Speed Limits - Freeways,Not Applicable,Not Applicable,1,Traffic Citation
40.1191093,-78.520454,"Monday, May 25, 2026 10:58 AM",Maximum Speed Limits - Freeways,Not Applicable,Not Applicable,1,Traffic Citation
40.1191736,-77.366434,"Wednesday, December 31, 2025 6:19 PM",Maximum Speed Limits - Freeways,Not Applicable,Not Applicable,1,Traffic Citation
40.1192057,-78.520433,"Sunday, September 7, 2025 8:11 AM",Maximum Speed Limits - Freeways,Not Applicable,Not Applicable,1,Traffic Citation
40.1193478,-78.520401,"Sunday, November 30, 2025 7:55 PM",Maximum Speed Limits - Freeways,Not Applicable,Not Applicable,1,Traffic Citation
40.1194983,-76.459381,"Wednesday, May 20, 2026 12:04 AM",Maximum Speed Limits - Freeways,Not Applicable,Not Applicable,1,Traffic Citation
40.1195953,-76.459034,"Thursday, March 26, 2026 8:22 PM",Maximum Speed Limits - Freeways,Not Applicable,Not Applicable,1,Traffic Citation
40.1196944,-75.77271,"Saturday, November 29, 2025 12:00 PM",Maximum Speed Limits - Freeways,Not Applicable,Not Applicable,1,Traffic Citation
40.1197072,-76.225447,"Tuesday, February 10, 2026 1:09 PM",Maximum Speed Limits - Freeways,Not Applicable,Not Applicable,1,Traffic Citation
40.1198861,-77.775971,"Monday, April 27, 2026 9:00 AM",Maximum Speed Limits - Freeways,Not Applicable,Not Applicable,1,Traffic Citation
40.1199616,-77.776058,"Saturday, May 9, 2026 5:46 PM",Maximum Speed Limits - Freeways,Not Applicable,Not Applicable,1,Traffic Citation
40.1201417,-75.25176,"Saturday, November 29, 2025 8:44 PM",Maximum Speed Limits - Freeways,Not Applicable,Not Applicable,1,Traffic Citation
40.1201882,-76.225203,"Wednesday, October 29, 2025 7:16 PM",Maximum Speed Limits - Freeways,Not Applicable,Not Applicable,2,Traffic Citation
40.1202033,-77.775472,"Thursday, January 1, 2026 4:58 PM",Maximum Speed Limits - Freeways,Not Applicable,Not Applicable,1,Traffic Citation
40.1202065,-77.365339,"Sunday, May 31, 2026 5:54 PM",Maximum Speed Limits - Freeways,Not Applicable,Not Applicable,1,Traffic Citation
40.1202153,-78.520208,"Saturday, January 17, 2026 10:08 AM",Maximum Speed Limits - Freeways,Not Applicable,Not Applicable,1,Traffic Citation
40.1202646,-78.520197,"Friday, October 17, 2025 4:40 PM",Maximum Speed Limits - Freeways,Not Applicable,Not Applicable,1,Traffic Citation
40.1203364,-79.327744,"Monday, April 6, 2026 10:50 AM",Maximum Speed Limits - Freeways,Not Applicable,Not Applicable,2,Traffic Citation
40.1203397,-78.52018,"Friday, April 3, 2026 8:47 AM",Maximum Speed Limits - Freeways,Not Applicable,Not Applicable,3,Traffic Citation
40.1205969,-77.364275,"Tuesday, December 30, 2025 11:56 PM",Maximum Speed Limits - Freeways,Not Applicable,Not Applicable,1,Traffic Citation
40.1209287,-78.520049,"Thursday, July 3, 2025 4:02 PM",Maximum Speed Limits - Freeways,Not Applicable,Not Applicable,1,Traffic Citation
40.1210888,-77.363507,"Monday, February 16, 2026 9:07 PM",Maximum Speed Limits - Freeways,Not Applicable,Not Applicable,1,Traffic Citation
40.1213677,-78.519952,"Friday, November 28, 2025 4:35 PM",Maximum Speed Limits - Freeways,Not Applicable,Not Applicable,1,Traffic Citation
40.1214069,-76.463199,"Saturday, November 29, 2025 10:00 AM",Maximum Speed Limits - Freeways,Not Applicable,Not Applicable,1,Traffic Citation
40.1214393,-76.789513,"Monday, October 27, 2025 5:25 AM",Maximum Speed Limits - Freeways,Not Applicable,Not Applicable,1,Traffic Citation
40.1215404,-78.519913,"Tuesday, May 5, 2026 5:18 PM",Maximum Speed Limits - Freeways,Not Applicable,Not Applicable,1,Traffic Citation
40.1216737,-77.771014,"Sunday, August 31, 2025 6:53 PM",Maximum Speed Limits - Freeways,Not Applicable,Not Applicable,1,Traffic Citation
40.1216982,-77.770935,"Sunday, May 17, 2026 11:23 AM",Maximum Speed Limits - Freeways,Not Applicable,Not Applicable,1,Traffic Citation
40.1217028,-77.77092,"Friday, May 22, 2026 12:32 PM",Maximum Speed Limits - Freeways,Not Applicable,Not Applicable,1,Traffic Citation
40.1217065,-78.519876,"Saturday, May 23, 2026 3:30 PM",Maximum Speed Limits - Freeways,Not Applicable,Not Applicable,1,Traffic Citation
40.1217194,-77.770866,"Friday, May 15, 2026 11:37 AM",Maximum Speed Limits - Freeways,Not Applicable,Not Applicable,1,Traffic Citation
40.1218537,-75.777631,"Wednesday, April 15, 2026 7:57 PM",Maximum Speed Limits - Freeways,Not Applicable,Not Applicable,1,Traffic Citation
40.1219376,-76.223257,"Monday, July 21, 2025 9:21 AM",Maximum Speed Limits - Freeways,Not Applicable,Not Applicable,1,Traffic Citation
40.1220093,-78.519413,"Friday, May 22, 2026 1:07 PM",Maximum Speed Limits - Freeways,Not Applicable,Not Applicable,1,Traffic Citation
40.122083,-77.361888,"Monday, February 16, 2026 8:24 PM",Maximum Speed Limits - Freeways,Not Applicable,Not Applicable,1,Traffic Citation
40.1221078,-77.769451,"Friday, December 19, 2025 11:58 AM",Maximum Speed Limits - Freeways,Not Applicable,Not Applicable,1,Traffic Citation
40.1221417,-77.769321,"Saturday, July 26, 2025 1:28 PM",Maximum Speed Limits - Freeways,Not Applicable,Not Applicable,1,Traffic Citation
40.1221424,-77.769318,"Friday, November 7, 2025 10:18 AM",Maximum Speed Limits - Freeways,Not Applicable,Not Applicable,1,Traffic Citation
40.1221517,-77.769282,"Sunday, October 5, 2025 11:05 AM",Maximum Speed Limits - Freeways,Not Applicable,Not Applicable,1,Traffic Citation
40.1221554,-77.769268,"Wednesday, December 31, 2025 10:54 AM",Maximum Speed Limits - Freeways,Not Applicable,Not Applicable,1,Traffic Citation
40.1221587,-78.519776,"Saturday, November 29, 2025 10:32 AM",Maximum Speed Limits - Freeways,Not Applicable,Not Applicable,1,Traffic Citation
40.1221634,-77.769238,"Thursday, July 3, 2025 11:11 AM",Maximum Speed Limits - Freeways,Not Applicable,Not Applicable,1,Traffic Citation
40.1221641,-77.769235,"Friday, August 1, 2025 10:42 AM",Maximum Speed Limits - Freeways,Not Applicable,Not Applicable,1,Traffic Citation
40.1221682,-77.769219,"Friday, November 7, 2025 12:38 PM",Maximum Speed Limits - Freeways,Not Applicable,Not Applicable,1,Traffic Citation
40.1221724,-77.769203,"Saturday, September 27, 2025 12:01 PM",Maximum Speed Limits - Freeways,Not Applicable,Not Applicable,1,Traffic Citation
40.1221768,-76.464743,"Friday, January 2, 2026 1:24 PM",Maximum Speed Limits - Freeways,Not Applicable,Not Applicable,1,Traffic Citation
40.1221851,-77.769151,"Wednesday, October 15, 2025 1:58 PM",Maximum Speed Limits - Freeways,Not Applicable,Not Applicable,1,Traffic Citation
40.1221885,-77.769137,"Monday, September 15, 2025 5:46 PM",Maximum Speed Limits - Freeways,Not Applicable,Not Applicable,2,Traffic Citation
40.1222213,-77.769004,"Friday, August 15, 2025 6:10 PM",Maximum Speed Limits - Freeways,Not Applicable,Not Applicable,1,Traffic Citation
40.1222313,-77.768963,"Sunday, July 6, 2025 12:07 PM",Maximum Speed Limits - Freeways,Not Applicable,Not Applicable,1,Traffic Citation
40.1222359,-77.768944,"Friday, July 11, 2025 11:08 AM",Maximum Speed Limits - Freeways,Not Applicable,Not Applicable,1,Traffic Citation
40.1222514,-77.768881,"Wednesday, August 6, 2025 10:22 AM",Maximum Speed Limits - Freeways,Not Applicable,Not Applicable,1,Traffic Citation
40.1223138,-78.519741,"Friday, November 28, 2025 7:03 PM",Maximum Speed Limits - Freeways,Not Applicable,Not Applicable,1,Traffic Citation
40.1223858,-79.928781,"Thursday, May 21, 2026 11:57 AM",Maximum Speed Limits - Freeways,Not Applicable,Not Applicable,1,Traffic Citation
40.1224234,-78.519717,"Saturday, July 5, 2025 6:48 PM",Maximum Speed Limits - Freeways,Not Applicable,Not Applicable,1,Traffic Citation
40.1224839,-79.928785,"Tuesday, September 30, 2025 9:29 AM",Maximum Speed Limits - Freeways,Not Applicable,Not Applicable,1,Traffic Citation
40.1225059,-78.519699,"Sunday, May 24, 2026 4:54 PM",Maximum Speed Limits - Freeways,Not Applicable,Not Applicable,1,Traffic Citation
40.1225102,-75.238227,"Monday, May 4, 2026 7:19 PM",Maximum Speed Limits - Freeways,Not Applicable,Not Applicable,1,Traffic Citation
40.1226238,-75.238331,"Wednesday, November 26, 2025 10:07 PM",Maximum Speed Limits - Freeways,Not Applicable,Not Applicable,1,Traffic Citation
40.1226252,-76.465639,"Friday, January 2, 2026 2:08 PM",Maximum Speed Limits - Freeways,Not Applicable,Not Applicable,1,Traffic Citation
40.1226382,-76.222599,"Tuesday, July 8, 2025 7:59 PM",Maximum Speed Limits - Freeways,Not Applicable,Not Applicable,1,Traffic Citation
40.1227977,-77.766535,"Monday, December 15, 2025 10:32 AM",Maximum Speed Limits - Freeways,Not Applicable,Not Applicable,1,Traffic Citation
40.1230363,-77.360259,"Sunday, April 12, 2026 12:18 AM",Maximum Speed Limits - Freeways,Not Applicable,Not Applicable,1,Traffic Citation
40.1230506,-76.221825,"Monday, November 10, 2025 9:59 PM",Maximum Speed Limits - Freeways,Not Applicable,Not Applicable,1,Traffic Citation
40.1230548,-75.236035,"Wednesday, November 12, 2025 12:46 PM",Maximum Speed Limits - Freeways,Not Applicable,Not Applicable,2,Traffic Citation
40.1231032,-75.235168,"Saturday, July 5, 2025 4:32 PM",Maximum Speed Limits - Freeways,Not Applicable,Not Applicable,2,Traffic Citation
40.1231332,-78.519558,"Friday, September 26, 2025 4:00 PM",Maximum Speed Limits - Freeways,Not Applicable,Not Applicable,1,Traffic Citation
40.1232286,-78.519537,"Saturday, August 30, 2025 11:37 AM",Maximum Speed Limits - Freeways,Not Applicable,Not Applicable,1,Traffic Citation
40.123451,-77.763716,"Saturday, September 13, 2025 2:45 PM",Maximum Speed Limits - Freeways,Not Applicable,Not Applicable,1,Traffic Citation
40.1236667,-75.283141,"Saturday, February 28, 2026 2:04 PM",Maximum Speed Limits - Freeways,Not Applicable,Not Applicable,2,Traffic Citation
40.1238234,-75.782244,"Sunday, February 1, 2026 6:03 AM",Maximum Speed Limits - Freeways,Not Applicable,Not Applicable,1,Traffic Citation
40.1242844,-76.790868,"Tuesday, February 24, 2026 8:24 PM",Maximum Speed Limits - Freeways,Not Applicable,Not Applicable,1,Traffic Citation
40.1243026,-78.519295,"Sunday, November 30, 2025 6:19 PM",Maximum Speed Limits - Freeways,Not Applicable,Not Applicable,1,Traffic Citation
40.1243546,-78.519284,"Saturday, July 5, 2025 8:23 PM",Maximum Speed Limits - Freeways,Not Applicable,Not Applicable,1,Traffic Citation
40.1244645,-77.358205,"Sunday, May 31, 2026 3:22 PM",Maximum Speed Limits - Freeways,Not Applicable,Not Applicable,1,Traffic Citation
40.1244972,-76.220453,"Tuesday, March 24, 2026 3:43 PM",Maximum Speed Limits - Freeways,Not Applicable,Not Applicable,1,Traffic Citation
40.1245635,-78.519237,"Thursday, July 3, 2025 5:50 PM",Maximum Speed Limits - Freeways,Not Applicable,Not Applicable,1,Traffic Citation
40.124683,-79.556255,"Thursday, December 18, 2025 4:17 PM",Maximum Speed Limits - Freeways,Not Applicable,Not Applicable,1,Traffic Citation
40.1247869,-77.357618,"Sunday, May 31, 2026 3:00 PM",Maximum Speed Limits - Freeways,Not Applicable,Not Applicable,1,Traffic Citation
40.1249486,-76.791208,"Tuesday, September 30, 2025 11:05 PM",Maximum Speed Limits - Freeways,Not Applicable,Not Applicable,2,Traffic Citation
40.1251824,-77.356904,"Wednesday, July 23, 2025 6:18 PM",Maximum Speed Limits - Freeways,Not Applicable,Not Applicable,1,Traffic Citation
40.1253507,-78.51906,"Friday, November 28, 2025 7:24 PM",Maximum Speed Limits - Freeways,Not Applicable,Not Applicable,1,Traffic Citation
40.1254083,-77.755191,"Thursday, August 28, 2025 5:01 PM",Maximum Speed Limits - Freeways,Not Applicable,Not Applicable,1,Traffic Citation
40.1254703,-77.356386,"Wednesday, December 31, 2025 7:18 PM",Maximum Speed Limits - Freeways,Not Applicable,Not Applicable,1,Traffic Citation
40.1254954,-76.791486,"Thursday, June 18, 2026 10:04 PM",Maximum Speed Limits - Freeways,Not Applicable,Not Applicable,1,Traffic Citation
40.1254966,-77.356339,"Wednesday, July 23, 2025 9:00 PM",Maximum Speed Limits - Freeways,Not Applicable,Not Applicable,1,Traffic Citation
40.1258205,-78.518954,"Friday, July 4, 2025 7:34 PM",Maximum Speed Limits - Freeways,Not Applicable,Not Applicable,1,Traffic Citation
40.1259881,-78.518523,"Tuesday, April 21, 2026 12:54 PM",Maximum Speed Limits - Freeways,Not Applicable,Not Applicable,1,Traffic Citation
40.126177,-76.791836,"Monday, September 1, 2025 1:48 PM",Maximum Speed Limits - Freeways,Not Applicable,Not Applicable,1,Traffic Citation
40.126495,-79.014333,"Friday, July 4, 2025 2:33 PM",Maximum Speed Limits - Freeways,Not Applicable,Not Applicable,1,Traffic Citation
40.1266037,-76.473093,"Friday, April 10, 2026 12:41 AM",Maximum Speed Limits - Freeways,Not Applicable,Not Applicable,1,Traffic Citation
40.1266117,-75.284235,"Friday, January 9, 2026 1:15 PM",Maximum Speed Limits - Freeways,Not Applicable,Not Applicable,3,Traffic Citation
40.1266214,-76.792064,"Thursday, November 20, 2025 9:57 PM",Maximum Speed Limits - Freeways,Not Applicable,Not Applicable,1,Traffic Citation
40.126622,-78.518379,"Tuesday, April 21, 2026 10:45 AM",Maximum Speed Limits - Freeways,Not Applicable,Not Applicable,1,Traffic Citation
40.1266511,-77.354237,"Sunday, March 15, 2026 1:36 PM",Maximum Speed Limits - Freeways,Not Applicable,Not Applicable,1,Traffic Citation
40.1266688,-77.354206,"Wednesday, August 27, 2025 10:30 AM",Maximum Speed Limits - Freeways,Not Applicable,Not Applicable,1,Traffic Citation
40.1269724,-77.74896,"Wednesday, January 7, 2026 4:48 PM",Maximum Speed Limits - Freeways,Not Applicable,Not Applicable,1,Traffic Citation
40.12698,-75.220919,"Sunday, March 8, 2026 6:55 PM",Maximum Speed Limits - Freeways,Not Applicable,Not Applicable,1,Traffic Citation
40.1270036,-77.749144,"Sunday, May 3, 2026 9:24 AM",Maximum Speed Limits - Freeways,Not Applicable,Not Applicable,2,Traffic Citation
40.1270049,-78.518688,"Sunday, May 24, 2026 4:36 PM",Maximum Speed Limits - Freeways,Not Applicable,Not Applicable,1,Traffic Citation
40.1270051,-77.74914,"Saturday, May 9, 2026 5:29 PM",Maximum Speed Limits - Freeways,Not Applicable,Not Applicable,1,Traffic Citation
40.127036,-77.749042,"Friday, May 15, 2026 10:53 AM",Maximum Speed Limits - Freeways,Not Applicable,Not Applicable,1,Traffic Citation
40.1270372,-77.748762,"Tuesday, April 14, 2026 12:24 PM",Maximum Speed Limits - Freeways,Not Applicable,Not Applicable,1,Traffic Citation
40.1270397,-77.74903,"Saturday, April 25, 2026 10:15 AM",Maximum Speed Limits - Freeways,Not Applicable,Not Applicable,1,Traffic Citation
40.1270599,-77.748693,"Friday, May 22, 2026 1:32 PM",Maximum Speed Limits - Freeways,Not Applicable,Not Applicable,1,Traffic Citation
40.127133,-77.748766,"Wednesday, December 31, 2025 5:08 PM",Maximum Speed Limits - Freeways,Not Applicable,Not Applicable,1,Traffic Citation
40.1271381,-77.748752,"Thursday, January 1, 2026 4:38 PM",Maximum Speed Limits - Freeways,Not Applicable,Not Applicable,2,Traffic Citation
40.1272502,-76.792389,"Friday, May 29, 2026 9:30 PM",Maximum Speed Limits - Freeways,Not Applicable,Not Applicable,2,Traffic Citation
40.1274746,-78.518583,"Thursday, July 3, 2025 7:43 PM",Maximum Speed Limits - Freeways,Not Applicable,Not Applicable,1,Traffic Citation
40.1275643,-78.518562,"Friday, November 28, 2025 1:03 PM",Maximum Speed Limits - Freeways,Not Applicable,Not Applicable,1,Traffic Citation
40.1275874,-77.747325,"Friday, August 1, 2025 11:30 AM",Maximum Speed Limits - Freeways,Not Applicable,Not Applicable,1,Traffic Citation
40.1276027,-77.351781,"Sunday, August 31, 2025 11:04 AM",Maximum Speed Limits - Freeways,Not Applicable,Not Applicable,1,Traffic Citation
40.1276051,-77.747283,"Sunday, January 11, 2026 10:45 AM",Maximum Speed Limits - Freeways,Not Applicable,Not Applicable,1,Traffic Citation
40.1276217,-77.747243,"Sunday, January 11, 2026 1:36 PM",Maximum Speed Limits - Freeways,Not Applicable,Not Applicable,1,Traffic Citation
40.1276341,-77.747214,"Thursday, July 3, 2025 1:43 PM",Maximum Speed Limits - Freeways,Not Applicable,Not Applicable,1,Traffic Citation
40.1276432,-77.747193,"Saturday, November 8, 2025 10:21 AM",Maximum Speed Limits - Freeways,Not Applicable,Not Applicable,1,Traffic Citation
40.1276435,-77.74744,"Friday, July 11, 2025 10:32 AM",Maximum Speed Limits - Freeways,Not Applicable,Not Applicable,1,Traffic Citation
40.1276554,-77.747411,"Sunday, September 14, 2025 11:01 AM",Maximum Speed Limits - Freeways,Not Applicable,Not Applicable,1,Traffic Citation
40.1276594,-77.747402,"Sunday, March 15, 2026 10:33 AM",Maximum Speed Limits - Freeways,Not Applicable,Not Applicable,1,Traffic Citation
40.1276629,-77.747393,"Thursday, July 3, 2025 10:34 AM",Maximum Speed Limits - Freeways,Not Applicable,Not Applicable,1,Traffic Citation
40.1276737,-77.747121,"Sunday, September 14, 2025 12:47 PM",Maximum Speed Limits - Freeways,Not Applicable,Not Applicable,1,Traffic Citation
40.1276761,-77.747115,"Saturday, September 27, 2025 11:04 AM",Maximum Speed Limits - Freeways,Not Applicable,Not Applicable,1,Traffic Citation
40.1276918,-77.747326,"Sunday, October 19, 2025 10:53 AM",Maximum Speed Limits - Freeways,Not Applicable,Not Applicable,1,Traffic Citation
40.1276934,-77.747322,"Tuesday, July 22, 2025 1:41 PM",Maximum Speed Limits - Freeways,Not Applicable,Not Applicable,1,Traffic Citation
40.1276951,-77.747318,"Tuesday, July 22, 2025 11:22 AM",Maximum Speed Limits - Freeways,Not Applicable,Not Applicable,1,Traffic Citation
40.1276955,-77.747317,"Saturday, November 15, 2025 10:04 AM",Maximum Speed Limits - Freeways,Not Applicable,Not Applicable,1,Traffic Citation
40.1277011,-77.747304,"Wednesday, August 6, 2025 12:27 PM",Maximum Speed Limits - Freeways,Not Applicable,Not Applicable,1,Traffic Citation
40.1277016,-77.747303,"Saturday, October 18, 2025 1:33 PM",Maximum Speed Limits - Freeways,Not Applicable,Not Applicable,1,Traffic Citation
40.1277018,-77.747054,"Friday, August 1, 2025 1:30 PM",Maximum Speed Limits - Freeways,Not Applicable,Not Applicable,1,Traffic Citation
40.127713,-77.747277,"Saturday, October 18, 2025 10:51 AM",Maximum Speed Limits - Freeways,Not Applicable,Not Applicable,1,Traffic Citation
40.1277381,-76.515479,"Tuesday, May 19, 2026 9:19 PM",Maximum Speed Limits - Freeways,Not Applicable,Not Applicable,1,Traffic Citation
40.1277396,-77.747215,"Sunday, March 15, 2026 12:31 PM",Maximum Speed Limits - Freeways,Not Applicable,Not Applicable,1,Traffic Citation
40.1277546,-77.74718,"Friday, August 15, 2025 5:09 PM",Maximum Speed Limits - Freeways,Not Applicable,Not Applicable,2,Traffic Citation
40.1277564,-77.747176,"Saturday, October 25, 2025 4:43 PM",Maximum Speed Limits - Freeways,Not Applicable,Not Applicable,1,Traffic Citation
40.1277605,-77.747166,"Sunday, October 19, 2025 12:56 PM",Maximum Speed Limits - Freeways,Not Applicable,Not Applicable,1,Traffic Citation
40.1277689,-77.747147,"Friday, November 7, 2025 11:11 AM",Maximum Speed Limits - Freeways,Not Applicable,Not Applicable,1,Traffic Citation
40.1277703,-77.747144,"Sunday, July 6, 2025 1:11 PM",Maximum Speed Limits - Freeways,Not Applicable,Not Applicable,1,Traffic Citation
40.12778,-76.511928,"Thursday, May 21, 2026 8:39 PM",Maximum Speed Limits - Freeways,Not Applicable,Not Applicable,1,Traffic Citation
40.1281692,-78.518426,"Monday, May 25, 2026 1:07 PM",Maximum Speed Limits - Freeways,Not Applicable,Not Applicable,1,Traffic Citation
40.1282175,-76.508242,"Friday, April 10, 2026 12:32 AM",Maximum Speed Limits - Freeways,Not Applicable,Not Applicable,1,Traffic Citation
40.1282828,-77.746044,"Friday, March 27, 2026 5:59 PM",Maximum Speed Limits - Freeways,Not Applicable,Not Applicable,1,Traffic Citation
40.1282946,-76.793002,"Tuesday, November 18, 2025 1:35 AM",Maximum Speed Limits - Freeways,Not Applicable,Not Applicable,1,Traffic Citation
40.1283093,-76.507512,"Friday, April 10, 2026 1:13 AM",Maximum Speed Limits - Freeways,Not Applicable,Not Applicable,1,Traffic Citation
40.1283621,-76.507092,"Thursday, May 21, 2026 8:12 PM",Maximum Speed Limits - Freeways,Not Applicable,Not Applicable,1,Traffic Citation
40.1283862,-76.506901,"Thursday, April 9, 2026 10:27 PM",Maximum Speed Limits - Freeways,Not Applicable,Not Applicable,1,Traffic Citation
40.1284309,-75.214826,"Saturday, August 30, 2025 11:30 AM",Maximum Speed Limits - Freeways,Not Applicable,Not Applicable,2,Traffic Citation
40.1284377,-75.214798,"Saturday, July 5, 2025 6:46 AM",Maximum Speed Limits - Freeways,Not Applicable,Not Applicable,1,Traffic Citation
40.1284427,-76.506452,"Thursday, April 9, 2026 11:22 PM",Maximum Speed Limits - Freeways,Not Applicable,Not Applicable,1,Traffic Citation
40.1284589,-76.506323,"Thursday, April 9, 2026 9:55 PM",Maximum Speed Limits - Freeways,Not Applicable,Not Applicable,1,Traffic Citation
40.1284966,-76.506025,"Friday, April 10, 2026 1:45 AM",Maximum Speed Limits - Freeways,Not Applicable,Not Applicable,1,Traffic Citation
40.1285573,-77.350829,"Friday, November 28, 2025 6:24 PM",Maximum Speed Limits - Freeways,Not Applicable,Not Applicable,2,Traffic Citation
40.1286718,-79.924595,"Tuesday, September 30, 2025 9:16 AM",Maximum Speed Limits - Freeways,Not Applicable,Not Applicable,1,Traffic Citation
40.1288231,-76.522276,"Wednesday, April 22, 2026 10:36 PM",Maximum Speed Limits - Freeways,Not Applicable,Not Applicable,1,Traffic Citation
40.1288536,-76.503247,"Thursday, April 9, 2026 11:39 PM",Maximum Speed Limits - Freeways,Not Applicable,Not Applicable,1,Traffic Citation
40.1289071,-76.502819,"Sunday, July 6, 2025 12:27 PM",Maximum Speed Limits - Freeways,Not Applicable,Not Applicable,1,Traffic Citation
40.1289529,-78.51825,"Tuesday, June 30, 2026 7:23 PM",Maximum Speed Limits - Freeways,Not Applicable,Not Applicable,1,Traffic Citation
40.1289765,-75.788812,"Friday, July 4, 2025 11:35 AM",Maximum Speed Limits - Freeways,Not Applicable,Not Applicable,1,Traffic Citation
40.1290451,-78.51823,"Saturday, January 3, 2026 3:38 PM",Maximum Speed Limits - Freeways,Not Applicable,Not Applicable,1,Traffic Citation
40.129057,-76.523432,"Thursday, November 27, 2025 6:48 AM",Maximum Speed Limits - Freeways,Not Applicable,Not Applicable,1,Traffic Citation
40.1290692,-80.358675,"Thursday, July 3, 2025 2:25 PM",Maximum Speed Limits - Freeways,Not Applicable,Not Applicable,1,Traffic Citation
40.1292811,-76.501658,"Wednesday, May 20, 2026 6:28 PM",Maximum Speed Limits - Freeways,Not Applicable,Not Applicable,1,Traffic Citation
40.1293418,-77.348854,"Saturday, April 25, 2026 5:40 AM",Maximum Speed Limits - Freeways,Not Applicable,Not Applicable,1,Traffic Citation
40.1293496,-77.34884,"Saturday, April 25, 2026 3:41 AM",Maximum Speed Limits - Freeways,Not Applicable,Not Applicable,2,Traffic Citation
40.1294158,-76.498751,"Friday, April 10, 2026 12:02 AM",Maximum Speed Limits - Freeways,Not Applicable,Not Applicable,1,Traffic Citation
40.1295345,-78.51812,"Friday, November 28, 2025 8:52 AM",Maximum Speed Limits - Freeways,Not Applicable,Not Applicable,1,Traffic Citation
40.1295845,-76.49741,"Friday, April 10, 2026 12:50 AM",Maximum Speed Limits - Freeways,Not Applicable,Not Applicable,1,Traffic Citation
40.1297291,-76.480993,"Thursday, April 9, 2026 10:22 PM",Maximum Speed Limits - Freeways,Not Applicable,Not Applicable,1,Traffic Citation
40.129838,-76.527362,"Wednesday, April 22, 2026 11:14 PM",Maximum Speed Limits - Freeways,Not Applicable,Not Applicable,1,Traffic Citation
40.1298406,-76.527375,"Wednesday, April 22, 2026 11:56 PM",Maximum Speed Limits - Freeways,Not Applicable,Not Applicable,1,Traffic Citation
40.1299102,-76.52772,"Wednesday, April 22, 2026 9:28 PM",Maximum Speed Limits - Freeways,Not Applicable,Not Applicable,1,Traffic Citation
40.1300842,-76.528571,"Wednesday, April 22, 2026 9:45 PM",Maximum Speed Limits - Freeways,Not Applicable,Not Applicable,2,Traffic Citation
40.1301008,-76.528651,"Wednesday, April 22, 2026 8:57 PM",Maximum Speed Limits - Freeways,Not Applicable,Not Applicable,1,Traffic Citation
40.1301274,-76.528778,"Wednesday, April 22, 2026 10:15 PM",Maximum Speed Limits - Freeways,Not Applicable,Not Applicable,1,Traffic Citation
40.1301484,-76.528884,"Wednesday, April 22, 2026 11:33 PM",Maximum Speed Limits - Freeways,Not Applicable,Not Applicable,1,Traffic Citation
40.130206,-76.794737,"Wednesday, October 1, 2025 1:47 AM",Maximum Speed Limits - Freeways,Not Applicable,Not Applicable,1,Traffic Citation
40.1304825,-76.530579,"Thursday, April 9, 2026 9:41 PM",Maximum Speed Limits - Freeways,Not Applicable,Not Applicable,1,Traffic Citation
40.1305934,-76.488351,"Thursday, May 21, 2026 11:17 PM",Maximum Speed Limits - Freeways,Not Applicable,Not Applicable,1,Traffic Citation
40.1305969,-77.347106,"Tuesday, December 30, 2025 12:36 AM",Maximum Speed Limits - Freeways,Not Applicable,Not Applicable,1,Traffic Citation
40.1306046,-76.531162,"Thursday, April 9, 2026 9:09 PM",Maximum Speed Limits - Freeways,Not Applicable,Not Applicable,1,Traffic Citation
40.130663,-78.517866,"Saturday, July 5, 2025 6:27 PM",Maximum Speed Limits - Freeways,Not Applicable,Not Applicable,1,Traffic Citation
40.1306933,-77.346931,"Friday, July 4, 2025 4:21 PM",Maximum Speed Limits - Freeways,Not Applicable,Not Applicable,1,Traffic Citation
40.1308745,-75.202664,"Monday, August 4, 2025 1:01 PM",Maximum Speed Limits - Freeways,Not Applicable,Not Applicable,1,Traffic Citation
40.1311616,-76.796117,"Friday, November 28, 2025 5:10 PM",Maximum Speed Limits - Freeways,Not Applicable,Not Applicable,1,Traffic Citation
40.1312893,-77.345831,"Saturday, May 30, 2026 3:45 PM",Maximum Speed Limits - Freeways,Not Applicable,Not Applicable,1,Traffic Citation
40.1313569,-75.200896,"Sunday, February 15, 2026 10:32 AM",Maximum Speed Limits - Freeways,Not Applicable,Not Applicable,2,Traffic Citation
40.1315014,-79.408815,"Monday, March 9, 2026 10:12 AM",Maximum Speed Limits - Freeways,Not Applicable,Not Applicable,2,Traffic Citation
40.1317733,-77.344402,"Wednesday, December 31, 2025 8:33 PM",Maximum Speed Limits - Freeways,Not Applicable,Not Applicable,1,Traffic Citation
40.1318335,-76.796992,"Sunday, August 31, 2025 9:41 AM",Maximum Speed Limits - Freeways,Not Applicable,Not Applicable,1,Traffic Citation
40.1324862,-77.739726,"Sunday, September 7, 2025 11:21 AM",Maximum Speed Limits - Freeways,Not Applicable,Not Applicable,1,Traffic Citation
40.1326777,-76.797786,"Tuesday, September 30, 2025 10:28 PM",Maximum Speed Limits - Freeways,Not Applicable,Not Applicable,1,Traffic Citation
40.1328127,-75.193508,"Friday, October 31, 2025 6:06 PM",Maximum Speed Limits - Freeways,Not Applicable,Not Applicable,4,Traffic Citation
40.1333401,-77.340951,"Saturday, April 4, 2026 12:48 AM",Maximum Speed Limits - Freeways,Not Applicable,Not Applicable,1,Traffic Citation
40.1334508,-75.189773,"Sunday, July 6, 2025 11:12 AM",Maximum Speed Limits - Freeways,Not Applicable,Not Applicable,1,Traffic Citation
40.1334546,-75.189754,"Monday, September 1, 2025 11:17 AM",Maximum Speed Limits - Freeways,Not Applicable,Not Applicable,1,Traffic Citation
40.1335066,-77.34118,"Sunday, August 31, 2025 10:48 AM",Maximum Speed Limits - Freeways,Not Applicable,Not Applicable,1,Traffic Citation
40.1337081,-77.340731,"Saturday, July 5, 2025 6:10 PM",Maximum Speed Limits - Freeways,Not Applicable,Not Applicable,1,Traffic Citation
40.133812,-75.187996,"Thursday, January 1, 2026 11:36 AM",Maximum Speed Limits - Freeways,Not Applicable,Not Applicable,2,Traffic Citation
40.1338842,-74.981481,"Wednesday, March 4, 2026 12:57 PM",Maximum Speed Limits - Freeways,Not Applicable,Not Applicable,3,Traffic Citation
40.1339203,-76.799554,"Wednesday, December 31, 2025 9:17 PM",Maximum Speed Limits - Freeways,Not Applicable,Not Applicable,1,Traffic Citation
40.1339553,-78.51684,"Saturday, August 9, 2025 8:40 AM",Maximum Speed Limits - Freeways,Not Applicable,Not Applicable,1,Traffic Citation
40.1344885,-76.543186,"Tuesday, May 19, 2026 11:32 PM",Maximum Speed Limits - Freeways,Not Applicable,Not Applicable,1,Traffic Citation
40.1345602,-80.208055,"Thursday, August 28, 2025 9:29 AM",Maximum Speed Limits - Freeways,Not Applicable,Not Applicable,1,Traffic Citation
40.1346951,-78.516485,"Thursday, July 3, 2025 7:19 PM",Maximum Speed Limits - Freeways,Not Applicable,Not Applicable,1,Traffic Citation
40.1347048,-77.338118,"Sunday, March 15, 2026 1:09 PM",Maximum Speed Limits - Freeways,Not Applicable,Not Applicable,2,Traffic Citation
40.1347577,-76.80064,"Wednesday, October 1, 2025 9:47 PM",Maximum Speed Limits - Freeways,Not Applicable,Not Applicable,1,Traffic Citation
40.1348523,-74.986983,"Monday, April 13, 2026 7:41 PM",Maximum Speed Limits - Freeways,Not Applicable,Not Applicable,1,Traffic Citation
40.1350127,-78.516323,"Saturday, July 5, 2025 5:27 PM",Maximum Speed Limits - Freeways,Not Applicable,Not Applicable,1,Traffic Citation
40.1350196,-75.182455,"Monday, May 25, 2026 4:00 PM",Maximum Speed Limits - Freeways,Not Applicable,Not Applicable,1,Traffic Citation
40.1351769,-78.51624,"Thursday, July 3, 2025 5:27 PM",Maximum Speed Limits - Freeways,Not Applicable,Not Applicable,1,Traffic Citation
40.1352074,-74.988557,"Saturday, July 5, 2025 7:08 AM",Maximum Speed Limits - Freeways,Not Applicable,Not Applicable,2,Traffic Citation
40.1353114,-77.337646,"Tuesday, March 24, 2026 12:36 AM",Maximum Speed Limits - Freeways,Not Applicable,Not Applicable,1,Traffic Citation
40.1353863,-75.180606,"Sunday, February 15, 2026 8:58 AM",Maximum Speed Limits - Freeways,Not Applicable,Not Applicable,2,Traffic Citation
40.1357891,-76.802155,"Friday, December 26, 2025 2:05 PM",Maximum Speed Limits - Freeways,Not Applicable,Not Applicable,1,Traffic Citation
40.1361092,-77.336492,"Sunday, March 15, 2026 2:01 PM",Maximum Speed Limits - Freeways,Not Applicable,Not Applicable,1,Traffic Citation
40.1361826,-78.515724,"Friday, July 4, 2025 8:22 AM",Maximum Speed Limits - Freeways,Not Applicable,Not Applicable,1,Traffic Citation
40.1362087,-76.802545,"Thursday, October 9, 2025 12:48 AM",Maximum Speed Limits - Freeways,Not Applicable,Not Applicable,1,Traffic Citation
40.1362181,-77.336337,"Saturday, April 4, 2026 10:38 AM",Maximum Speed Limits - Freeways,Not Applicable,Not Applicable,1,Traffic Citation
40.1363687,-76.802917,"Saturday, June 6, 2026 8:52 PM",Maximum Speed Limits - Freeways,Not Applicable,Not Applicable,1,Traffic Citation
40.1366551,-79.923514,"Thursday, May 7, 2026 9:08 AM",Maximum Speed Limits - Freeways,Not Applicable,Not Applicable,1,Traffic Citation
40.1368334,-77.335452,"Saturday, April 4, 2026 10:15 AM",Maximum Speed Limits - Freeways,Not Applicable,Not Applicable,1,Traffic Citation
40.1368816,-79.923558,"Wednesday, August 6, 2025 6:30 AM",Maximum Speed Limits - Freeways,Not Applicable,Not Applicable,1,Traffic Citation
40.1369572,-77.335275,"Monday, September 29, 2025 1:45 PM",Maximum Speed Limits - Freeways,Not Applicable,Not Applicable,1,Traffic Citation
40.1370845,-75.797999,"Tuesday, February 24, 2026 10:12 AM",Maximum Speed Limits - Freeways,Not Applicable,Not Applicable,1,Traffic Citation
40.1371101,-75.798038,"Wednesday, April 22, 2026 7:00 PM",Maximum Speed Limits - Freeways,Not Applicable,Not Applicable,1,Traffic Citation
40.1373823,-78.515112,"Saturday, January 3, 2026 4:06 PM",Maximum Speed Limits - Freeways,Not Applicable,Not Applicable,1,Traffic Citation
40.1374353,-78.515085,"Saturday, September 20, 2025 9:12 AM",Maximum Speed Limits - Freeways,Not Applicable,Not Applicable,1,Traffic Citation
40.1374572,-77.334553,"Monday, February 16, 2026 8:40 PM",Maximum Speed Limits - Freeways,Not Applicable,Not Applicable,1,Traffic Citation
40.1376424,-76.804577,"Friday, May 29, 2026 10:51 PM",Maximum Speed Limits - Freeways,Not Applicable,Not Applicable,2,Traffic Citation
40.137727,-77.334144,"Sunday, December 28, 2025 9:12 PM",Maximum Speed Limits - Freeways,Not Applicable,Not Applicable,1,Traffic Citation
40.1377621,-75.288276,"Tuesday, November 11, 2025 10:06 PM",Maximum Speed Limits - Freeways,Not Applicable,Not Applicable,1,Traffic Citation
40.1380172,-78.514788,"Monday, September 1, 2025 2:45 PM",Maximum Speed Limits - Freeways,Not Applicable,Not Applicable,1,Traffic Citation
40.1380643,-77.333599,"Sunday, November 30, 2025 1:45 AM",Maximum Speed Limits - Freeways,Not Applicable,Not Applicable,1,Traffic Citation
40.1380888,-76.805159,"Saturday, February 14, 2026 5:12 PM",Maximum Speed Limits - Freeways,Not Applicable,Not Applicable,1,Traffic Citation
40.138101,-77.333537,"Monday, March 16, 2026 6:04 AM",Maximum Speed Limits - Freeways,Not Applicable,Not Applicable,2,Traffic Citation
40.1381644,-78.514713,"Saturday, August 30, 2025 7:48 PM",Maximum Speed Limits - Freeways,Not Applicable,Not Applicable,1,Traffic Citation
40.1382298,-78.514679,"Saturday, January 3, 2026 9:38 AM",Maximum Speed Limits - Freeways,Not Applicable,Not Applicable,1,Traffic Citation
40.1382807,-78.514653,"Thursday, January 1, 2026 3:26 PM",Maximum Speed Limits - Freeways,Not Applicable,Not Applicable,1,Traffic Citation
40.1383701,-79.924149,"Tuesday, September 30, 2025 8:57 AM",Maximum Speed Limits - Freeways,Not Applicable,Not Applicable,1,Traffic Citation
40.1383904,-78.514596,"Saturday, January 3, 2026 8:01 AM",Maximum Speed Limits - Freeways,Not Applicable,Not Applicable,1,Traffic Citation
40.1384067,-77.732087,"Friday, May 15, 2026 10:29 AM",Maximum Speed Limits - Freeways,Not Applicable,Not Applicable,1,Traffic Citation
40.1384155,-78.514583,"Tuesday, November 18, 2025 10:50 AM",Maximum Speed Limits - Freeways,Not Applicable,Not Applicable,1,Traffic Citation
40.1384435,-78.514569,"Friday, August 29, 2025 7:56 PM",Maximum Speed Limits - Freeways,Not Applicable,Not Applicable,1,Traffic Citation
40.1384451,-79.923851,"Tuesday, April 21, 2026 5:27 AM",Maximum Speed Limits - Freeways,Not Applicable,Not Applicable,1,Traffic Citation
40.1384935,-78.514543,"Saturday, August 30, 2025 6:06 PM",Maximum Speed Limits - Freeways,Not Applicable,Not Applicable,1,Traffic Citation
40.138541,-78.514519,"Saturday, August 30, 2025 3:34 PM",Maximum Speed Limits - Freeways,Not Applicable,Not Applicable,1,Traffic Citation
40.1385558,-78.514511,"Saturday, August 30, 2025 3:20 PM",Maximum Speed Limits - Freeways,Not Applicable,Not Applicable,1,Traffic Citation
40.1385813,-78.514498,"Saturday, January 3, 2026 4:56 PM",Maximum Speed Limits - Freeways,Not Applicable,Not Applicable,2,Traffic Citation
40.1386752,-78.51445,"Saturday, January 17, 2026 8:24 AM",Maximum Speed Limits - Freeways,Not Applicable,Not Applicable,1,Traffic Citation
40.1386759,-78.514449,"Saturday, August 30, 2025 2:22 PM",Maximum Speed Limits - Freeways,Not Applicable,Not Applicable,1,Traffic Citation
40.1387308,-78.514421,"Saturday, January 3, 2026 9:02 PM",Maximum Speed Limits - Freeways,Not Applicable,Not Applicable,1,Traffic Citation
40.1387734,-78.514399,"Saturday, August 30, 2025 5:51 PM",Maximum Speed Limits - Freeways,Not Applicable,Not Applicable,2,Traffic Citation
40.1387908,-78.51439,"Thursday, July 3, 2025 6:10 PM",Maximum Speed Limits - Freeways,Not Applicable,Not Applicable,2,Traffic Citation
40.1388043,-76.806092,"Monday, June 29, 2026 10:50 PM",Maximum Speed Limits - Freeways,Not Applicable,Not Applicable,1,Traffic Citation
40.1388924,-78.514335,"Tuesday, February 10, 2026 4:55 PM",Maximum Speed Limits - Freeways,Not Applicable,Not Applicable,1,Traffic Citation
40.1389603,-78.514299,"Tuesday, November 18, 2025 10:11 AM",Maximum Speed Limits - Freeways,Not Applicable,Not Applicable,1,Traffic Citation
40.138971,-78.514293,"Monday, March 9, 2026 7:12 PM",Maximum Speed Limits - Freeways,Not Applicable,Not Applicable,2,Traffic Citation
40.1390263,-78.514264,"Monday, March 23, 2026 10:36 AM",Maximum Speed Limits - Freeways,Not Applicable,Not Applicable,1,Traffic Citation
40.1391419,-78.514205,"Thursday, December 11, 2025 4:12 PM",Maximum Speed Limits - Freeways,Not Applicable,Not Applicable,1,Traffic Citation
40.1391687,-78.514192,"Thursday, July 10, 2025 7:38 AM",Maximum Speed Limits - Freeways,Not Applicable,Not Applicable,1,Traffic Citation
40.1392189,-78.514166,"Friday, August 29, 2025 4:29 PM",Maximum Speed Limits - Freeways,Not Applicable,Not Applicable,1,Traffic Citation
40.1392888,-77.331406,"Saturday, March 28, 2026 7:56 AM",Maximum Speed Limits - Freeways,Not Applicable,Not Applicable,1,Traffic Citation
40.1392944,-76.806573,"Saturday, December 20, 2025 7:58 PM",Maximum Speed Limits - Freeways,Not Applicable,Not Applicable,1,Traffic Citation
40.1393152,-78.514118,"Tuesday, March 10, 2026 12:42 PM",Maximum Speed Limits - Freeways,Not Applicable,Not Applicable,1,Traffic Citation
40.1393254,-78.514113,"Friday, August 29, 2025 7:14 PM",Maximum Speed Limits - Freeways,Not Applicable,Not Applicable,1,Traffic Citation
40.1393717,-77.331151,"Saturday, April 4, 2026 11:03 AM",Maximum Speed Limits - Freeways,Not Applicable,Not Applicable,1,Traffic Citation
40.1393836,-77.33123,"Saturday, March 28, 2026 8:18 AM",Maximum Speed Limits - Freeways,Not Applicable,Not Applicable,1,Traffic Citation
40.1393957,-78.514077,"Monday, March 9, 2026 8:19 PM",Maximum Speed Limits - Freeways,Not Applicable,Not Applicable,1,Traffic Citation
40.1394112,-77.331179,"Monday, July 21, 2025 4:19 PM",Maximum Speed Limits - Freeways,Not Applicable,Not Applicable,1,Traffic Citation
40.1394364,-78.514056,"Saturday, April 4, 2026 3:42 PM",Maximum Speed Limits - Freeways,Not Applicable,Not Applicable,2,Traffic Citation
40.1394674,-78.514041,"Saturday, January 3, 2026 8:39 PM",Maximum Speed Limits - Freeways,Not Applicable,Not Applicable,1,Traffic Citation
40.1394761,-78.514036,"Sunday, August 31, 2025 1:11 PM",Maximum Speed Limits - Freeways,Not Applicable,Not Applicable,1,Traffic Citation
40.1394825,-78.514033,"Friday, January 2, 2026 8:27 AM",Maximum Speed Limits - Freeways,Not Applicable,Not Applicable,1,Traffic Citation
40.1394875,-77.33104,"Friday, November 28, 2025 1:11 PM",Maximum Speed Limits - Freeways,Not Applicable,Not Applicable,1,Traffic Citation
40.1395041,-78.514022,"Saturday, August 30, 2025 2:52 PM",Maximum Speed Limits - Freeways,Not Applicable,Not Applicable,1,Traffic Citation
40.1395242,-78.514012,"Monday, September 1, 2025 1:40 PM",Maximum Speed Limits - Freeways,Not Applicable,Not Applicable,1,Traffic Citation
40.139534,-78.514007,"Saturday, August 30, 2025 5:29 PM",Maximum Speed Limits - Freeways,Not Applicable,Not Applicable,1,Traffic Citation
40.1395422,-78.514003,"Friday, April 3, 2026 8:03 AM",Maximum Speed Limits - Freeways,Not Applicable,Not Applicable,1,Traffic Citation
40.1395691,-78.513989,"Sunday, August 10, 2025 1:02 PM",Maximum Speed Limits - Freeways,Not Applicable,Not Applicable,1,Traffic Citation
40.1395908,-75.288728,"Saturday, April 4, 2026 8:00 AM",Maximum Speed Limits - Freeways,Not Applicable,Not Applicable,1,Traffic Citation
40.1395961,-76.806967,"Wednesday, March 25, 2026 4:09 PM",Maximum Speed Limits - Freeways,Not Applicable,Not Applicable,1,Traffic Citation
40.1396127,-78.513967,"Friday, July 25, 2025 7:46 AM",Maximum Speed Limits - Freeways,Not Applicable,Not Applicable,1,Traffic Citation
40.1396297,-78.513959,"Saturday, February 21, 2026 9:54 AM",Maximum Speed Limits - Freeways,Not Applicable,Not Applicable,2,Traffic Citation
40.1396316,-78.513958,"Tuesday, June 16, 2026 1:04 PM",Maximum Speed Limits - Freeways,Not Applicable,Not Applicable,1,Traffic Citation
40.1396649,-78.513941,"Monday, July 7, 2025 5:50 PM",Maximum Speed Limits - Freeways,Not Applicable,Not Applicable,1,Traffic Citation
40.1396755,-78.513936,"Saturday, July 5, 2025 5:08 PM",Maximum Speed Limits - Freeways,Not Applicable,Not Applicable,1,Traffic Citation
40.1396891,-75.802559,"Friday, August 29, 2025 6:45 PM",Maximum Speed Limits - Freeways,Not Applicable,Not Applicable,1,Traffic Citation
40.1397047,-78.513921,"Friday, April 3, 2026 1:25 PM",Maximum Speed Limits - Freeways,Not Applicable,Not Applicable,1,Traffic Citation
40.139706,-77.330119,"Wednesday, September 24, 2025 12:51 AM",Maximum Speed Limits - Freeways,Not Applicable,Not Applicable,1,Traffic Citation
40.1397107,-78.513918,"Tuesday, March 24, 2026 1:58 PM",Maximum Speed Limits - Freeways,Not Applicable,Not Applicable,1,Traffic Citation
40.1397234,-78.513912,"Friday, December 26, 2025 11:53 AM",Maximum Speed Limits - Freeways,Not Applicable,Not Applicable,1,Traffic Citation
40.1397239,-78.513911,"Tuesday, July 29, 2025 12:26 PM",Maximum Speed Limits - Freeways,Not Applicable,Not Applicable,1,Traffic Citation
40.1397277,-76.80714,"Tuesday, July 22, 2025 4:28 PM",Maximum Speed Limits - Freeways,Not Applicable,Not Applicable,1,Traffic Citation
40.1397529,-78.513897,"Wednesday, December 31, 2025 8:00 AM",Maximum Speed Limits - Freeways,Not Applicable,Not Applicable,1,Traffic Citation
40.1397627,-78.513892,"Monday, June 15, 2026 7:47 PM",Maximum Speed Limits - Freeways,Not Applicable,Not Applicable,1,Traffic Citation
40.1397752,-78.513885,"Tuesday, December 16, 2025 5:01 PM",Maximum Speed Limits - Freeways,Not Applicable,Not Applicable,1,Traffic Citation
40.1397789,-78.513883,"Friday, April 3, 2026 8:31 AM",Maximum Speed Limits - Freeways,Not Applicable,Not Applicable,1,Traffic Citation
40.1397838,-78.513881,"Tuesday, March 24, 2026 1:26 PM",Maximum Speed Limits - Freeways,Not Applicable,Not Applicable,1,Traffic Citation
40.1398116,-78.513867,"Sunday, March 22, 2026 9:26 AM",Maximum Speed Limits - Freeways,Not Applicable,Not Applicable,1,Traffic Citation
40.1398268,-78.513859,"Saturday, December 13, 2025 9:11 AM",Maximum Speed Limits - Freeways,Not Applicable,Not Applicable,1,Traffic Citation
40.1398294,-78.513858,"Saturday, May 16, 2026 1:18 PM",Maximum Speed Limits - Freeways,Not Applicable,Not Applicable,1,Traffic Citation
40.1398321,-78.513857,"Friday, July 11, 2025 7:14 PM",Maximum Speed Limits - Freeways,Not Applicable,Not Applicable,1,Traffic Citation
40.1398387,-78.513853,"Monday, March 23, 2026 11:39 AM",Maximum Speed Limits - Freeways,Not Applicable,Not Applicable,1,Traffic Citation
40.1398552,-78.513845,"Friday, January 2, 2026 12:40 PM",Maximum Speed Limits - Freeways,Not Applicable,Not Applicable,1,Traffic Citation
40.139864,-77.330354,"Saturday, March 28, 2026 8:41 AM",Maximum Speed Limits - Freeways,Not Applicable,Not Applicable,1,Traffic Citation
40.1398803,-78.513832,"Friday, August 29, 2025 3:39 PM",Maximum Speed Limits - Freeways,Not Applicable,Not Applicable,1,Traffic Citation
40.1399079,-78.513818,"Sunday, August 31, 2025 12:29 PM",Maximum Speed Limits - Freeways,Not Applicable,Not Applicable,1,Traffic Citation
40.1399135,-78.513815,"Friday, January 2, 2026 1:30 PM",Maximum Speed Limits - Freeways,Not Applicable,Not Applicable,1,Traffic Citation
40.1399412,-78.513802,"Wednesday, December 31, 2025 12:42 PM",Maximum Speed Limits - Freeways,Not Applicable,Not Applicable,1,Traffic Citation
40.1399493,-78.513797,"Saturday, August 30, 2025 4:35 PM",Maximum Speed Limits - Freeways,Not Applicable,Not Applicable,1,Traffic Citation
40.1399539,-78.513795,"Friday, April 3, 2026 9:49 AM",Maximum Speed Limits - Freeways,Not Applicable,Not Applicable,1,Traffic Citation
40.1399915,-78.513776,"Saturday, August 30, 2025 4:04 PM",Maximum Speed Limits - Freeways,Not Applicable,Not Applicable,1,Traffic Citation
40.139997,-78.513773,"Saturday, May 16, 2026 12:44 PM",Maximum Speed Limits - Freeways,Not Applicable,Not Applicable,1,Traffic Citation
40.1400086,-78.513767,"Sunday, May 10, 2026 2:09 PM",Maximum Speed Limits - Freeways,Not Applicable,Not Applicable,1,Traffic Citation
40.1400137,-78.513765,"Saturday, August 30, 2025 4:49 PM",Maximum Speed Limits - Freeways,Not Applicable,Not Applicable,1,Traffic Citation
40.1400235,-78.51376,"Thursday, February 19, 2026 1:26 PM",Maximum Speed Limits - Freeways,Not Applicable,Not Applicable,1,Traffic Citation
40.1400931,-78.513725,"Sunday, July 6, 2025 12:39 PM",Maximum Speed Limits - Freeways,Not Applicable,Not Applicable,1,Traffic Citation
40.1401237,-78.513709,"Tuesday, June 30, 2026 12:44 PM",Maximum Speed Limits - Freeways,Not Applicable,Not Applicable,1,Traffic Citation
40.1401567,-77.329817,"Saturday, March 28, 2026 10:51 AM",Maximum Speed Limits - Freeways,Not Applicable,Not Applicable,1,Traffic Citation
40.140167,-78.513687,"Tuesday, February 24, 2026 4:31 PM",Maximum Speed Limits - Freeways,Not Applicable,Not Applicable,1,Traffic Citation
40.1401796,-78.513681,"Monday, September 1, 2025 3:19 PM",Maximum Speed Limits - Freeways,Not Applicable,Not Applicable,1,Traffic Citation
40.1402051,-78.513668,"Saturday, August 30, 2025 7:32 PM",Maximum Speed Limits - Freeways,Not Applicable,Not Applicable,1,Traffic Citation
40.1402305,-75.803475,"Friday, September 12, 2025 7:44 PM",Maximum Speed Limits - Freeways,Not Applicable,Not Applicable,2,Traffic Citation
40.14025,-78.513646,"Monday, September 1, 2025 10:56 AM",Maximum Speed Limits - Freeways,Not Applicable,Not Applicable,2,Traffic Citation
40.1402594,-75.289187,"Monday, November 24, 2025 10:12 PM",Maximum Speed Limits - Freeways,Not Applicable,Not Applicable,1,Traffic Citation
40.1402967,-78.513622,"Saturday, April 4, 2026 4:56 PM",Maximum Speed Limits - Freeways,Not Applicable,Not Applicable,1,Traffic Citation
40.1403176,-78.513611,"Saturday, August 30, 2025 7:15 PM",Maximum Speed Limits - Freeways,Not Applicable,Not Applicable,1,Traffic Citation
40.1403328,-78.513604,"Saturday, April 4, 2026 4:08 PM",Maximum Speed Limits - Freeways,Not Applicable,Not Applicable,1,Traffic Citation
40.140344,-78.513598,"Thursday, November 27, 2025 6:52 PM",Maximum Speed Limits - Freeways,Not Applicable,Not Applicable,1,Traffic Citation
40.140359,-78.51359,"Tuesday, July 29, 2025 11:02 AM",Maximum Speed Limits - Freeways,Not Applicable,Not Applicable,1,Traffic Citation
40.1403858,-78.513577,"Saturday, May 23, 2026 8:16 PM",Maximum Speed Limits - Freeways,Not Applicable,Not Applicable,1,Traffic Citation
40.1403924,-78.513574,"Thursday, June 4, 2026 12:35 PM",Maximum Speed Limits - Freeways,Not Applicable,Not Applicable,1,Traffic Citation
40.1403957,-78.513572,"Friday, July 18, 2025 3:43 PM",Maximum Speed Limits - Freeways,Not Applicable,Not Applicable,1,Traffic Citation
40.1404139,-78.513563,"Sunday, June 7, 2026 3:03 PM",Maximum Speed Limits - Freeways,Not Applicable,Not Applicable,1,Traffic Citation
40.1404444,-78.513547,"Wednesday, July 9, 2025 8:28 PM",Maximum Speed Limits - Freeways,Not Applicable,Not Applicable,1,Traffic Citation
40.1404529,-78.513543,"Monday, July 21, 2025 7:26 AM",Maximum Speed Limits - Freeways,Not Applicable,Not Applicable,1,Traffic Citation
40.1404543,-78.513542,"Sunday, August 31, 2025 1:26 PM",Maximum Speed Limits - Freeways,Not Applicable,Not Applicable,1,Traffic Citation
40.1404896,-78.513525,"Thursday, June 4, 2026 11:18 AM",Maximum Speed Limits - Freeways,Not Applicable,Not Applicable,1,Traffic Citation
40.140496,-78.513521,"Tuesday, March 24, 2026 12:42 PM",Maximum Speed Limits - Freeways,Not Applicable,Not Applicable,1,Traffic Citation
40.1405072,-78.513516,"Monday, March 23, 2026 1:19 PM",Maximum Speed Limits - Freeways,Not Applicable,Not Applicable,1,Traffic Citation
40.1405159,-78.513511,"Saturday, January 24, 2026 1:33 PM",Maximum Speed Limits - Freeways,Not Applicable,Not Applicable,1,Traffic Citation
40.140537,-78.513501,"Friday, December 12, 2025 8:22 PM",Maximum Speed Limits - Freeways,Not Applicable,Not Applicable,1,Traffic Citation
40.1405411,-78.513498,"Tuesday, July 8, 2025 7:57 AM",Maximum Speed Limits - Freeways,Not Applicable,Not Applicable,1,Traffic Citation
40.1405451,-78.513496,"Monday, September 1, 2025 7:56 AM",Maximum Speed Limits - Freeways,Not Applicable,Not Applicable,1,Traffic Citation
40.1405556,-78.513491,"Wednesday, November 26, 2025 12:07 PM",Maximum Speed Limits - Freeways,Not Applicable,Not Applicable,1,Traffic Citation
40.1405759,-78.513481,"Tuesday, March 24, 2026 9:55 AM",Maximum Speed Limits - Freeways,Not Applicable,Not Applicable,1,Traffic Citation
40.1405793,-78.513479,"Tuesday, March 24, 2026 7:37 AM",Maximum Speed Limits - Freeways,Not Applicable,Not Applicable,3,Traffic Citation
40.1405801,-78.513479,"Thursday, January 1, 2026 4:20 PM",Maximum Speed Limits - Freeways,Not Applicable,Not Applicable,2,Traffic Citation
40.1405802,-78.513479,"Saturday, May 23, 2026 5:01 PM",Maximum Speed Limits - Freeways,Not Applicable,Not Applicable,2,Traffic Citation
40.140596,-78.513471,"Saturday, January 17, 2026 4:14 PM",Maximum Speed Limits - Freeways,Not Applicable,Not Applicable,1,Traffic Citation
40.1406028,-78.513467,"Friday, July 25, 2025 1:26 PM",Maximum Speed Limits - Freeways,Not Applicable,Not Applicable,1,Traffic Citation
40.1406493,-76.552132,"Friday, April 10, 2026 12:16 AM",Maximum Speed Limits - Freeways,Not Applicable,Not Applicable,1,Traffic Citation
40.1406499,-77.328911,"Saturday, March 28, 2026 8:57 AM",Maximum Speed Limits - Freeways,Not Applicable,Not Applicable,1,Traffic Citation
40.1406675,-78.513435,"Saturday, February 28, 2026 5:34 PM",Maximum Speed Limits - Freeways,Not Applicable,Not Applicable,1,Traffic Citation
40.1406824,-76.552177,"Thursday, April 9, 2026 11:07 PM",Maximum Speed Limits - Freeways,Not Applicable,Not Applicable,1,Traffic Citation
40.1406922,-78.513422,"Tuesday, March 10, 2026 4:12 PM",Maximum Speed Limits - Freeways,Not Applicable,Not Applicable,1,Traffic Citation
40.1406963,-78.51342,"Wednesday, March 25, 2026 11:14 AM",Maximum Speed Limits - Freeways,Not Applicable,Not Applicable,1,Traffic Citation
40.1407612,-78.513386,"Sunday, January 4, 2026 3:39 PM",Maximum Speed Limits - Freeways,Not Applicable,Not Applicable,1,Traffic Citation
40.1407693,-78.513382,"Saturday, January 3, 2026 9:26 PM",Maximum Speed Limits - Freeways,Not Applicable,Not Applicable,1,Traffic Citation
40.1407823,-78.513375,"Sunday, January 4, 2026 2:13 PM",Maximum Speed Limits - Freeways,Not Applicable,Not Applicable,1,Traffic Citation
40.1408121,-78.51336,"Thursday, December 25, 2025 12:27 PM",Maximum Speed Limits - Freeways,Not Applicable,Not Applicable,1,Traffic Citation
40.1408237,-78.513354,"Saturday, May 23, 2026 6:53 PM",Maximum Speed Limits - Freeways,Not Applicable,Not Applicable,1,Traffic Citation
40.1408242,-78.513354,"Monday, September 1, 2025 11:57 AM",Maximum Speed Limits - Freeways,Not Applicable,Not Applicable,1,Traffic Citation
40.1408283,-78.513352,"Saturday, July 12, 2025 7:51 AM",Maximum Speed Limits - Freeways,Not Applicable,Not Applicable,1,Traffic Citation
40.1408534,-78.513339,"Monday, January 19, 2026 12:07 PM",Maximum Speed Limits - Freeways,Not Applicable,Not Applicable,1,Traffic Citation
40.1408553,-78.513338,"Wednesday, May 6, 2026 1:14 PM",Maximum Speed Limits - Freeways,Not Applicable,Not Applicable,1,Traffic Citation
40.1408587,-78.513336,"Wednesday, March 25, 2026 10:18 AM",Maximum Speed Limits - Freeways,Not Applicable,Not Applicable,1,Traffic Citation
40.1408685,-78.513331,"Thursday, May 14, 2026 8:52 AM",Maximum Speed Limits - Freeways,Not Applicable,Not Applicable,2,Traffic Citation
40.1408755,-78.513327,"Sunday, October 26, 2025 8:22 AM",Maximum Speed Limits - Freeways,Not Applicable,Not Applicable,1,Traffic Citation
40.1408855,-78.513322,"Friday, June 26, 2026 7:14 PM",Maximum Speed Limits - Freeways,Not Applicable,Not Applicable,1,Traffic Citation
40.1408901,-76.552454,"Thursday, April 9, 2026 11:27 PM",Maximum Speed Limits - Freeways,Not Applicable,Not Applicable,1,Traffic Citation
40.140891,-78.513319,"Saturday, August 30, 2025 7:55 AM",Maximum Speed Limits - Freeways,Not Applicable,Not Applicable,1,Traffic Citation
40.1408961,-75.804998,"Monday, August 25, 2025 7:38 PM",Maximum Speed Limits - Freeways,Not Applicable,Not Applicable,1,Traffic Citation
40.1408973,-78.513316,"Saturday, May 23, 2026 6:33 PM",Maximum Speed Limits - Freeways,Not Applicable,Not Applicable,1,Traffic Citation
40.140902,-78.513313,"Friday, May 22, 2026 6:15 AM",Maximum Speed Limits - Freeways,Not Applicable,Not Applicable,1,Traffic Citation
40.1409042,-78.513312,"Sunday, September 14, 2025 8:41 AM",Maximum Speed Limits - Freeways,Not Applicable,Not Applicable,1,Traffic Citation
40.1409473,-78.51329,"Wednesday, November 26, 2025 8:06 PM",Maximum Speed Limits - Freeways,Not Applicable,Not Applicable,2,Traffic Citation
40.1409637,-78.513281,"Tuesday, October 7, 2025 11:56 AM",Maximum Speed Limits - Freeways,Not Applicable,Not Applicable,3,Traffic Citation
40.1409748,-78.513275,"Saturday, May 9, 2026 10:48 AM",Maximum Speed Limits - Freeways,Not Applicable,Not Applicable,1,Traffic Citation
40.1409756,-78.513275,"Sunday, October 5, 2025 8:40 AM",Maximum Speed Limits - Freeways,Not Applicable,Not Applicable,1,Traffic Citation
40.14099,-75.80549,"Sunday, February 15, 2026 11:21 AM",Maximum Speed Limits - Freeways,Not Applicable,Not Applicable,1,Traffic Citation
40.1410929,-75.805476,"Tuesday, November 18, 2025 7:46 PM",Maximum Speed Limits - Freeways,Not Applicable,Not Applicable,1,Traffic Citation
40.141102,-78.513209,"Saturday, December 13, 2025 8:10 AM",Maximum Speed Limits - Freeways,Not Applicable,Not Applicable,1,Traffic Citation
40.1411428,-78.513188,"Monday, July 28, 2025 12:38 PM",Maximum Speed Limits - Freeways,Not Applicable,Not Applicable,1,Traffic Citation
40.1412574,-78.51313,"Tuesday, February 17, 2026 4:31 PM",Maximum Speed Limits - Freeways,Not Applicable,Not Applicable,1,Traffic Citation
40.1412636,-78.513127,"Saturday, June 6, 2026 10:24 AM",Maximum Speed Limits - Freeways,Not Applicable,Not Applicable,1,Traffic Citation
40.1412724,-78.513123,"Friday, June 26, 2026 6:56 PM",Maximum Speed Limits - Freeways,Not Applicable,Not Applicable,1,Traffic Citation
40.1412734,-78.513122,"Monday, February 2, 2026 5:20 PM",Maximum Speed Limits - Freeways,Not Applicable,Not Applicable,1,Traffic Citation
40.1412834,-77.327749,"Saturday, March 28, 2026 9:16 AM",Maximum Speed Limits - Freeways,Not Applicable,Not Applicable,1,Traffic Citation
40.1412844,-78.513117,"Saturday, January 3, 2026 2:03 PM",Maximum Speed Limits - Freeways,Not Applicable,Not Applicable,1,Traffic Citation
40.1412964,-78.51311,"Saturday, August 2, 2025 8:07 AM",Maximum Speed Limits - Freeways,Not Applicable,Not Applicable,2,Traffic Citation
40.1413174,-78.5131,"Wednesday, March 25, 2026 12:21 PM",Maximum Speed Limits - Freeways,Not Applicable,Not Applicable,1,Traffic Citation
40.1413274,-78.513095,"Sunday, August 10, 2025 1:33 PM",Maximum Speed Limits - Freeways,Not Applicable,Not Applicable,1,Traffic Citation
40.1413324,-78.513092,"Sunday, March 22, 2026 7:49 AM",Maximum Speed Limits - Freeways,Not Applicable,Not Applicable,1,Traffic Citation
40.1413452,-75.806392,"Thursday, June 4, 2026 12:32 AM",Maximum Speed Limits - Freeways,Not Applicable,Not Applicable,1,Traffic Citation
40.1413641,-78.513076,"Friday, January 2, 2026 8:57 PM",Maximum Speed Limits - Freeways,Not Applicable,Not Applicable,1,Traffic Citation
40.1413844,-78.513066,"Friday, August 29, 2025 7:24 PM",Maximum Speed Limits - Freeways,Not Applicable,Not Applicable,1,Traffic Citation
40.1414037,-78.513056,"Friday, June 26, 2026 4:40 PM",Maximum Speed Limits - Freeways,Not Applicable,Not Applicable,2,Traffic Citation
40.1414045,-78.513056,"Wednesday, August 6, 2025 3:50 PM",Maximum Speed Limits - Freeways,Not Applicable,Not Applicable,1,Traffic Citation
40.1414128,-78.513051,"Saturday, January 3, 2026 1:32 PM",Maximum Speed Limits - Freeways,Not Applicable,Not Applicable,1,Traffic Citation
40.1414186,-78.513048,"Monday, February 9, 2026 9:50 AM",Maximum Speed Limits - Freeways,Not Applicable,Not Applicable,1,Traffic Citation
40.1414242,-78.513046,"Friday, October 17, 2025 5:34 PM",Maximum Speed Limits - Freeways,Not Applicable,Not Applicable,1,Traffic Citation
40.141462,-78.513026,"Wednesday, November 26, 2025 5:33 PM",Maximum Speed Limits - Freeways,Not Applicable,Not Applicable,1,Traffic Citation
40.141468,-78.513023,"Sunday, March 22, 2026 8:56 AM",Maximum Speed Limits - Freeways,Not Applicable,Not Applicable,1,Traffic Citation
40.1414821,-77.327384,"Sunday, November 30, 2025 8:32 PM",Maximum Speed Limits - Freeways,Not Applicable,Not Applicable,1,Traffic Citation
40.1414978,-79.925912,"Tuesday, September 23, 2025 7:40 AM",Maximum Speed Limits - Freeways,Not Applicable,Not Applicable,1,Traffic Citation
40.1415184,-78.512998,"Wednesday, November 26, 2025 11:05 AM",Maximum Speed Limits - Freeways,Not Applicable,Not Applicable,1,Traffic Citation
40.1415412,-78.512986,"Thursday, January 1, 2026 6:42 PM",Maximum Speed Limits - Freeways,Not Applicable,Not Applicable,1,Traffic Citation
40.1415574,-78.512978,"Wednesday, July 30, 2025 8:35 PM",Maximum Speed Limits - Freeways,Not Applicable,Not Applicable,1,Traffic Citation
40.1415718,-78.512971,"Thursday, April 23, 2026 6:40 PM",Maximum Speed Limits - Freeways,Not Applicable,Not Applicable,2,Traffic Citation
40.1415797,-78.512967,"Tuesday, March 24, 2026 8:02 AM",Maximum Speed Limits - Freeways,Not Applicable,Not Applicable,1,Traffic Citation
40.141589,-78.512962,"Saturday, May 23, 2026 3:41 PM",Maximum Speed Limits - Freeways,Not Applicable,Not Applicable,1,Traffic Citation
40.1416099,-75.807094,"Thursday, May 28, 2026 7:23 PM",Maximum Speed Limits - Freeways,Not Applicable,Not Applicable,1,Traffic Citation
40.1416127,-78.51295,"Tuesday, March 24, 2026 9:28 AM",Maximum Speed Limits - Freeways,Not Applicable,Not Applicable,1,Traffic Citation
40.1416204,-79.008731,"Tuesday, January 6, 2026 5:26 PM",Maximum Speed Limits - Freeways,Not Applicable,Not Applicable,1,Traffic Citation
40.1416205,-78.512946,"Sunday, December 14, 2025 8:40 AM",Maximum Speed Limits - Freeways,Not Applicable,Not Applicable,1,Traffic Citation
40.1416249,-79.008737,"Friday, January 16, 2026 9:34 PM",Maximum Speed Limits - Freeways,Not Applicable,Not Applicable,4,Traffic Citation
40.141645,-76.809496,"Friday, October 31, 2025 7:07 PM",Maximum Speed Limits - Freeways,Not Applicable,Not Applicable,2,Traffic Citation
40.141668,-78.512923,"Friday, January 2, 2026 5:59 PM",Maximum Speed Limits - Freeways,Not Applicable,Not Applicable,1,Traffic Citation
40.1416707,-78.512921,"Tuesday, March 24, 2026 6:11 AM",Maximum Speed Limits - Freeways,Not Applicable,Not Applicable,1,Traffic Citation
40.1416794,-78.512917,"Sunday, March 22, 2026 8:14 AM",Maximum Speed Limits - Freeways,Not Applicable,Not Applicable,1,Traffic Citation
40.1417155,-75.8071,"Saturday, September 13, 2025 8:17 PM",Maximum Speed Limits - Freeways,Not Applicable,Not Applicable,1,Traffic Citation
40.1417578,-78.512878,"Monday, July 7, 2025 8:45 PM",Maximum Speed Limits - Freeways,Not Applicable,Not Applicable,1,Traffic Citation
40.141815,-78.51285,"Monday, August 11, 2025 7:58 PM",Maximum Speed Limits - Freeways,Not Applicable,Not Applicable,1,Traffic Citation
40.141821,-78.512847,"Tuesday, October 28, 2025 12:49 PM",Maximum Speed Limits - Freeways,Not Applicable,Not Applicable,1,Traffic Citation
40.1418452,-78.512835,"Tuesday, March 24, 2026 11:21 AM",Maximum Speed Limits - Freeways,Not Applicable,Not Applicable,1,Traffic Citation
40.1418524,-77.326704,"Thursday, September 4, 2025 11:50 PM",Maximum Speed Limits - Freeways,Not Applicable,Not Applicable,1,Traffic Citation
40.1418717,-78.512822,"Saturday, May 23, 2026 7:36 PM",Maximum Speed Limits - Freeways,Not Applicable,Not Applicable,2,Traffic Citation
40.1419134,-77.727265,"Thursday, August 21, 2025 7:57 AM",Maximum Speed Limits - Freeways,Not Applicable,Not Applicable,1,Traffic Citation
40.1419267,-78.512794,"Sunday, August 31, 2025 7:38 PM",Maximum Speed Limits - Freeways,Not Applicable,Not Applicable,1,Traffic Citation
40.1419491,-75.289731,"Saturday, May 23, 2026 5:14 AM",Maximum Speed Limits - Freeways,Not Applicable,Not Applicable,1,Traffic Citation
40.1419567,-78.512779,"Thursday, October 2, 2025 7:28 PM",Maximum Speed Limits - Freeways,Not Applicable,Not Applicable,1,Traffic Citation
40.1419628,-78.512776,"Wednesday, November 26, 2025 7:05 PM",Maximum Speed Limits - Freeways,Not Applicable,Not Applicable,1,Traffic Citation
40.1419867,-79.926057,"Tuesday, February 17, 2026 5:52 PM",Maximum Speed Limits - Freeways,Not Applicable,Not Applicable,1,Traffic Citation
40.1421411,-77.325654,"Wednesday, December 31, 2025 7:44 PM",Maximum Speed Limits - Freeways,Not Applicable,Not Applicable,2,Traffic Citation
40.1421707,-75.808704,"Wednesday, April 8, 2026 7:13 AM",Maximum Speed Limits - Freeways,Not Applicable,Not Applicable,1,Traffic Citation
40.1421937,-75.808473,"Friday, January 9, 2026 12:25 PM",Maximum Speed Limits - Freeways,Not Applicable,Not Applicable,1,Traffic Citation
40.1421999,-76.554211,"Thursday, April 9, 2026 10:49 PM",Maximum Speed Limits - Freeways,Not Applicable,Not Applicable,1,Traffic Citation
40.1422957,-78.512609,"Saturday, July 5, 2025 7:48 AM",Maximum Speed Limits - Freeways,Not Applicable,Not Applicable,1,Traffic Citation
40.142303,-78.512662,"Monday, July 28, 2025 1:04 PM",Maximum Speed Limits - Freeways,Not Applicable,Not Applicable,1,Traffic Citation
40.1423371,-78.512588,"Thursday, July 3, 2025 1:26 PM",Maximum Speed Limits - Freeways,Not Applicable,Not Applicable,1,Traffic Citation
40.1425541,-78.512478,"Saturday, July 5, 2025 8:08 AM",Maximum Speed Limits - Freeways,Not Applicable,Not Applicable,1,Traffic Citation
40.1426673,-76.811144,"Friday, December 26, 2025 12:10 PM",Maximum Speed Limits - Freeways,Not Applicable,Not Applicable,1,Traffic Citation
40.1427049,-76.811193,"Saturday, August 9, 2025 9:23 PM",Maximum Speed Limits - Freeways,Not Applicable,Not Applicable,1,Traffic Citation
40.1427432,-76.810986,"Tuesday, October 14, 2025 11:07 PM",Maximum Speed Limits - Freeways,Not Applicable,Not Applicable,1,Traffic Citation
40.1428793,-78.512313,"Friday, July 4, 2025 10:04 AM",Maximum Speed Limits - Freeways,Not Applicable,Not Applicable,1,Traffic Citation
40.1430362,-78.512233,"Friday, July 4, 2025 11:48 AM",Maximum Speed Limits - Freeways,Not Applicable,Not Applicable,1,Traffic Citation
40.1431477,-75.290058,"Friday, August 8, 2025 6:35 AM",Maximum Speed Limits - Freeways,Not Applicable,Not Applicable,1,Traffic Citation
40.1431569,-78.512172,"Friday, July 4, 2025 11:00 AM",Maximum Speed Limits - Freeways,Not Applicable,Not Applicable,1,Traffic Citation
40.1432212,-78.51214,"Sunday, July 6, 2025 8:00 AM",Maximum Speed Limits - Freeways,Not Applicable,Not Applicable,1,Traffic Citation
40.1432646,-78.512118,"Sunday, July 6, 2025 6:04 PM",Maximum Speed Limits - Freeways,Not Applicable,Not Applicable,1,Traffic Citation
40.1433336,-76.812013,"Monday, June 29, 2026 10:16 PM",Maximum Speed Limits - Freeways,Not Applicable,Not Applicable,1,Traffic Citation
40.1434186,-76.811957,"Thursday, October 9, 2025 12:21 AM",Maximum Speed Limits - Freeways,Not Applicable,Not Applicable,1,Traffic Citation
40.1436239,-76.194999,"Saturday, July 5, 2025 1:05 AM",Maximum Speed Limits - Freeways,Not Applicable,Not Applicable,1,Traffic Citation
40.1436994,-78.511889,"Sunday, July 6, 2025 5:41 PM",Maximum Speed Limits - Freeways,Not Applicable,Not Applicable,1,Traffic Citation
40.1437907,-78.511966,"Thursday, April 23, 2026 3:24 PM",Maximum Speed Limits - Freeways,Not Applicable,Not Applicable,1,Traffic Citation
40.1438007,-78.511836,"Saturday, November 29, 2025 11:58 AM",Maximum Speed Limits - Freeways,Not Applicable,Not Applicable,1,Traffic Citation
40.1438029,-76.812632,"Saturday, May 30, 2026 9:40 PM",Maximum Speed Limits - Freeways,Not Applicable,Not Applicable,1,Traffic Citation
40.1438998,-76.193458,"Monday, September 1, 2025 11:33 AM",Maximum Speed Limits - Freeways,Not Applicable,Not Applicable,1,Traffic Citation
40.143929,-76.193374,"Monday, September 1, 2025 2:08 PM",Maximum Speed Limits - Freeways,Not Applicable,Not Applicable,2,Traffic Citation
40.1439873,-76.193207,"Monday, September 1, 2025 12:01 PM",Maximum Speed Limits - Freeways,Not Applicable,Not Applicable,1,Traffic Citation
40.1439913,-76.193195,"Tuesday, March 24, 2026 5:19 AM",Maximum Speed Limits - Freeways,Not Applicable,Not Applicable,1,Traffic Citation
40.143999,-76.193173,"Wednesday, August 27, 2025 5:44 PM",Maximum Speed Limits - Freeways,Not Applicable,Not Applicable,1,Traffic Citation
40.1440216,-76.193108,"Tuesday, February 10, 2026 10:48 AM",Maximum Speed Limits - Freeways,Not Applicable,Not Applicable,1,Traffic Citation
40.1440349,-76.19307,"Tuesday, September 16, 2025 11:16 AM",Maximum Speed Limits - Freeways,Not Applicable,Not Applicable,3,Traffic Citation
40.1440454,-76.19304,"Wednesday, August 27, 2025 6:06 PM",Maximum Speed Limits - Freeways,Not Applicable,Not Applicable,1,Traffic Citation
40.1440504,-76.193779,"Tuesday, April 14, 2026 9:09 AM",Maximum Speed Limits - Freeways,Not Applicable,Not Applicable,1,Traffic Citation
40.1440552,-76.193012,"Tuesday, December 9, 2025 7:36 AM",Maximum Speed Limits - Freeways,Not Applicable,Not Applicable,1,Traffic Citation
40.1440941,-76.1929,"Tuesday, January 13, 2026 4:28 PM",Maximum Speed Limits - Freeways,Not Applicable,Not Applicable,1,Traffic Citation
40.1441027,-76.192875,"Tuesday, January 13, 2026 3:23 PM",Maximum Speed Limits - Freeways,Not Applicable,Not Applicable,1,Traffic Citation
40.1442665,-76.192405,"Monday, September 1, 2025 12:58 PM",Maximum Speed Limits - Freeways,Not Applicable,Not Applicable,1,Traffic Citation
40.1442997,-76.19231,"Sunday, November 30, 2025 3:00 PM",Maximum Speed Limits - Freeways,Not Applicable,Not Applicable,1,Traffic Citation
40.1443513,-76.192162,"Sunday, November 30, 2025 2:22 PM",Maximum Speed Limits - Freeways,Not Applicable,Not Applicable,1,Traffic Citation
40.1446234,-76.19138,"Wednesday, November 5, 2025 8:36 AM",Maximum Speed Limits - Freeways,Not Applicable,Not Applicable,4,Traffic Citation
40.1453954,-76.189722,"Saturday, January 3, 2026 8:18 PM",Maximum Speed Limits - Freeways,Not Applicable,Not Applicable,1,Traffic Citation
40.1453995,-76.814556,"Wednesday, October 8, 2025 5:41 PM",Maximum Speed Limits - Freeways,Not Applicable,Not Applicable,1,Traffic Citation
40.145448,-76.189758,"Friday, February 13, 2026 8:15 PM",Maximum Speed Limits - Freeways,Not Applicable,Not Applicable,1,Traffic Citation
40.1454863,-76.189648,"Sunday, August 31, 2025 5:28 PM",Maximum Speed Limits - Freeways,Not Applicable,Not Applicable,1,Traffic Citation
40.1454942,-76.189626,"Wednesday, January 14, 2026 6:32 PM",Maximum Speed Limits - Freeways,Not Applicable,Not Applicable,1,Traffic Citation
40.145571,-76.188682,"Saturday, January 3, 2026 9:11 AM",Maximum Speed Limits - Freeways,Not Applicable,Not Applicable,1,Traffic Citation
40.1456733,-76.815062,"Wednesday, January 21, 2026 8:23 PM",Maximum Speed Limits - Freeways,Not Applicable,Not Applicable,1,Traffic Citation
40.1457701,-76.188838,"Monday, September 1, 2025 12:39 PM",Maximum Speed Limits - Freeways,Not Applicable,Not Applicable,1,Traffic Citation
40.1459047,-76.188454,"Sunday, August 31, 2025 7:18 PM",Maximum Speed Limits - Freeways,Not Applicable,Not Applicable,1,Traffic Citation
40.14595,-77.722137,"Saturday, October 4, 2025 4:05 PM",Maximum Speed Limits - Freeways,Not Applicable,Not Applicable,1,Traffic Citation
40.1460326,-76.188089,"Sunday, August 31, 2025 5:45 PM",Maximum Speed Limits - Freeways,Not Applicable,Not Applicable,1,Traffic Citation
40.1460334,-77.318911,"Saturday, June 13, 2026 9:54 PM",Maximum Speed Limits - Freeways,Not Applicable,Not Applicable,1,Traffic Citation
40.146199,-76.18687,"Sunday, July 6, 2025 3:58 PM",Maximum Speed Limits - Freeways,Not Applicable,Not Applicable,1,Traffic Citation
40.146343,-76.187203,"Sunday, August 31, 2025 6:43 PM",Maximum Speed Limits - Freeways,Not Applicable,Not Applicable,1,Traffic Citation
40.1464405,-77.721491,"Saturday, October 4, 2025 5:26 PM",Maximum Speed Limits - Freeways,Not Applicable,Not Applicable,1,Traffic Citation
40.1464558,-76.186881,"Sunday, August 31, 2025 5:09 PM",Maximum Speed Limits - Freeways,Not Applicable,Not Applicable,1,Traffic Citation
40.1464574,-75.290727,"Tuesday, February 10, 2026 11:35 AM",Maximum Speed Limits - Freeways,Not Applicable,Not Applicable,1,Traffic Citation
40.1464889,-79.005128,"Friday, August 29, 2025 4:17 PM",Maximum Speed Limits - Freeways,Not Applicable,Not Applicable,1,Traffic Citation
40.1464964,-76.186013,"Sunday, March 22, 2026 10:03 AM",Maximum Speed Limits - Freeways,Not Applicable,Not Applicable,1,Traffic Citation
40.1466219,-76.185653,"Sunday, March 22, 2026 10:09 AM",Maximum Speed Limits - Freeways,Not Applicable,Not Applicable,1,Traffic Citation
40.1467683,-76.185233,"Sunday, July 6, 2025 4:15 PM",Maximum Speed Limits - Freeways,Not Applicable,Not Applicable,1,Traffic Citation
40.1468196,-76.185839,"Sunday, August 31, 2025 6:24 PM",Maximum Speed Limits - Freeways,Not Applicable,Not Applicable,1,Traffic Citation
40.1468302,-76.184764,"Sunday, July 6, 2025 4:22 PM",Maximum Speed Limits - Freeways,Not Applicable,Not Applicable,1,Traffic Citation
40.1468934,-76.184875,"Sunday, July 6, 2025 4:03 PM",Maximum Speed Limits - Freeways,Not Applicable,Not Applicable,1,Traffic Citation
40.1469126,-76.184819,"Sunday, March 22, 2026 9:52 AM",Maximum Speed Limits - Freeways,Not Applicable,Not Applicable,1,Traffic Citation
40.1469258,-75.828751,"Sunday, May 31, 2026 7:02 AM",Maximum Speed Limits - Freeways,Not Applicable,Not Applicable,3,Traffic Citation
40.1469331,-76.184857,"Sunday, July 6, 2025 4:07 PM",Maximum Speed Limits - Freeways,Not Applicable,Not Applicable,1,Traffic Citation
40.1470458,-76.816353,"Saturday, May 30, 2026 11:38 PM",Maximum Speed Limits - Freeways,Not Applicable,Not Applicable,1,Traffic Citation
40.1472284,-76.816525,"Friday, June 5, 2026 11:00 PM",Maximum Speed Limits - Freeways,Not Applicable,Not Applicable,1,Traffic Citation
40.1473053,-76.816594,"Friday, June 5, 2026 9:40 PM",Maximum Speed Limits - Freeways,Not Applicable,Not Applicable,1,Traffic Citation
40.1473868,-76.183453,"Sunday, July 6, 2025 4:31 PM",Maximum Speed Limits - Freeways,Not Applicable,Not Applicable,1,Traffic Citation
40.1475512,-76.182984,"Sunday, July 6, 2025 3:53 PM",Maximum Speed Limits - Freeways,Not Applicable,Not Applicable,1,Traffic Citation
40.1476297,-76.816881,"Wednesday, October 1, 2025 10:18 PM",Maximum Speed Limits - Freeways,Not Applicable,Not Applicable,1,Traffic Citation
40.1476588,-76.816906,"Monday, September 8, 2025 8:29 PM",Maximum Speed Limits - Freeways,Not Applicable,Not Applicable,1,Traffic Citation
40.1476793,-76.816924,"Sunday, June 28, 2026 11:14 PM",Maximum Speed Limits - Freeways,Not Applicable,Not Applicable,1,Traffic Citation
40.1481262,-75.015553,"Friday, July 18, 2025 7:05 AM",Maximum Speed Limits - Freeways,Not Applicable,Not Applicable,1,Traffic Citation
40.1486636,-76.817718,"Thursday, June 18, 2026 8:54 PM",Maximum Speed Limits - Freeways,Not Applicable,Not Applicable,1,Traffic Citation
40.1486877,-77.634619,"Sunday, May 3, 2026 4:56 PM",Maximum Speed Limits - Freeways,Not Applicable,Not Applicable,1,Traffic Citation
40.148775,-75.149564,"Wednesday, March 25, 2026 7:38 PM",Maximum Speed Limits - Freeways,Not Applicable,Not Applicable,1,Traffic Citation
40.1488448,-76.817741,"Saturday, June 6, 2026 10:31 PM",Maximum Speed Limits - Freeways,Not Applicable,Not Applicable,1,Traffic Citation
40.1490175,-76.178734,"Friday, March 27, 2026 10:03 PM",Maximum Speed Limits - Freeways,Not Applicable,Not Applicable,1,Traffic Citation
40.1490428,-76.817896,"Tuesday, June 30, 2026 10:02 PM",Maximum Speed Limits - Freeways,Not Applicable,Not Applicable,1,Traffic Citation
40.1492448,-76.818104,"Thursday, October 2, 2025 3:49 AM",Maximum Speed Limits - Freeways,Not Applicable,Not Applicable,1,Traffic Citation
40.1493666,-78.508063,"Sunday, April 12, 2026 11:04 AM",Maximum Speed Limits - Freeways,Not Applicable,Not Applicable,1,Traffic Citation
40.1494212,-77.717374,"Sunday, May 3, 2026 8:59 AM",Maximum Speed Limits - Freeways,Not Applicable,Not Applicable,1,Traffic Citation
40.1494976,-77.717452,"Monday, March 9, 2026 7:29 PM",Maximum Speed Limits - Freeways,Not Applicable,Not Applicable,1,Traffic Citation
40.1495007,-77.717448,"Saturday, May 9, 2026 5:11 PM",Maximum Speed Limits - Freeways,Not Applicable,Not Applicable,1,Traffic Citation
40.1495025,-77.717446,"Sunday, May 17, 2026 11:56 AM",Maximum Speed Limits - Freeways,Not Applicable,Not Applicable,1,Traffic Citation
40.1497467,-76.175009,"Friday, April 3, 2026 8:53 AM",Maximum Speed Limits - Freeways,Not Applicable,Not Applicable,1,Traffic Citation
40.1498201,-76.174179,"Friday, May 22, 2026 7:52 PM",Maximum Speed Limits - Freeways,Not Applicable,Not Applicable,1,Traffic Citation
40.1498869,-76.175839,"Sunday, March 22, 2026 11:06 AM",Maximum Speed Limits - Freeways,Not Applicable,Not Applicable,1,Traffic Citation
40.1502307,-76.171005,"Tuesday, April 14, 2026 9:36 AM",Maximum Speed Limits - Freeways,Not Applicable,Not Applicable,1,Traffic Citation
40.1503814,-77.308765,"Tuesday, November 4, 2025 8:45 AM",Maximum Speed Limits - Freeways,Not Applicable,Not Applicable,1,Traffic Citation
40.1504393,-77.716036,"Monday, September 15, 2025 5:04 PM",Maximum Speed Limits - Freeways,Not Applicable,Not Applicable,1,Traffic Citation
40.1504451,-77.716028,"Sunday, July 6, 2025 11:03 AM",Maximum Speed Limits - Freeways,Not Applicable,Not Applicable,1,Traffic Citation
40.1504489,-77.716023,"Saturday, October 25, 2025 4:09 PM",Maximum Speed Limits - Freeways,Not Applicable,Not Applicable,1,Traffic Citation
40.1504544,-77.716187,"Wednesday, August 6, 2025 11:59 AM",Maximum Speed Limits - Freeways,Not Applicable,Not Applicable,1,Traffic Citation
40.1504643,-77.716174,"Wednesday, October 15, 2025 1:02 PM",Maximum Speed Limits - Freeways,Not Applicable,Not Applicable,1,Traffic Citation
40.1504944,-77.715962,"Sunday, October 5, 2025 10:00 AM",Maximum Speed Limits - Freeways,Not Applicable,Not Applicable,1,Traffic Citation
40.150496,-77.716132,"Wednesday, December 31, 2025 11:35 AM",Maximum Speed Limits - Freeways,Not Applicable,Not Applicable,1,Traffic Citation
40.1505013,-77.715953,"Saturday, November 15, 2025 9:33 AM",Maximum Speed Limits - Freeways,Not Applicable,Not Applicable,1,Traffic Citation
40.1505094,-77.715942,"Sunday, October 19, 2025 10:29 AM",Maximum Speed Limits - Freeways,Not Applicable,Not Applicable,1,Traffic Citation
40.15052,-76.819049,"Wednesday, October 8, 2025 10:47 PM",Maximum Speed Limits - Freeways,Not Applicable,Not Applicable,1,Traffic Citation
40.1505218,-77.715925,"Saturday, October 18, 2025 1:10 PM",Maximum Speed Limits - Freeways,Not Applicable,Not Applicable,1,Traffic Citation
40.150532,-77.716085,"Sunday, January 11, 2026 10:08 AM",Maximum Speed Limits - Freeways,Not Applicable,Not Applicable,1,Traffic Citation
40.1505326,-77.715911,"Sunday, October 19, 2025 12:24 PM",Maximum Speed Limits - Freeways,Not Applicable,Not Applicable,1,Traffic Citation
40.1505627,-77.716044,"Saturday, October 18, 2025 10:19 AM",Maximum Speed Limits - Freeways,Not Applicable,Not Applicable,1,Traffic Citation
40.150574,-77.716029,"Thursday, February 19, 2026 12:06 PM",Maximum Speed Limits - Freeways,Not Applicable,Not Applicable,1,Traffic Citation
40.1505745,-77.716029,"Friday, August 1, 2025 1:02 PM",Maximum Speed Limits - Freeways,Not Applicable,Not Applicable,1,Traffic Citation
40.1505754,-77.716027,"Sunday, July 6, 2025 12:41 PM",Maximum Speed Limits - Freeways,Not Applicable,Not Applicable,1,Traffic Citation
40.1506027,-79.002021,"Saturday, January 3, 2026 5:33 PM",Maximum Speed Limits - Freeways,Not Applicable,Not Applicable,1,Traffic Citation
40.1506248,-79.001946,"Saturday, December 27, 2025 11:31 AM",Maximum Speed Limits - Freeways,Not Applicable,Not Applicable,1,Traffic Citation
40.1506259,-79.001938,"Saturday, December 27, 2025 10:30 AM",Maximum Speed Limits - Freeways,Not Applicable,Not Applicable,1,Traffic Citation
40.1506285,-79.001919,"Saturday, December 27, 2025 10:02 AM",Maximum Speed Limits - Freeways,Not Applicable,Not Applicable,1,Traffic Citation
40.1506319,-79.001944,"Friday, April 3, 2026 3:51 PM",Maximum Speed Limits - Freeways,Not Applicable,Not Applicable,9,Traffic Citation
40.1506336,-79.002003,"Saturday, January 3, 2026 6:05 PM",Maximum Speed Limits - Freeways,Not Applicable,Not Applicable,1,Traffic Citation
40.1506385,-77.30878,"Saturday, November 29, 2025 2:19 AM",Maximum Speed Limits - Freeways,Not Applicable,Not Applicable,2,Traffic Citation
40.1506397,-77.715942,"Friday, August 15, 2025 4:45 PM",Maximum Speed Limits - Freeways,Not Applicable,Not Applicable,1,Traffic Citation
40.1506575,-77.715919,"Saturday, September 27, 2025 10:44 AM",Maximum Speed Limits - Freeways,Not Applicable,Not Applicable,1,Traffic Citation
40.1506584,-77.715918,"Friday, July 11, 2025 12:23 PM",Maximum Speed Limits - Freeways,Not Applicable,Not Applicable,1,Traffic Citation
40.1507134,-79.931654,"Thursday, November 6, 2025 3:40 PM",Maximum Speed Limits - Freeways,Not Applicable,Not Applicable,2,Traffic Citation
40.1507173,-79.931653,"Thursday, May 21, 2026 12:53 PM",Maximum Speed Limits - Freeways,Not Applicable,Not Applicable,1,Traffic Citation
40.1508472,-76.819258,"Saturday, May 30, 2026 12:18 AM",Maximum Speed Limits - Freeways,Not Applicable,Not Applicable,1,Traffic Citation
40.1510539,-78.507179,"Wednesday, February 18, 2026 10:27 AM",Maximum Speed Limits - Freeways,Not Applicable,Not Applicable,1,Traffic Citation
40.151173,-79.931892,"Sunday, November 16, 2025 9:05 AM",Maximum Speed Limits - Freeways,Not Applicable,Not Applicable,1,Traffic Citation
40.151192,-78.507058,"Wednesday, November 26, 2025 9:13 AM",Maximum Speed Limits - Freeways,Not Applicable,Not Applicable,1,Traffic Citation
40.1512462,-76.81935,"Thursday, July 3, 2025 10:16 AM",Maximum Speed Limits - Freeways,Not Applicable,Not Applicable,1,Traffic Citation
40.151274,-77.30738,"Friday, November 28, 2025 7:12 AM",Maximum Speed Limits - Freeways,Not Applicable,Not Applicable,1,Traffic Citation
40.1512764,-76.819522,"Saturday, May 30, 2026 1:13 AM",Maximum Speed Limits - Freeways,Not Applicable,Not Applicable,1,Traffic Citation
40.1513846,-75.144898,"Wednesday, March 18, 2026 7:41 AM",Maximum Speed Limits - Freeways,Not Applicable,Not Applicable,2,Traffic Citation
40.1516115,-77.306051,"Sunday, August 31, 2025 9:28 PM",Maximum Speed Limits - Freeways,Not Applicable,Not Applicable,2,Traffic Citation
40.1516197,-76.819579,"Tuesday, January 13, 2026 12:31 PM",Maximum Speed Limits - Freeways,Not Applicable,Not Applicable,1,Traffic Citation
40.1516882,-76.819778,"Saturday, June 6, 2026 11:47 PM",Maximum Speed Limits - Freeways,Not Applicable,Not Applicable,1,Traffic Citation
40.1517388,-78.506573,"Thursday, July 24, 2025 6:57 AM",Maximum Speed Limits - Freeways,Not Applicable,Not Applicable,1,Traffic Citation
40.1519556,-76.163508,"Sunday, March 22, 2026 10:45 AM",Maximum Speed Limits - Freeways,Not Applicable,Not Applicable,1,Traffic Citation
40.1520349,-79.931472,"Wednesday, April 15, 2026 4:58 PM",Maximum Speed Limits - Freeways,Not Applicable,Not Applicable,1,Traffic Citation
40.1521222,-77.304925,"Saturday, May 16, 2026 10:17 PM",Maximum Speed Limits - Freeways,Not Applicable,Not Applicable,1,Traffic Citation
40.1522035,-76.16298,"Sunday, March 22, 2026 10:54 AM",Maximum Speed Limits - Freeways,Not Applicable,Not Applicable,1,Traffic Citation
40.1523847,-75.292718,"Monday, March 9, 2026 5:15 PM",Maximum Speed Limits - Freeways,Not Applicable,Not Applicable,1,Traffic Citation
40.1524185,-78.505983,"Sunday, May 17, 2026 4:09 PM",Maximum Speed Limits - Freeways,Not Applicable,Not Applicable,1,Traffic Citation
40.1524463,-76.819992,"Tuesday, October 14, 2025 9:01 PM",Maximum Speed Limits - Freeways,Not Applicable,Not Applicable,1,Traffic Citation
40.1524902,-76.820142,"Thursday, October 9, 2025 3:58 AM",Maximum Speed Limits - Freeways,Not Applicable,Not Applicable,1,Traffic Citation
40.1526865,-75.142608,"Wednesday, March 4, 2026 8:04 PM",Maximum Speed Limits - Freeways,Not Applicable,Not Applicable,1,Traffic Citation
40.1529286,-78.505546,"Sunday, July 6, 2025 5:06 PM",Maximum Speed Limits - Freeways,Not Applicable,Not Applicable,1,Traffic Citation
40.1530754,-76.16057,"Sunday, July 6, 2025 3:59 PM",Maximum Speed Limits - Freeways,Not Applicable,Not Applicable,1,Traffic Citation
40.1531688,-76.160372,"Tuesday, March 24, 2026 5:55 AM",Maximum Speed Limits - Freeways,Not Applicable,Not Applicable,1,Traffic Citation
40.1534795,-76.160275,"Sunday, March 22, 2026 10:47 AM",Maximum Speed Limits - Freeways,Not Applicable,Not Applicable,1,Traffic Citation
40.1535887,-76.820835,"Saturday, June 6, 2026 9:49 PM",Maximum Speed Limits - Freeways,Not Applicable,Not Applicable,1,Traffic Citation
40.1536011,-77.302295,"Thursday, May 21, 2026 10:50 PM",Maximum Speed Limits - Freeways,Not Applicable,Not Applicable,1,Traffic Citation
40.1536045,-79.931375,"Sunday, February 22, 2026 3:53 PM",Maximum Speed Limits - Freeways,Not Applicable,Not Applicable,1,Traffic Citation
40.1536577,-76.159899,"Sunday, March 22, 2026 11:07 AM",Maximum Speed Limits - Freeways,Not Applicable,Not Applicable,1,Traffic Citation
40.1537366,-76.82093,"Tuesday, October 14, 2025 9:34 PM",Maximum Speed Limits - Freeways,Not Applicable,Not Applicable,1,Traffic Citation
40.153903,-75.139893,"Wednesday, May 13, 2026 5:34 AM",Maximum Speed Limits - Freeways,Not Applicable,Not Applicable,1,Traffic Citation
40.153922,-76.821048,"Friday, December 26, 2025 11:00 AM",Maximum Speed Limits - Freeways,Not Applicable,Not Applicable,1,Traffic Citation
40.1541463,-76.821194,"Saturday, December 27, 2025 10:13 PM",Maximum Speed Limits - Freeways,Not Applicable,Not Applicable,1,Traffic Citation
40.1542819,-77.300479,"Thursday, July 3, 2025 4:02 PM",Maximum Speed Limits - Freeways,Not Applicable,Not Applicable,1,Traffic Citation
40.1545309,-77.300063,"Sunday, January 4, 2026 12:05 AM",Maximum Speed Limits - Freeways,Not Applicable,Not Applicable,2,Traffic Citation
40.1546477,-77.299874,"Saturday, November 29, 2025 11:06 AM",Maximum Speed Limits - Freeways,Not Applicable,Not Applicable,1,Traffic Citation
40.154798,-77.299646,"Friday, November 28, 2025 7:15 AM",Maximum Speed Limits - Freeways,Not Applicable,Not Applicable,1,Traffic Citation
40.1548449,-76.156932,"Tuesday, August 12, 2025 9:45 AM",Maximum Speed Limits - Freeways,Not Applicable,Not Applicable,1,Traffic Citation
40.1549291,-77.299447,"Friday, November 28, 2025 6:37 AM",Maximum Speed Limits - Freeways,Not Applicable,Not Applicable,1,Traffic Citation
40.1549479,-77.299419,"Wednesday, November 26, 2025 9:04 PM",Maximum Speed Limits - Freeways,Not Applicable,Not Applicable,1,Traffic Citation
40.1550879,-75.870574,"Monday, February 16, 2026 7:24 PM",Maximum Speed Limits - Freeways,Not Applicable,Not Applicable,1,Traffic Citation
40.1551929,-75.294476,"Friday, February 27, 2026 6:29 AM",Maximum Speed Limits - Freeways,Not Applicable,Not Applicable,1,Traffic Citation
40.1552281,-76.82189,"Saturday, August 30, 2025 3:07 PM",Maximum Speed Limits - Freeways,Not Applicable,Not Applicable,1,Traffic Citation
40.155307,-78.503568,"Thursday, July 3, 2025 5:03 PM",Maximum Speed Limits - Freeways,Not Applicable,Not Applicable,1,Traffic Citation
40.1554138,-77.619642,"Saturday, March 21, 2026 11:57 AM",Maximum Speed Limits - Freeways,Not Applicable,Not Applicable,1,Traffic Citation
40.1554704,-78.503439,"Tuesday, May 5, 2026 4:49 PM",Maximum Speed Limits - Freeways,Not Applicable,Not Applicable,1,Traffic Citation
40.1555042,-77.619478,"Thursday, November 20, 2025 5:35 PM",Maximum Speed Limits - Freeways,Not Applicable,Not Applicable,1,Traffic Citation
40.1555967,-75.295044,"Friday, June 12, 2026 2:18 PM",Maximum Speed Limits - Freeways,Not Applicable,Not Applicable,1,Traffic Citation
40.1556491,-76.822293,"Thursday, October 2, 2025 3:19 AM",Maximum Speed Limits - Freeways,Not Applicable,Not Applicable,1,Traffic Citation
40.1557032,-76.822186,"Saturday, August 30, 2025 2:45 PM",Maximum Speed Limits - Freeways,Not Applicable,Not Applicable,1,Traffic Citation
40.155913,-79.931815,"Thursday, November 6, 2025 3:28 PM",Maximum Speed Limits - Freeways,Not Applicable,Not Applicable,1,Traffic Citation
40.1560123,-78.503019,"Tuesday, February 24, 2026 3:35 PM",Maximum Speed Limits - Freeways,Not Applicable,Not Applicable,1,Traffic Citation
40.1561459,-76.155082,"Saturday, July 5, 2025 9:37 PM",Maximum Speed Limits - Freeways,Not Applicable,Not Applicable,1,Traffic Citation
40.1561573,-75.13561,"Saturday, November 29, 2025 5:09 PM",Maximum Speed Limits - Freeways,Not Applicable,Not Applicable,1,Traffic Citation
40.1561595,-75.295506,"Friday, August 29, 2025 6:07 AM",Maximum Speed Limits - Freeways,Not Applicable,Not Applicable,1,Traffic Citation
40.1562897,-76.822503,"Friday, May 29, 2026 11:03 PM",Maximum Speed Limits - Freeways,Not Applicable,Not Applicable,1,Traffic Citation
40.1566116,-76.822904,"Friday, August 29, 2025 8:18 AM",Maximum Speed Limits - Freeways,Not Applicable,Not Applicable,1,Traffic Citation
40.1566253,-78.502552,"Wednesday, November 26, 2025 6:44 AM",Maximum Speed Limits - Freeways,Not Applicable,Not Applicable,1,Traffic Citation
40.1567116,-76.822793,"Wednesday, October 1, 2025 9:26 PM",Maximum Speed Limits - Freeways,Not Applicable,Not Applicable,1,Traffic Citation
40.1567655,-76.154402,"Saturday, July 5, 2025 10:00 AM",Maximum Speed Limits - Freeways,Not Applicable,Not Applicable,1,Traffic Citation
40.156842,-75.87463,"Monday, September 1, 2025 1:43 PM",Maximum Speed Limits - Freeways,Not Applicable,Not Applicable,1,Traffic Citation
40.1570608,-75.295998,"Thursday, July 3, 2025 11:58 PM",Maximum Speed Limits - Freeways,Not Applicable,Not Applicable,1,Traffic Citation
40.1570938,-76.823386,"Monday, October 27, 2025 7:02 PM",Maximum Speed Limits - Freeways,Not Applicable,Not Applicable,1,Traffic Citation
40.1570965,-76.823388,"Wednesday, April 8, 2026 8:52 PM",Maximum Speed Limits - Freeways,Not Applicable,Not Applicable,1,Traffic Citation
40.1573457,-79.932078,"Monday, November 10, 2025 4:20 PM",Maximum Speed Limits - Freeways,Not Applicable,Not Applicable,1,Traffic Citation
40.1574648,-77.296233,"Sunday, May 17, 2026 9:08 PM",Maximum Speed Limits - Freeways,Not Applicable,Not Applicable,1,Traffic Citation
40.1575142,-75.875936,"Monday, January 5, 2026 10:40 PM",Maximum Speed Limits - Freeways,Not Applicable,Not Applicable,4,Traffic Citation
40.1576119,-80.14593,"Saturday, July 12, 2025 9:39 AM",Maximum Speed Limits - Freeways,Not Applicable,Not Applicable,1,Traffic Citation
40.1576843,-75.132247,"Monday, March 23, 2026 10:25 PM",Maximum Speed Limits - Freeways,Not Applicable,Not Applicable,1,Traffic Citation
40.1577062,-77.295885,"Sunday, May 17, 2026 8:41 PM",Maximum Speed Limits - Freeways,Not Applicable,Not Applicable,1,Traffic Citation
40.1580443,-77.614889,"Friday, September 19, 2025 6:00 PM",Maximum Speed Limits - Freeways,Not Applicable,Not Applicable,1,Traffic Citation
40.1580929,-77.615234,"Sunday, March 22, 2026 11:34 AM",Maximum Speed Limits - Freeways,Not Applicable,Not Applicable,1,Traffic Citation
40.1581533,-77.614694,"Tuesday, June 2, 2026 11:16 AM",Maximum Speed Limits - Freeways,Not Applicable,Not Applicable,1,Traffic Citation
40.158185,-77.614638,"Tuesday, September 9, 2025 3:54 PM",Maximum Speed Limits - Freeways,Not Applicable,Not Applicable,1,Traffic Citation
40.1584771,-77.614547,"Tuesday, March 24, 2026 4:59 PM",Maximum Speed Limits - Freeways,Not Applicable,Not Applicable,1,Traffic Citation
40.1585068,-79.932078,"Monday, May 4, 2026 7:45 PM",Maximum Speed Limits - Freeways,Not Applicable,Not Applicable,1,Traffic Citation
40.1585367,-79.932388,"Monday, November 17, 2025 4:00 PM",Maximum Speed Limits - Freeways,Not Applicable,Not Applicable,1,Traffic Citation
40.1586018,-76.82404,"Thursday, October 9, 2025 1:53 AM",Maximum Speed Limits - Freeways,Not Applicable,Not Applicable,1,Traffic Citation
40.158618,-77.61386,"Friday, September 12, 2025 9:56 AM",Maximum Speed Limits - Freeways,Not Applicable,Not Applicable,1,Traffic Citation
40.1586692,-79.932126,"Monday, February 16, 2026 2:46 PM",Maximum Speed Limits - Freeways,Not Applicable,Not Applicable,1,Traffic Citation
40.158685,-76.152848,"Tuesday, November 18, 2025 2:35 PM",Maximum Speed Limits - Freeways,Not Applicable,Not Applicable,1,Traffic Citation
40.1586931,-79.932435,"Saturday, May 9, 2026 5:23 PM",Maximum Speed Limits - Freeways,Not Applicable,Not Applicable,1,Traffic Citation
40.1587382,-77.613641,"Monday, September 1, 2025 6:17 PM",Maximum Speed Limits - Freeways,Not Applicable,Not Applicable,1,Traffic Citation
40.1587691,-79.932458,"Monday, May 4, 2026 10:31 AM",Maximum Speed Limits - Freeways,Not Applicable,Not Applicable,1,Traffic Citation
40.1587827,-79.932161,"Wednesday, May 6, 2026 4:58 PM",Maximum Speed Limits - Freeways,Not Applicable,Not Applicable,2,Traffic Citation
40.1588664,-76.824207,"Wednesday, January 21, 2026 7:51 PM",Maximum Speed Limits - Freeways,Not Applicable,Not Applicable,1,Traffic Citation
40.1588997,-75.879498,"Sunday, November 2, 2025 12:08 PM",Maximum Speed Limits - Freeways,Not Applicable,Not Applicable,1,Traffic Citation
40.1589363,-75.8796,"Wednesday, December 31, 2025 10:38 AM",Maximum Speed Limits - Freeways,Not Applicable,Not Applicable,1,Traffic Citation
40.1589643,-78.500889,"Wednesday, November 26, 2025 6:30 PM",Maximum Speed Limits - Freeways,Not Applicable,Not Applicable,1,Traffic Citation
40.1590261,-78.500847,"Wednesday, May 6, 2026 9:13 PM",Maximum Speed Limits - Freeways,Not Applicable,Not Applicable,1,Traffic Citation
40.1590844,-75.880054,"Thursday, October 9, 2025 12:41 PM",Maximum Speed Limits - Freeways,Not Applicable,Not Applicable,1,Traffic Citation
40.1591075,-75.880119,"Tuesday, August 26, 2025 6:36 PM",Maximum Speed Limits - Freeways,Not Applicable,Not Applicable,1,Traffic Citation
40.1591434,-79.932584,"Thursday, May 21, 2026 9:12 AM",Maximum Speed Limits - Freeways,Not Applicable,Not Applicable,1,Traffic Citation
40.1591657,-78.500753,"Tuesday, February 24, 2026 2:59 PM",Maximum Speed Limits - Freeways,Not Applicable,Not Applicable,1,Traffic Citation
40.1592664,-75.880584,"Tuesday, August 26, 2025 8:38 PM",Maximum Speed Limits - Freeways,Not Applicable,Not Applicable,1,Traffic Citation
40.1592674,-75.880588,"Sunday, August 31, 2025 10:04 PM",Maximum Speed Limits - Freeways,Not Applicable,Not Applicable,1,Traffic Citation
40.1593459,-78.500633,"Monday, September 1, 2025 11:18 AM",Maximum Speed Limits - Freeways,Not Applicable,Not Applicable,1,Traffic Citation
40.1594954,-79.932407,"Tuesday, August 19, 2025 5:48 PM",Maximum Speed Limits - Freeways,Not Applicable,Not Applicable,1,Traffic Citation
40.159552,-79.561179,"Friday, June 19, 2026 8:10 PM",Maximum Speed Limits - Freeways,Not Applicable,Not Applicable,1,Traffic Citation
40.1596953,-77.612371,"Tuesday, September 2, 2025 7:51 AM",Maximum Speed Limits - Freeways,Not Applicable,Not Applicable,1,Traffic Citation
40.1597002,-76.824738,"Wednesday, October 1, 2025 10:36 PM",Maximum Speed Limits - Freeways,Not Applicable,Not Applicable,1,Traffic Citation
40.1597361,-78.500371,"Wednesday, February 11, 2026 12:38 PM",Maximum Speed Limits - Freeways,Not Applicable,Not Applicable,1,Traffic Citation
40.1597622,-77.686524,"Friday, June 12, 2026 7:45 PM",Maximum Speed Limits - Freeways,Not Applicable,Not Applicable,1,Traffic Citation
40.1597678,-79.932903,"Tuesday, March 24, 2026 3:03 PM",Maximum Speed Limits - Freeways,Not Applicable,Not Applicable,1,Traffic Citation
40.159819,-75.883333,"Thursday, May 7, 2026 1:55 PM",Maximum Speed Limits - Freeways,Not Applicable,Not Applicable,1,Traffic Citation
40.1598498,-77.611639,"Friday, November 7, 2025 2:27 PM",Maximum Speed Limits - Freeways,Not Applicable,Not Applicable,1,Traffic Citation
40.1598715,-75.042268,"Thursday, March 19, 2026 7:41 PM",Maximum Speed Limits - Freeways,Not Applicable,Not Applicable,1,Traffic Citation
40.1599422,-76.825091,"Wednesday, June 17, 2026 9:36 PM",Maximum Speed Limits - Freeways,Not Applicable,Not Applicable,1,Traffic Citation
40.1599985,-76.824928,"Wednesday, October 1, 2025 3:26 AM",Maximum Speed Limits - Freeways,Not Applicable,Not Applicable,1,Traffic Citation
40.1600012,-78.993656,"Friday, July 4, 2025 2:56 PM",Maximum Speed Limits - Freeways,Not Applicable,Not Applicable,1,Traffic Citation
40.1605251,-75.889391,"Friday, June 19, 2026 9:56 PM",Maximum Speed Limits - Freeways,Not Applicable,Not Applicable,1,Traffic Citation
40.1606172,-75.298918,"Sunday, July 6, 2025 6:58 AM",Maximum Speed Limits - Freeways,Not Applicable,Not Applicable,1,Traffic Citation
40.1607129,-75.299223,"Thursday, February 26, 2026 8:31 AM",Maximum Speed Limits - Freeways,Not Applicable,Not Applicable,1,Traffic Citation
40.1607767,-77.290535,"Saturday, July 19, 2025 5:01 PM",Maximum Speed Limits - Freeways,Not Applicable,Not Applicable,1,Traffic Citation
40.1608454,-75.892123,"Wednesday, February 25, 2026 7:19 AM",Maximum Speed Limits - Freeways,Not Applicable,Not Applicable,1,Traffic Citation
40.1608887,-77.290288,"Saturday, March 14, 2026 7:25 PM",Maximum Speed Limits - Freeways,Not Applicable,Not Applicable,1,Traffic Citation
40.1608965,-78.499636,"Tuesday, February 10, 2026 3:24 PM",Maximum Speed Limits - Freeways,Not Applicable,Not Applicable,1,Traffic Citation
40.1609532,-75.124253,"Sunday, June 7, 2026 10:34 AM",Maximum Speed Limits - Freeways,Not Applicable,Not Applicable,1,Traffic Citation
40.1609843,-76.151819,"Sunday, July 6, 2025 3:58 PM",Maximum Speed Limits - Freeways,Not Applicable,Not Applicable,1,Traffic Citation
40.1611247,-77.609345,"Monday, June 15, 2026 5:51 PM",Maximum Speed Limits - Freeways,Not Applicable,Not Applicable,1,Traffic Citation
40.1611886,-76.152065,"Sunday, June 7, 2026 9:22 AM",Maximum Speed Limits - Freeways,Not Applicable,Not Applicable,2,Traffic Citation
40.1612269,-78.499431,"Wednesday, November 26, 2025 8:31 AM",Maximum Speed Limits - Freeways,Not Applicable,Not Applicable,1,Traffic Citation
40.1614117,-75.122037,"Saturday, November 8, 2025 12:15 PM",Maximum Speed Limits - Freeways,Not Applicable,Not Applicable,3,Traffic Citation
40.1615323,-78.498632,"Saturday, August 30, 2025 2:14 PM",Maximum Speed Limits - Freeways,Not Applicable,Not Applicable,1,Traffic Citation
40.1615348,-76.825902,"Thursday, October 2, 2025 2:13 PM",Maximum Speed Limits - Freeways,Not Applicable,Not Applicable,1,Traffic Citation
40.1615489,-76.579268,"Friday, February 13, 2026 6:10 AM",Maximum Speed Limits - Freeways,Not Applicable,Not Applicable,1,Traffic Citation
40.1616301,-75.120219,"Saturday, April 4, 2026 3:52 PM",Maximum Speed Limits - Freeways,Not Applicable,Not Applicable,4,Traffic Citation
40.161664,-77.288583,"Tuesday, April 14, 2026 10:06 PM",Maximum Speed Limits - Freeways,Not Applicable,Not Applicable,1,Traffic Citation
40.1617237,-77.288451,"Sunday, August 31, 2025 12:10 PM",Maximum Speed Limits - Freeways,Not Applicable,Not Applicable,1,Traffic Citation
40.1618083,-75.118539,"Thursday, January 1, 2026 12:49 PM",Maximum Speed Limits - Freeways,Not Applicable,Not Applicable,1,Traffic Citation
40.1619001,-77.288062,"Wednesday, November 26, 2025 9:39 PM",Maximum Speed Limits - Freeways,Not Applicable,Not Applicable,1,Traffic Citation
40.1620287,-79.933664,"Friday, September 5, 2025 12:15 PM",Maximum Speed Limits - Freeways,Not Applicable,Not Applicable,2,Traffic Citation
40.1620362,-77.287762,"Thursday, June 4, 2026 2:23 AM",Maximum Speed Limits - Freeways,Not Applicable,Not Applicable,1,Traffic Citation
40.1621754,-75.078932,"Monday, June 15, 2026 6:42 PM",Maximum Speed Limits - Freeways,Not Applicable,Not Applicable,1,Traffic Citation
40.1622627,-75.300261,"Tuesday, July 15, 2025 5:42 AM",Maximum Speed Limits - Freeways,Not Applicable,Not Applicable,1,Traffic Citation
40.1622725,-75.080871,"Tuesday, May 19, 2026 7:51 PM",Maximum Speed Limits - Freeways,Not Applicable,Not Applicable,1,Traffic Citation
40.1622992,-77.287181,"Sunday, August 31, 2025 12:52 PM",Maximum Speed Limits - Freeways,Not Applicable,Not Applicable,1,Traffic Citation
40.1623827,-75.080907,"Friday, November 7, 2025 10:22 PM",Maximum Speed Limits - Freeways,Not Applicable,Not Applicable,1,Traffic Citation
40.1624288,-75.084375,"Wednesday, April 29, 2026 8:27 PM",Maximum Speed Limits - Freeways,Not Applicable,Not Applicable,1,Traffic Citation
40.1624411,-75.300407,"Tuesday, November 18, 2025 8:05 AM",Maximum Speed Limits - Freeways,Not Applicable,Not Applicable,1,Traffic Citation
40.1628782,-76.826844,"Saturday, May 30, 2026 10:25 PM",Maximum Speed Limits - Freeways,Not Applicable,Not Applicable,1,Traffic Citation
40.1630722,-77.285462,"Friday, January 2, 2026 7:24 PM",Maximum Speed Limits - Freeways,Not Applicable,Not Applicable,1,Traffic Citation
40.1631082,-78.498332,"Wednesday, November 26, 2025 7:29 PM",Maximum Speed Limits - Freeways,Not Applicable,Not Applicable,1,Traffic Citation
40.1635126,-77.285108,"Thursday, May 21, 2026 3:29 PM",Maximum Speed Limits - Freeways,Not Applicable,Not Applicable,1,Traffic Citation
40.16385,-75.301559,"Tuesday, April 21, 2026 6:53 AM",Maximum Speed Limits - Freeways,Not Applicable,Not Applicable,2,Traffic Citation
40.1639072,-77.283626,"Friday, November 28, 2025 6:25 AM",Maximum Speed Limits - Freeways,Not Applicable,Not Applicable,1,Traffic Citation
40.1639237,-77.603535,"Sunday, May 24, 2026 9:25 AM",Maximum Speed Limits - Freeways,Not Applicable,Not Applicable,1,Traffic Citation
40.1639273,-77.603525,"Friday, January 23, 2026 5:19 PM",Maximum Speed Limits - Freeways,Not Applicable,Not Applicable,1,Traffic Citation
40.163931,-77.603514,"Sunday, June 21, 2026 5:23 PM",Maximum Speed Limits - Freeways,Not Applicable,Not Applicable,1,Traffic Citation
40.1639328,-77.603509,"Wednesday, January 7, 2026 11:36 AM",Maximum Speed Limits - Freeways,Not Applicable,Not Applicable,1,Traffic Citation
40.1639333,-77.603508,"Sunday, January 11, 2026 11:08 AM",Maximum Speed Limits - Freeways,Not Applicable,Not Applicable,1,Traffic Citation
40.1639342,-77.603505,"Friday, May 8, 2026 12:51 PM",Maximum Speed Limits - Freeways,Not Applicable,Not Applicable,1,Traffic Citation
40.1639355,-77.603501,"Friday, January 2, 2026 4:53 PM",Maximum Speed Limits - Freeways,Not Applicable,Not Applicable,2,Traffic Citation
40.1639381,-77.603494,"Friday, June 12, 2026 1:43 PM",Maximum Speed Limits - Freeways,Not Applicable,Not Applicable,1,Traffic Citation
40.1639518,-77.603454,"Sunday, May 24, 2026 3:08 PM",Maximum Speed Limits - Freeways,Not Applicable,Not Applicable,2,Traffic Citation
40.1640111,-77.603273,"Tuesday, June 30, 2026 11:46 AM",Maximum Speed Limits - Freeways,Not Applicable,Not Applicable,1,Traffic Citation
40.1640262,-77.283363,"Friday, October 31, 2025 10:20 PM",Maximum Speed Limits - Freeways,Not Applicable,Not Applicable,1,Traffic Citation
40.1640336,-77.603205,"Friday, June 12, 2026 10:56 AM",Maximum Speed Limits - Freeways,Not Applicable,Not Applicable,1,Traffic Citation
40.1640359,-77.603198,"Tuesday, February 17, 2026 2:57 PM",Maximum Speed Limits - Freeways,Not Applicable,Not Applicable,1,Traffic Citation
40.164164,-79.934469,"Sunday, November 30, 2025 7:27 PM",Maximum Speed Limits - Freeways,Not Applicable,Not Applicable,1,Traffic Citation
40.1644588,-77.601715,"Tuesday, April 21, 2026 5:32 PM",Maximum Speed Limits - Freeways,Not Applicable,Not Applicable,1,Traffic Citation
40.1644628,-77.601699,"Wednesday, November 19, 2025 4:25 PM",Maximum Speed Limits - Freeways,Not Applicable,Not Applicable,1,Traffic Citation
40.1645001,-77.282926,"Sunday, March 15, 2026 10:43 PM",Maximum Speed Limits - Freeways,Not Applicable,Not Applicable,1,Traffic Citation
40.1645815,-77.601211,"Tuesday, April 21, 2026 7:50 PM",Maximum Speed Limits - Freeways,Not Applicable,Not Applicable,2,Traffic Citation
40.1649597,-79.560874,"Sunday, August 31, 2025 7:10 PM",Maximum Speed Limits - Freeways,Not Applicable,Not Applicable,1,Traffic Citation
40.1649881,-76.828083,"Wednesday, October 1, 2025 9:40 PM",Maximum Speed Limits - Freeways,Not Applicable,Not Applicable,1,Traffic Citation
40.1650671,-75.904567,"Friday, August 29, 2025 9:52 PM",Maximum Speed Limits - Freeways,Not Applicable,Not Applicable,1,Traffic Citation
40.1652088,-77.597759,"Wednesday, January 7, 2026 12:17 PM",Maximum Speed Limits - Freeways,Not Applicable,Not Applicable,1,Traffic Citation
40.165225,-77.597655,"Monday, February 16, 2026 3:19 PM",Maximum Speed Limits - Freeways,Not Applicable,Not Applicable,1,Traffic Citation
40.1652674,-77.597382,"Sunday, May 24, 2026 9:37 AM",Maximum Speed Limits - Freeways,Not Applicable,Not Applicable,1,Traffic Citation
40.1652777,-77.597316,"Thursday, April 9, 2026 1:45 PM",Maximum Speed Limits - Freeways,Not Applicable,Not Applicable,1,Traffic Citation
40.1652919,-77.597229,"Saturday, April 18, 2026 9:12 AM",Maximum Speed Limits - Freeways,Not Applicable,Not Applicable,1,Traffic Citation
40.1653153,-77.597087,"Saturday, March 28, 2026 5:01 PM",Maximum Speed Limits - Freeways,Not Applicable,Not Applicable,1,Traffic Citation
40.1653816,-77.596684,"Saturday, February 28, 2026 1:41 PM",Maximum Speed Limits - Freeways,Not Applicable,Not Applicable,1,Traffic Citation
40.1654188,-77.280286,"Saturday, September 27, 2025 3:48 PM",Maximum Speed Limits - Freeways,Not Applicable,Not Applicable,2,Traffic Citation
40.1654295,-77.596393,"Thursday, February 26, 2026 2:02 PM",Maximum Speed Limits - Freeways,Not Applicable,Not Applicable,1,Traffic Citation
40.1655066,-77.595926,"Wednesday, February 25, 2026 6:32 PM",Maximum Speed Limits - Freeways,Not Applicable,Not Applicable,1,Traffic Citation
40.1656137,-77.595275,"Sunday, September 21, 2025 1:27 PM",Maximum Speed Limits - Freeways,Not Applicable,Not Applicable,1,Traffic Citation
40.1656424,-76.828498,"Thursday, October 9, 2025 12:15 AM",Maximum Speed Limits - Freeways,Not Applicable,Not Applicable,1,Traffic Citation
40.1657626,-76.828765,"Wednesday, October 8, 2025 10:18 PM",Maximum Speed Limits - Freeways,Not Applicable,Not Applicable,1,Traffic Citation
40.1659441,-75.303401,"Tuesday, March 17, 2026 5:58 AM",Maximum Speed Limits - Freeways,Not Applicable,Not Applicable,1,Traffic Citation
40.1659887,-77.279031,"Tuesday, May 26, 2026 2:36 PM",Maximum Speed Limits - Freeways,Not Applicable,Not Applicable,1,Traffic Citation
40.1661433,-79.93521,"Saturday, November 1, 2025 4:11 PM",Maximum Speed Limits - Freeways,Not Applicable,Not Applicable,1,Traffic Citation
40.1661764,-77.279243,"Saturday, January 3, 2026 10:38 PM",Maximum Speed Limits - Freeways,Not Applicable,Not Applicable,2,Traffic Citation
40.1663511,-75.884069,"Monday, June 22, 2026 9:06 AM",Maximum Speed Limits - Freeways,Not Applicable,Not Applicable,1,Traffic Citation
40.1663781,-75.905882,"Wednesday, February 4, 2026 7:20 PM",Maximum Speed Limits - Freeways,Not Applicable,Not Applicable,1,Traffic Citation
40.1664205,-77.278081,"Thursday, March 12, 2026 10:01 PM",Maximum Speed Limits - Freeways,Not Applicable,Not Applicable,1,Traffic Citation
40.1664304,-76.5856,"Friday, May 22, 2026 2:49 PM",Maximum Speed Limits - Freeways,Not Applicable,Not Applicable,1,Traffic Citation
40.1669785,-77.58709,"Saturday, November 22, 2025 1:50 PM",Maximum Speed Limits - Freeways,Not Applicable,Not Applicable,1,Traffic Citation
40.1670295,-76.829375,"Sunday, August 24, 2025 1:31 AM",Maximum Speed Limits - Freeways,Not Applicable,Not Applicable,1,Traffic Citation
40.1670616,-78.496325,"Friday, April 3, 2026 8:09 PM",Maximum Speed Limits - Freeways,Not Applicable,Not Applicable,1,Traffic Citation
40.1672581,-75.885951,"Tuesday, May 26, 2026 3:12 PM",Maximum Speed Limits - Freeways,Not Applicable,Not Applicable,1,Traffic Citation
40.1673303,-75.886302,"Wednesday, November 26, 2025 2:17 PM",Maximum Speed Limits - Freeways,Not Applicable,Not Applicable,1,Traffic Citation
40.1674021,-75.886674,"Wednesday, June 24, 2026 8:57 AM",Maximum Speed Limits - Freeways,Not Applicable,Not Applicable,3,Traffic Citation
40.16774,-75.888433,"Tuesday, April 21, 2026 12:55 PM",Maximum Speed Limits - Freeways,Not Applicable,Not Applicable,1,Traffic Citation
40.1677845,-76.829777,"Tuesday, October 14, 2025 11:10 PM",Maximum Speed Limits - Freeways,Not Applicable,Not Applicable,1,Traffic Citation
40.1678688,-77.581784,"Friday, January 2, 2026 5:19 PM",Maximum Speed Limits - Freeways,Not Applicable,Not Applicable,1,Traffic Citation
40.1678734,-77.581756,"Sunday, June 21, 2026 5:37 PM",Maximum Speed Limits - Freeways,Not Applicable,Not Applicable,1,Traffic Citation
40.1678776,-77.581732,"Friday, May 8, 2026 1:05 PM",Maximum Speed Limits - Freeways,Not Applicable,Not Applicable,1,Traffic Citation
40.1678789,-77.581724,"Friday, June 12, 2026 11:12 AM",Maximum Speed Limits - Freeways,Not Applicable,Not Applicable,1,Traffic Citation
40.1678804,-77.581715,"Sunday, May 24, 2026 9:55 AM",Maximum Speed Limits - Freeways,Not Applicable,Not Applicable,3,Traffic Citation
40.1678845,-77.581691,"Tuesday, June 30, 2026 12:19 PM",Maximum Speed Limits - Freeways,Not Applicable,Not Applicable,1,Traffic Citation
40.1678852,-77.581687,"Thursday, May 7, 2026 3:49 PM",Maximum Speed Limits - Freeways,Not Applicable,Not Applicable,1,Traffic Citation
40.1678854,-77.581686,"Saturday, April 11, 2026 4:33 PM",Maximum Speed Limits - Freeways,Not Applicable,Not Applicable,1,Traffic Citation
40.167886,-77.581683,"Wednesday, January 7, 2026 1:06 PM",Maximum Speed Limits - Freeways,Not Applicable,Not Applicable,1,Traffic Citation
40.1678861,-77.581682,"Sunday, May 24, 2026 3:32 PM",Maximum Speed Limits - Freeways,Not Applicable,Not Applicable,1,Traffic Citation
40.1678902,-77.581658,"Saturday, November 22, 2025 2:09 PM",Maximum Speed Limits - Freeways,Not Applicable,Not Applicable,1,Traffic Citation
40.1679084,-77.581551,"Sunday, January 11, 2026 11:29 AM",Maximum Speed Limits - Freeways,Not Applicable,Not Applicable,1,Traffic Citation
40.1679832,-78.495915,"Friday, March 27, 2026 3:52 PM",Maximum Speed Limits - Freeways,Not Applicable,Not Applicable,1,Traffic Citation
40.1680617,-75.890645,"Sunday, October 12, 2025 2:44 PM",Maximum Speed Limits - Freeways,Not Applicable,Not Applicable,1,Traffic Citation
40.1681793,-77.579963,"Sunday, July 6, 2025 11:18 AM",Maximum Speed Limits - Freeways,Not Applicable,Not Applicable,1,Traffic Citation
40.1681833,-78.992746,"Tuesday, January 20, 2026 9:40 AM",Maximum Speed Limits - Freeways,Not Applicable,Not Applicable,1,Traffic Citation
40.1681883,-77.57991,"Monday, June 1, 2026 6:20 PM",Maximum Speed Limits - Freeways,Not Applicable,Not Applicable,1,Traffic Citation
40.1681887,-76.830236,"Thursday, October 9, 2025 1:17 AM",Maximum Speed Limits - Freeways,Not Applicable,Not Applicable,1,Traffic Citation
40.1681938,-77.579878,"Friday, September 12, 2025 8:26 AM",Maximum Speed Limits - Freeways,Not Applicable,Not Applicable,1,Traffic Citation
40.1681973,-77.579857,"Saturday, October 25, 2025 4:58 PM",Maximum Speed Limits - Freeways,Not Applicable,Not Applicable,1,Traffic Citation
40.1682052,-77.57981,"Tuesday, July 1, 2025 11:37 AM",Maximum Speed Limits - Freeways,Not Applicable,Not Applicable,2,Traffic Citation
40.1682067,-77.579801,"Thursday, July 3, 2025 8:03 PM",Maximum Speed Limits - Freeways,Not Applicable,Not Applicable,1,Traffic Citation
40.1682078,-77.579794,"Monday, June 15, 2026 12:02 PM",Maximum Speed Limits - Freeways,Not Applicable,Not Applicable,1,Traffic Citation
40.1682249,-77.579692,"Friday, December 19, 2025 10:00 AM",Maximum Speed Limits - Freeways,Not Applicable,Not Applicable,1,Traffic Citation
40.1682276,-77.579676,"Monday, November 17, 2025 11:05 AM",Maximum Speed Limits - Freeways,Not Applicable,Not Applicable,1,Traffic Citation
40.168279,-77.57937,"Tuesday, April 21, 2026 6:03 PM",Maximum Speed Limits - Freeways,Not Applicable,Not Applicable,1,Traffic Citation
40.1683031,-76.830182,"Thursday, October 9, 2025 4:10 AM",Maximum Speed Limits - Freeways,Not Applicable,Not Applicable,1,Traffic Citation
40.1684032,-75.892024,"Wednesday, November 26, 2025 1:59 PM",Maximum Speed Limits - Freeways,Not Applicable,Not Applicable,1,Traffic Citation
40.1684725,-77.578217,"Thursday, September 4, 2025 6:23 PM",Maximum Speed Limits - Freeways,Not Applicable,Not Applicable,2,Traffic Citation
40.1684819,-77.57816,"Wednesday, August 13, 2025 6:23 PM",Maximum Speed Limits - Freeways,Not Applicable,Not Applicable,1,Traffic Citation
40.1685227,-77.577917,"Monday, December 29, 2025 4:36 PM",Maximum Speed Limits - Freeways,Not Applicable,Not Applicable,1,Traffic Citation
40.1685793,-76.150029,"Friday, April 3, 2026 6:53 AM",Maximum Speed Limits - Freeways,Not Applicable,Not Applicable,1,Traffic Citation
40.1686345,-75.901859,"Wednesday, July 16, 2025 3:51 PM",Maximum Speed Limits - Freeways,Not Applicable,Not Applicable,1,Traffic Citation
40.1686433,-76.830525,"Wednesday, October 22, 2025 7:55 AM",Maximum Speed Limits - Freeways,Not Applicable,Not Applicable,1,Traffic Citation
40.1686791,-75.900918,"Tuesday, June 16, 2026 12:33 PM",Maximum Speed Limits - Freeways,Not Applicable,Not Applicable,1,Traffic Citation
40.1687323,-76.830581,"Wednesday, October 8, 2025 6:24 PM",Maximum Speed Limits - Freeways,Not Applicable,Not Applicable,1,Traffic Citation
40.1687638,-75.304918,"Sunday, March 29, 2026 9:14 PM",Maximum Speed Limits - Freeways,Not Applicable,Not Applicable,1,Traffic Citation
40.1688468,-75.896708,"Friday, January 2, 2026 2:33 PM",Maximum Speed Limits - Freeways,Not Applicable,Not Applicable,1,Traffic Citation
40.1688667,-77.575863,"Thursday, May 28, 2026 7:21 PM",Maximum Speed Limits - Freeways,Not Applicable,Not Applicable,1,Traffic Citation
40.1689305,-76.830706,"Thursday, November 6, 2025 4:58 PM",Maximum Speed Limits - Freeways,Not Applicable,Not Applicable,1,Traffic Citation
40.1690169,-75.906165,"Wednesday, February 4, 2026 8:39 AM",Maximum Speed Limits - Freeways,Not Applicable,Not Applicable,2,Traffic Citation
40.1690345,-78.495475,"Saturday, August 30, 2025 11:49 AM",Maximum Speed Limits - Freeways,Not Applicable,Not Applicable,1,Traffic Citation
40.1690921,-77.574515,"Thursday, April 16, 2026 7:41 PM",Maximum Speed Limits - Freeways,Not Applicable,Not Applicable,1,Traffic Citation
40.1692247,-76.149727,"Wednesday, December 3, 2025 10:15 PM",Maximum Speed Limits - Freeways,Not Applicable,Not Applicable,1,Traffic Citation
40.1692692,-77.574315,"Thursday, July 31, 2025 11:55 AM",Maximum Speed Limits - Freeways,Not Applicable,Not Applicable,1,Traffic Citation
40.1692757,-76.830923,"Thursday, October 2, 2025 12:12 AM",Maximum Speed Limits - Freeways,Not Applicable,Not Applicable,1,Traffic Citation
40.1694812,-76.150001,"Sunday, March 15, 2026 12:12 PM",Maximum Speed Limits - Freeways,Not Applicable,Not Applicable,1,Traffic Citation
40.1695474,-78.495269,"Saturday, March 28, 2026 2:39 PM",Maximum Speed Limits - Freeways,Not Applicable,Not Applicable,1,Traffic Citation
40.1697614,-77.270553,"Sunday, August 3, 2025 11:52 AM",Maximum Speed Limits - Freeways,Not Applicable,Not Applicable,1,Traffic Citation
40.1699165,-79.936627,"Friday, October 24, 2025 5:43 PM",Maximum Speed Limits - Freeways,Not Applicable,Not Applicable,1,Traffic Citation
40.1700437,-77.568853,"Sunday, July 20, 2025 1:07 PM",Maximum Speed Limits - Freeways,Not Applicable,Not Applicable,1,Traffic Citation
40.1701128,-77.568438,"Sunday, September 7, 2025 7:22 PM",Maximum Speed Limits - Freeways,Not Applicable,Not Applicable,1,Traffic Citation
40.1701479,-77.269596,"Thursday, October 23, 2025 10:00 PM",Maximum Speed Limits - Freeways,Not Applicable,Not Applicable,2,Traffic Citation
40.1701995,-77.567919,"Sunday, September 7, 2025 4:41 PM",Maximum Speed Limits - Freeways,Not Applicable,Not Applicable,1,Traffic Citation
40.1702404,-77.567674,"Friday, July 4, 2025 4:37 PM",Maximum Speed Limits - Freeways,Not Applicable,Not Applicable,1,Traffic Citation
40.1702442,-77.567651,"Saturday, September 6, 2025 7:42 PM",Maximum Speed Limits - Freeways,Not Applicable,Not Applicable,1,Traffic Citation
40.1702848,-77.567408,"Sunday, July 6, 2025 1:21 PM",Maximum Speed Limits - Freeways,Not Applicable,Not Applicable,1,Traffic Citation
40.1702913,-77.567369,"Tuesday, April 21, 2026 7:53 AM",Maximum Speed Limits - Freeways,Not Applicable,Not Applicable,1,Traffic Citation
40.1703274,-77.567153,"Wednesday, November 19, 2025 4:49 PM",Maximum Speed Limits - Freeways,Not Applicable,Not Applicable,1,Traffic Citation
40.17033,-77.567137,"Saturday, February 14, 2026 5:25 PM",Maximum Speed Limits - Freeways,Not Applicable,Not Applicable,1,Traffic Citation
40.170342,-77.567066,"Monday, February 16, 2026 3:43 PM",Maximum Speed Limits - Freeways,Not Applicable,Not Applicable,1,Traffic Citation
40.1703426,-77.567062,"Saturday, November 1, 2025 1:53 PM",Maximum Speed Limits - Freeways,Not Applicable,Not Applicable,1,Traffic Citation
40.1703579,-77.56697,"Saturday, March 21, 2026 12:40 PM",Maximum Speed Limits - Freeways,Not Applicable,Not Applicable,1,Traffic Citation
40.1703874,-77.566793,"Friday, June 5, 2026 12:47 PM",Maximum Speed Limits - Freeways,Not Applicable,Not Applicable,1,Traffic Citation
40.170389,-77.566784,"Wednesday, February 4, 2026 5:13 PM",Maximum Speed Limits - Freeways,Not Applicable,Not Applicable,1,Traffic Citation
40.1704113,-77.56637,"Saturday, April 11, 2026 6:35 PM",Maximum Speed Limits - Freeways,Not Applicable,Not Applicable,1,Traffic Citation
40.1704241,-77.567436,"Friday, October 3, 2025 5:53 PM",Maximum Speed Limits - Freeways,Not Applicable,Not Applicable,1,Traffic Citation
40.1704281,-77.566548,"Friday, October 24, 2025 11:31 AM",Maximum Speed Limits - Freeways,Not Applicable,Not Applicable,1,Traffic Citation
40.1704751,-77.566268,"Tuesday, February 17, 2026 5:05 PM",Maximum Speed Limits - Freeways,Not Applicable,Not Applicable,1,Traffic Citation
40.1704931,-77.566161,"Saturday, February 21, 2026 6:52 PM",Maximum Speed Limits - Freeways,Not Applicable,Not Applicable,2,Traffic Citation
40.1704988,-77.566981,"Thursday, March 19, 2026 12:27 PM",Maximum Speed Limits - Freeways,Not Applicable,Not Applicable,1,Traffic Citation
40.1705014,-77.566965,"Saturday, February 14, 2026 4:09 PM",Maximum Speed Limits - Freeways,Not Applicable,Not Applicable,2,Traffic Citation
40.1705055,-77.56694,"Saturday, March 28, 2026 3:57 PM",Maximum Speed Limits - Freeways,Not Applicable,Not Applicable,1,Traffic Citation
40.1705289,-77.268626,"Wednesday, November 26, 2025 2:09 PM",Maximum Speed Limits - Freeways,Not Applicable,Not Applicable,1,Traffic Citation
40.1705436,-77.565862,"Thursday, October 2, 2025 7:06 PM",Maximum Speed Limits - Freeways,Not Applicable,Not Applicable,1,Traffic Citation
40.1705862,-78.494866,"Saturday, March 28, 2026 12:31 PM",Maximum Speed Limits - Freeways,Not Applicable,Not Applicable,1,Traffic Citation
40.1708382,-78.494772,"Wednesday, February 11, 2026 11:01 AM",Maximum Speed Limits - Freeways,Not Applicable,Not Applicable,1,Traffic Citation
40.1708921,-76.831945,"Monday, June 29, 2026 9:28 PM",Maximum Speed Limits - Freeways,Not Applicable,Not Applicable,1,Traffic Citation
40.1709707,-77.563323,"Thursday, July 3, 2025 8:22 PM",Maximum Speed Limits - Freeways,Not Applicable,Not Applicable,1,Traffic Citation
40.1712773,-77.561478,"Friday, April 10, 2026 6:33 PM",Maximum Speed Limits - Freeways,Not Applicable,Not Applicable,1,Traffic Citation
40.1713982,-75.909525,"Thursday, July 3, 2025 7:14 PM",Maximum Speed Limits - Freeways,Not Applicable,Not Applicable,2,Traffic Citation
40.1714624,-78.494549,"Friday, April 3, 2026 7:17 PM",Maximum Speed Limits - Freeways,Not Applicable,Not Applicable,1,Traffic Citation
40.1717329,-78.494455,"Saturday, November 29, 2025 7:49 PM",Maximum Speed Limits - Freeways,Not Applicable,Not Applicable,1,Traffic Citation
40.1717636,-79.937008,"Thursday, May 21, 2026 1:10 PM",Maximum Speed Limits - Freeways,Not Applicable,Not Applicable,3,Traffic Citation
40.1718029,-77.55893,"Saturday, July 5, 2025 4:30 PM",Maximum Speed Limits - Freeways,Not Applicable,Not Applicable,1,Traffic Citation
40.1718423,-75.306561,"Wednesday, August 13, 2025 2:37 PM",Maximum Speed Limits - Freeways,Not Applicable,Not Applicable,1,Traffic Citation
40.171897,-75.90997,"Wednesday, February 4, 2026 7:31 AM",Maximum Speed Limits - Freeways,Not Applicable,Not Applicable,1,Traffic Citation
40.1719105,-79.937063,"Tuesday, April 7, 2026 12:59 PM",Maximum Speed Limits - Freeways,Not Applicable,Not Applicable,1,Traffic Citation
40.1721094,-75.306471,"Wednesday, May 20, 2026 11:09 PM",Maximum Speed Limits - Freeways,Not Applicable,Not Applicable,1,Traffic Citation
40.172159,-75.979772,"Wednesday, December 31, 2025 11:39 AM",Maximum Speed Limits - Freeways,Not Applicable,Not Applicable,1,Traffic Citation
40.1721869,-78.494303,"Friday, August 15, 2025 8:50 AM",Maximum Speed Limits - Freeways,Not Applicable,Not Applicable,1,Traffic Citation
40.17229,-75.91019,"Tuesday, May 26, 2026 4:02 PM",Maximum Speed Limits - Freeways,Not Applicable,Not Applicable,1,Traffic Citation
40.1723648,-76.832881,"Saturday, June 20, 2026 10:39 PM",Maximum Speed Limits - Freeways,Not Applicable,Not Applicable,1,Traffic Citation
40.1723872,-75.306791,"Friday, July 4, 2025 12:11 PM",Maximum Speed Limits - Freeways,Not Applicable,Not Applicable,1,Traffic Citation
40.1724082,-77.555346,"Monday, May 4, 2026 1:03 PM",Maximum Speed Limits - Freeways,Not Applicable,Not Applicable,1,Traffic Citation
40.1724339,-75.306811,"Sunday, November 30, 2025 6:26 AM",Maximum Speed Limits - Freeways,Not Applicable,Not Applicable,1,Traffic Citation
40.1725007,-77.554207,"Sunday, March 1, 2026 5:07 PM",Maximum Speed Limits - Freeways,Not Applicable,Not Applicable,1,Traffic Citation
40.1725987,-75.910416,"Wednesday, June 24, 2026 9:48 AM",Maximum Speed Limits - Freeways,Not Applicable,Not Applicable,1,Traffic Citation
40.1726254,-75.910436,"Tuesday, March 17, 2026 1:19 PM",Maximum Speed Limits - Freeways,Not Applicable,Not Applicable,1,Traffic Citation
40.1726325,-76.832915,"Wednesday, October 8, 2025 6:01 PM",Maximum Speed Limits - Freeways,Not Applicable,Not Applicable,1,Traffic Citation
40.1727907,-77.262763,"Tuesday, September 30, 2025 12:16 AM",Maximum Speed Limits - Freeways,Not Applicable,Not Applicable,1,Traffic Citation
40.1728074,-77.55239,"Friday, April 3, 2026 11:26 AM",Maximum Speed Limits - Freeways,Not Applicable,Not Applicable,1,Traffic Citation
40.1728155,-75.306972,"Monday, July 7, 2025 10:22 PM",Maximum Speed Limits - Freeways,Not Applicable,Not Applicable,2,Traffic Citation
40.1729362,-75.915415,"Sunday, May 31, 2026 7:32 AM",Maximum Speed Limits - Freeways,Not Applicable,Not Applicable,1,Traffic Citation
40.1729569,-77.263005,"Wednesday, December 24, 2025 8:57 AM",Maximum Speed Limits - Freeways,Not Applicable,Not Applicable,1,Traffic Citation
40.1729827,-78.49404,"Friday, April 3, 2026 12:26 PM",Maximum Speed Limits - Freeways,Not Applicable,Not Applicable,1,Traffic Citation
40.1729938,-77.551296,"Thursday, July 3, 2025 3:02 PM",Maximum Speed Limits - Freeways,Not Applicable,Not Applicable,1,Traffic Citation
40.173069,-76.146388,"Monday, September 15, 2025 11:54 PM",Maximum Speed Limits - Freeways,Not Applicable,Not Applicable,1,Traffic Citation
40.1731205,-77.550537,"Friday, January 16, 2026 9:54 AM",Maximum Speed Limits - Freeways,Not Applicable,Not Applicable,1,Traffic Citation
40.1732382,-77.549836,"Wednesday, July 30, 2025 5:18 PM",Maximum Speed Limits - Freeways,Not Applicable,Not Applicable,1,Traffic Citation
40.1732397,-78.493957,"Friday, August 29, 2025 6:17 PM",Maximum Speed Limits - Freeways,Not Applicable,Not Applicable,1,Traffic Citation
40.1732506,-75.957188,"Tuesday, March 17, 2026 7:05 PM",Maximum Speed Limits - Freeways,Not Applicable,Not Applicable,1,Traffic Citation
40.1733117,-77.549397,"Saturday, August 23, 2025 9:25 AM",Maximum Speed Limits - Freeways,Not Applicable,Not Applicable,1,Traffic Citation
40.1734191,-78.493899,"Sunday, November 30, 2025 9:24 PM",Maximum Speed Limits - Freeways,Not Applicable,Not Applicable,1,Traffic Citation
40.1734602,-78.493887,"Saturday, June 20, 2026 10:50 AM",Maximum Speed Limits - Freeways,Not Applicable,Not Applicable,1,Traffic Citation
40.1734718,-78.493883,"Friday, October 10, 2025 4:58 PM",Maximum Speed Limits - Freeways,Not Applicable,Not Applicable,1,Traffic Citation
40.1735732,-77.260729,"Wednesday, June 10, 2026 5:23 PM",Maximum Speed Limits - Freeways,Not Applicable,Not Applicable,1,Traffic Citation
40.1737322,-77.546876,"Sunday, May 24, 2026 3:47 PM",Maximum Speed Limits - Freeways,Not Applicable,Not Applicable,1,Traffic Citation
40.1737485,-78.4938,"Friday, August 15, 2025 8:23 AM",Maximum Speed Limits - Freeways,Not Applicable,Not Applicable,1,Traffic Citation
40.17382,-75.944537,"Thursday, May 7, 2026 1:14 PM",Maximum Speed Limits - Freeways,Not Applicable,Not Applicable,1,Traffic Citation
40.1738905,-78.493757,"Friday, October 10, 2025 5:48 PM",Maximum Speed Limits - Freeways,Not Applicable,Not Applicable,1,Traffic Citation
40.173912,-75.911448,"Wednesday, June 24, 2026 8:41 AM",Maximum Speed Limits - Freeways,Not Applicable,Not Applicable,1,Traffic Citation
40.1739416,-75.960343,"Wednesday, December 24, 2025 3:03 PM",Maximum Speed Limits - Freeways,Not Applicable,Not Applicable,1,Traffic Citation
40.1739495,-75.944403,"Monday, September 1, 2025 12:06 PM",Maximum Speed Limits - Freeways,Not Applicable,Not Applicable,1,Traffic Citation
40.1739719,-75.307255,"Sunday, September 14, 2025 4:20 PM",Maximum Speed Limits - Freeways,Not Applicable,Not Applicable,1,Traffic Citation
40.1739755,-78.493732,"Monday, September 1, 2025 12:31 PM",Maximum Speed Limits - Freeways,Not Applicable,Not Applicable,1,Traffic Citation
40.1740149,-77.545184,"Monday, February 2, 2026 3:03 PM",Maximum Speed Limits - Freeways,Not Applicable,Not Applicable,1,Traffic Citation
40.1740734,-79.937888,"Wednesday, November 5, 2025 7:11 AM",Maximum Speed Limits - Freeways,Not Applicable,Not Applicable,1,Traffic Citation
40.1741096,-75.943324,"Sunday, April 26, 2026 7:49 PM",Maximum Speed Limits - Freeways,Not Applicable,Not Applicable,1,Traffic Citation
40.1741301,-75.961029,"Friday, October 31, 2025 10:17 AM",Maximum Speed Limits - Freeways,Not Applicable,Not Applicable,1,Traffic Citation
40.1741779,-75.9836,"Thursday, April 9, 2026 10:52 AM",Maximum Speed Limits - Freeways,Not Applicable,Not Applicable,3,Traffic Citation
40.1741916,-77.544139,"Wednesday, November 26, 2025 11:27 PM",Maximum Speed Limits - Freeways,Not Applicable,Not Applicable,1,Traffic Citation
40.1742137,-75.961002,"Monday, September 1, 2025 12:40 PM",Maximum Speed Limits - Freeways,Not Applicable,Not Applicable,1,Traffic Citation
40.1742528,-78.493648,"Sunday, August 31, 2025 10:25 AM",Maximum Speed Limits - Freeways,Not Applicable,Not Applicable,1,Traffic Citation
40.1742965,-78.493635,"Friday, October 10, 2025 4:05 PM",Maximum Speed Limits - Freeways,Not Applicable,Not Applicable,1,Traffic Citation
40.1743115,-77.54341,"Sunday, June 21, 2026 5:54 PM",Maximum Speed Limits - Freeways,Not Applicable,Not Applicable,1,Traffic Citation
40.1743183,-77.543369,"Thursday, May 7, 2026 5:23 PM",Maximum Speed Limits - Freeways,Not Applicable,Not Applicable,1,Traffic Citation
40.1743238,-77.543336,"Friday, June 12, 2026 11:27 AM",Maximum Speed Limits - Freeways,Not Applicable,Not Applicable,5,Traffic Citation
40.1743247,-77.543331,"Friday, March 6, 2026 1:00 PM",Maximum Speed Limits - Freeways,Not Applicable,Not Applicable,1,Traffic Citation
40.1743253,-77.543327,"Friday, May 8, 2026 1:23 PM",Maximum Speed Limits - Freeways,Not Applicable,Not Applicable,1,Traffic Citation
40.1743274,-78.493626,"Monday, September 1, 2025 10:43 AM",Maximum Speed Limits - Freeways,Not Applicable,Not Applicable,1,Traffic Citation
40.1743479,-78.493621,"Tuesday, April 21, 2026 9:17 AM",Maximum Speed Limits - Freeways,Not Applicable,Not Applicable,1,Traffic Citation
40.17435,-77.54318,"Saturday, April 18, 2026 11:28 AM",Maximum Speed Limits - Freeways,Not Applicable,Not Applicable,3,Traffic Citation
40.1743567,-77.54314,"Thursday, May 7, 2026 4:23 PM",Maximum Speed Limits - Freeways,Not Applicable,Not Applicable,1,Traffic Citation
40.1743751,-77.54303,"Friday, June 12, 2026 1:57 PM",Maximum Speed Limits - Freeways,Not Applicable,Not Applicable,1,Traffic Citation
40.1743758,-78.493613,"Friday, March 27, 2026 5:32 PM",Maximum Speed Limits - Freeways,Not Applicable,Not Applicable,1,Traffic Citation
40.1743932,-78.493608,"Saturday, April 11, 2026 4:04 PM",Maximum Speed Limits - Freeways,Not Applicable,Not Applicable,1,Traffic Citation
40.1744211,-77.258531,"Monday, March 23, 2026 10:53 PM",Maximum Speed Limits - Freeways,Not Applicable,Not Applicable,1,Traffic Citation
40.1744311,-78.493597,"Tuesday, February 24, 2026 4:23 PM",Maximum Speed Limits - Freeways,Not Applicable,Not Applicable,1,Traffic Citation
40.1745248,-77.542136,"Saturday, July 5, 2025 11:30 AM",Maximum Speed Limits - Freeways,Not Applicable,Not Applicable,1,Traffic Citation
40.1745269,-77.542123,"Tuesday, April 7, 2026 1:07 PM",Maximum Speed Limits - Freeways,Not Applicable,Not Applicable,1,Traffic Citation
40.1745312,-77.542097,"Sunday, May 24, 2026 10:21 AM",Maximum Speed Limits - Freeways,Not Applicable,Not Applicable,2,Traffic Citation
40.1745325,-75.307495,"Monday, March 23, 2026 7:45 AM",Maximum Speed Limits - Freeways,Not Applicable,Not Applicable,1,Traffic Citation
40.1745355,-77.542071,"Sunday, October 12, 2025 3:10 PM",Maximum Speed Limits - Freeways,Not Applicable,Not Applicable,2,Traffic Citation
40.1745375,-77.542059,"Thursday, April 16, 2026 2:09 PM",Maximum Speed Limits - Freeways,Not Applicable,Not Applicable,1,Traffic Citation
40.1745425,-77.542029,"Wednesday, October 8, 2025 6:59 PM",Maximum Speed Limits - Freeways,Not Applicable,Not Applicable,1,Traffic Citation
40.1745431,-77.542024,"Tuesday, April 21, 2026 6:18 PM",Maximum Speed Limits - Freeways,Not Applicable,Not Applicable,1,Traffic Citation
40.1745442,-77.542018,"Sunday, March 1, 2026 11:44 AM",Maximum Speed Limits - Freeways,Not Applicable,Not Applicable,3,Traffic Citation
40.1745453,-77.542011,"Friday, January 2, 2026 5:46 PM",Maximum Speed Limits - Freeways,Not Applicable,Not Applicable,1,Traffic Citation
40.1745455,-77.54201,"Wednesday, February 25, 2026 7:27 PM",Maximum Speed Limits - Freeways,Not Applicable,Not Applicable,1,Traffic Citation
40.1745456,-77.54201,"Tuesday, April 21, 2026 2:28 PM",Maximum Speed Limits - Freeways,Not Applicable,Not Applicable,1,Traffic Citation
40.1745468,-77.542002,"Saturday, February 28, 2026 1:56 PM",Maximum Speed Limits - Freeways,Not Applicable,Not Applicable,1,Traffic Citation
40.1745597,-77.541924,"Monday, February 16, 2026 3:58 PM",Maximum Speed Limits - Freeways,Not Applicable,Not Applicable,1,Traffic Citation
40.1745768,-78.493557,"Saturday, April 11, 2026 4:51 PM",Maximum Speed Limits - Freeways,Not Applicable,Not Applicable,1,Traffic Citation
40.1745783,-77.541811,"Monday, October 20, 2025 3:00 PM",Maximum Speed Limits - Freeways,Not Applicable,Not Applicable,2,Traffic Citation
40.1745956,-76.834295,"Tuesday, September 9, 2025 12:11 AM",Maximum Speed Limits - Freeways,Not Applicable,Not Applicable,1,Traffic Citation
40.1746119,-75.968412,"Wednesday, June 17, 2026 8:05 AM",Maximum Speed Limits - Freeways,Not Applicable,Not Applicable,1,Traffic Citation
40.1746521,-78.493536,"Friday, March 27, 2026 4:47 PM",Maximum Speed Limits - Freeways,Not Applicable,Not Applicable,1,Traffic Citation
40.1746635,-77.541298,"Wednesday, January 7, 2026 1:21 PM",Maximum Speed Limits - Freeways,Not Applicable,Not Applicable,1,Traffic Citation
40.1747243,-77.257731,"Friday, November 28, 2025 6:49 AM",Maximum Speed Limits - Freeways,Not Applicable,Not Applicable,1,Traffic Citation
40.1747716,-76.834407,"Thursday, June 18, 2026 1:25 AM",Maximum Speed Limits - Freeways,Not Applicable,Not Applicable,1,Traffic Citation
40.1748756,-78.493476,"Friday, October 10, 2025 3:48 PM",Maximum Speed Limits - Freeways,Not Applicable,Not Applicable,1,Traffic Citation
40.1748863,-78.492651,"Thursday, July 3, 2025 6:29 PM",Maximum Speed Limits - Freeways,Not Applicable,Not Applicable,1,Traffic Citation
40.1748908,-77.257295,"Friday, March 13, 2026 8:52 PM",Maximum Speed Limits - Freeways,Not Applicable,Not Applicable,1,Traffic Citation
40.1748949,-78.492648,"Friday, July 4, 2025 10:22 AM",Maximum Speed Limits - Freeways,Not Applicable,Not Applicable,1,Traffic Citation
40.1749085,-77.257249,"Friday, November 28, 2025 6:14 AM",Maximum Speed Limits - Freeways,Not Applicable,Not Applicable,1,Traffic Citation
40.1749093,-78.492644,"Thursday, July 3, 2025 3:07 PM",Maximum Speed Limits - Freeways,Not Applicable,Not Applicable,2,Traffic Citation
40.1749163,-76.834499,"Thursday, June 18, 2026 12:39 AM",Maximum Speed Limits - Freeways,Not Applicable,Not Applicable,1,Traffic Citation
40.1749191,-75.940273,"Tuesday, March 17, 2026 6:51 PM",Maximum Speed Limits - Freeways,Not Applicable,Not Applicable,1,Traffic Citation
40.1749316,-76.142705,"Tuesday, January 13, 2026 4:46 PM",Maximum Speed Limits - Freeways,Not Applicable,Not Applicable,2,Traffic Citation
40.1750073,-76.834556,"Wednesday, June 17, 2026 10:55 PM",Maximum Speed Limits - Freeways,Not Applicable,Not Applicable,1,Traffic Citation
40.1750106,-77.539236,"Friday, April 17, 2026 11:29 PM",Maximum Speed Limits - Freeways,Not Applicable,Not Applicable,1,Traffic Citation
40.1750409,-78.493431,"Saturday, April 4, 2026 1:22 PM",Maximum Speed Limits - Freeways,Not Applicable,Not Applicable,1,Traffic Citation
40.1750564,-78.492602,"Thursday, July 3, 2025 2:28 PM",Maximum Speed Limits - Freeways,Not Applicable,Not Applicable,1,Traffic Citation
40.1750826,-78.49342,"Friday, October 10, 2025 3:32 PM",Maximum Speed Limits - Freeways,Not Applicable,Not Applicable,1,Traffic Citation
40.175119,-78.492585,"Thursday, July 3, 2025 2:08 PM",Maximum Speed Limits - Freeways,Not Applicable,Not Applicable,1,Traffic Citation
40.1751211,-78.493409,"Monday, January 12, 2026 10:23 AM",Maximum Speed Limits - Freeways,Not Applicable,Not Applicable,1,Traffic Citation
40.1751581,-76.834652,"Wednesday, October 1, 2025 2:43 AM",Maximum Speed Limits - Freeways,Not Applicable,Not Applicable,1,Traffic Citation
40.1752229,-76.142255,"Wednesday, March 25, 2026 1:28 PM",Maximum Speed Limits - Freeways,Not Applicable,Not Applicable,1,Traffic Citation
40.1752431,-78.492551,"Friday, July 4, 2025 9:38 AM",Maximum Speed Limits - Freeways,Not Applicable,Not Applicable,1,Traffic Citation
40.1752445,-76.834707,"Saturday, June 20, 2026 11:56 PM",Maximum Speed Limits - Freeways,Not Applicable,Not Applicable,1,Traffic Citation
40.175267,-77.256339,"Thursday, September 4, 2025 2:58 AM",Maximum Speed Limits - Freeways,Not Applicable,Not Applicable,1,Traffic Citation
40.1752792,-77.256953,"Saturday, May 30, 2026 4:19 PM",Maximum Speed Limits - Freeways,Not Applicable,Not Applicable,1,Traffic Citation
40.1752931,-78.492537,"Sunday, July 6, 2025 8:29 AM",Maximum Speed Limits - Freeways,Not Applicable,Not Applicable,1,Traffic Citation
40.1753088,-78.492532,"Thursday, July 3, 2025 5:04 PM",Maximum Speed Limits - Freeways,Not Applicable,Not Applicable,2,Traffic Citation
40.1753333,-78.492526,"Friday, July 4, 2025 11:29 AM",Maximum Speed Limits - Freeways,Not Applicable,Not Applicable,1,Traffic Citation
40.1754274,-78.492499,"Thursday, July 3, 2025 3:51 PM",Maximum Speed Limits - Freeways,Not Applicable,Not Applicable,1,Traffic Citation
40.1754312,-78.492498,"Wednesday, November 26, 2025 9:12 AM",Maximum Speed Limits - Freeways,Not Applicable,Not Applicable,1,Traffic Citation
40.1754422,-78.493322,"Thursday, January 8, 2026 10:09 AM",Maximum Speed Limits - Freeways,Not Applicable,Not Applicable,1,Traffic Citation
40.1755092,-78.493303,"Tuesday, April 21, 2026 9:32 AM",Maximum Speed Limits - Freeways,Not Applicable,Not Applicable,1,Traffic Citation
40.1755319,-75.912554,"Saturday, August 30, 2025 3:03 PM",Maximum Speed Limits - Freeways,Not Applicable,Not Applicable,1,Traffic Citation
40.175532,-78.49247,"Wednesday, July 30, 2025 2:12 PM",Maximum Speed Limits - Freeways,Not Applicable,Not Applicable,1,Traffic Citation
40.1755956,-75.922293,"Friday, March 20, 2026 12:34 PM",Maximum Speed Limits - Freeways,Not Applicable,Not Applicable,1,Traffic Citation
40.1755981,-78.493279,"Friday, April 3, 2026 1:43 PM",Maximum Speed Limits - Freeways,Not Applicable,Not Applicable,1,Traffic Citation
40.1756039,-78.492451,"Thursday, July 3, 2025 12:24 PM",Maximum Speed Limits - Freeways,Not Applicable,Not Applicable,1,Traffic Citation
40.1756206,-77.535618,"Thursday, September 4, 2025 6:52 PM",Maximum Speed Limits - Freeways,Not Applicable,Not Applicable,1,Traffic Citation
40.175624,-75.912994,"Wednesday, February 4, 2026 11:54 AM",Maximum Speed Limits - Freeways,Not Applicable,Not Applicable,1,Traffic Citation
40.1757971,-78.493224,"Friday, March 27, 2026 3:39 PM",Maximum Speed Limits - Freeways,Not Applicable,Not Applicable,1,Traffic Citation
40.1758865,-78.492372,"Sunday, July 6, 2025 7:35 AM",Maximum Speed Limits - Freeways,Not Applicable,Not Applicable,1,Traffic Citation
40.1759272,-75.308073,"Wednesday, September 24, 2025 6:15 PM",Maximum Speed Limits - Freeways,Not Applicable,Not Applicable,1,Traffic Citation
40.176002,-78.493168,"Sunday, August 31, 2025 9:54 AM",Maximum Speed Limits - Freeways,Not Applicable,Not Applicable,1,Traffic Citation
40.1761044,-76.835252,"Thursday, June 25, 2026 9:50 PM",Maximum Speed Limits - Freeways,Not Applicable,Not Applicable,1,Traffic Citation
40.1761293,-78.492305,"Friday, August 29, 2025 7:56 PM",Maximum Speed Limits - Freeways,Not Applicable,Not Applicable,1,Traffic Citation
40.1761581,-78.492297,"Monday, September 1, 2025 2:26 PM",Maximum Speed Limits - Freeways,Not Applicable,Not Applicable,1,Traffic Citation
40.1762174,-75.985886,"Saturday, May 16, 2026 7:13 PM",Maximum Speed Limits - Freeways,Not Applicable,Not Applicable,1,Traffic Citation
40.1762492,-75.913553,"Wednesday, February 4, 2026 8:22 AM",Maximum Speed Limits - Freeways,Not Applicable,Not Applicable,1,Traffic Citation
40.1762811,-79.562343,"Friday, November 28, 2025 5:20 PM",Maximum Speed Limits - Freeways,Not Applicable,Not Applicable,1,Traffic Citation
40.1762971,-75.924125,"Sunday, June 28, 2026 9:09 AM",Maximum Speed Limits - Freeways,Not Applicable,Not Applicable,1,Traffic Citation
40.1763011,-78.492257,"Monday, September 1, 2025 11:20 AM",Maximum Speed Limits - Freeways,Not Applicable,Not Applicable,1,Traffic Citation
40.1763164,-78.492253,"Sunday, August 31, 2025 12:28 PM",Maximum Speed Limits - Freeways,Not Applicable,Not Applicable,1,Traffic Citation
40.1763584,-78.492241,"Monday, September 1, 2025 12:30 PM",Maximum Speed Limits - Freeways,Not Applicable,Not Applicable,1,Traffic Citation
40.1763721,-75.924786,"Monday, November 3, 2025 7:41 AM",Maximum Speed Limits - Freeways,Not Applicable,Not Applicable,1,Traffic Citation
40.1763826,-78.493063,"Friday, October 10, 2025 4:37 PM",Maximum Speed Limits - Freeways,Not Applicable,Not Applicable,1,Traffic Citation
40.1764547,-78.493042,"Monday, September 1, 2025 11:00 AM",Maximum Speed Limits - Freeways,Not Applicable,Not Applicable,1,Traffic Citation
40.1765484,-77.253707,"Friday, November 7, 2025 4:34 AM",Maximum Speed Limits - Freeways,Not Applicable,Not Applicable,1,Traffic Citation
40.1765549,-75.933298,"Friday, March 6, 2026 7:09 PM",Maximum Speed Limits - Freeways,Not Applicable,Not Applicable,1,Traffic Citation
40.1765747,-75.913828,"Tuesday, June 16, 2026 12:05 PM",Maximum Speed Limits - Freeways,Not Applicable,Not Applicable,1,Traffic Citation
40.1765892,-77.529828,"Friday, November 7, 2025 8:41 AM",Maximum Speed Limits - Freeways,Not Applicable,Not Applicable,1,Traffic Citation
40.1765966,-77.253622,"Friday, September 26, 2025 9:09 PM",Maximum Speed Limits - Freeways,Not Applicable,Not Applicable,1,Traffic Citation
40.1766924,-78.492149,"Wednesday, November 26, 2025 9:54 AM",Maximum Speed Limits - Freeways,Not Applicable,Not Applicable,1,Traffic Citation
40.1767598,-78.49213,"Monday, September 1, 2025 3:24 PM",Maximum Speed Limits - Freeways,Not Applicable,Not Applicable,1,Traffic Citation
40.176796,-78.492945,"Friday, March 27, 2026 4:08 PM",Maximum Speed Limits - Freeways,Not Applicable,Not Applicable,1,Traffic Citation
40.1769038,-75.9865,"Monday, November 17, 2025 3:24 PM",Maximum Speed Limits - Freeways,Not Applicable,Not Applicable,1,Traffic Citation
40.1769256,-77.527828,"Friday, November 28, 2025 3:47 PM",Maximum Speed Limits - Freeways,Not Applicable,Not Applicable,1,Traffic Citation
40.1769648,-77.52818,"Wednesday, September 24, 2025 9:20 PM",Maximum Speed Limits - Freeways,Not Applicable,Not Applicable,1,Traffic Citation
40.177271,-76.83599,"Thursday, June 25, 2026 10:26 PM",Maximum Speed Limits - Freeways,Not Applicable,Not Applicable,1,Traffic Citation
40.1773101,-76.836015,"Wednesday, June 17, 2026 8:33 PM",Maximum Speed Limits - Freeways,Not Applicable,Not Applicable,1,Traffic Citation
40.1773288,-78.989469,"Saturday, August 30, 2025 8:21 AM",Maximum Speed Limits - Freeways,Not Applicable,Not Applicable,1,Traffic Citation
40.1774527,-76.836107,"Thursday, June 25, 2026 11:06 PM",Maximum Speed Limits - Freeways,Not Applicable,Not Applicable,1,Traffic Citation
40.1774662,-76.836116,"Friday, May 29, 2026 11:19 PM",Maximum Speed Limits - Freeways,Not Applicable,Not Applicable,1,Traffic Citation
40.1775305,-76.836046,"Wednesday, June 17, 2026 11:31 PM",Maximum Speed Limits - Freeways,Not Applicable,Not Applicable,1,Traffic Citation
40.1775356,-75.987198,"Wednesday, February 11, 2026 7:19 AM",Maximum Speed Limits - Freeways,Not Applicable,Not Applicable,1,Traffic Citation
40.1775591,-75.308774,"Sunday, July 6, 2025 9:12 AM",Maximum Speed Limits - Freeways,Not Applicable,Not Applicable,2,Traffic Citation
40.1776931,-77.523255,"Saturday, August 16, 2025 2:50 PM",Maximum Speed Limits - Freeways,Not Applicable,Not Applicable,1,Traffic Citation
40.1777132,-78.988539,"Thursday, July 3, 2025 7:33 AM",Maximum Speed Limits - Freeways,Not Applicable,Not Applicable,1,Traffic Citation
40.1777376,-78.492678,"Friday, March 27, 2026 3:25 PM",Maximum Speed Limits - Freeways,Not Applicable,Not Applicable,1,Traffic Citation
40.1777679,-76.139094,"Tuesday, December 16, 2025 9:27 PM",Maximum Speed Limits - Freeways,Not Applicable,Not Applicable,1,Traffic Citation
40.1778989,-78.492634,"Saturday, November 15, 2025 8:57 AM",Maximum Speed Limits - Freeways,Not Applicable,Not Applicable,1,Traffic Citation
40.1779827,-78.492611,"Saturday, March 28, 2026 1:30 PM",Maximum Speed Limits - Freeways,Not Applicable,Not Applicable,1,Traffic Citation
40.1781586,-78.491742,"Friday, December 5, 2025 5:04 PM",Maximum Speed Limits - Freeways,Not Applicable,Not Applicable,1,Traffic Citation
40.178171,-78.492559,"Saturday, August 30, 2025 12:30 PM",Maximum Speed Limits - Freeways,Not Applicable,Not Applicable,1,Traffic Citation
40.1782784,-78.492529,"Friday, August 29, 2025 4:52 PM",Maximum Speed Limits - Freeways,Not Applicable,Not Applicable,1,Traffic Citation
40.1783104,-78.4917,"Sunday, November 30, 2025 11:26 AM",Maximum Speed Limits - Freeways,Not Applicable,Not Applicable,1,Traffic Citation
40.178404,-76.836719,"Friday, May 1, 2026 10:04 PM",Maximum Speed Limits - Freeways,Not Applicable,Not Applicable,1,Traffic Citation
40.1784683,-77.518634,"Friday, September 26, 2025 6:08 PM",Maximum Speed Limits - Freeways,Not Applicable,Not Applicable,1,Traffic Citation
40.1786044,-77.250885,"Saturday, May 30, 2026 3:59 PM",Maximum Speed Limits - Freeways,Not Applicable,Not Applicable,1,Traffic Citation
40.1789676,-76.837072,"Friday, August 15, 2025 4:59 PM",Maximum Speed Limits - Freeways,Not Applicable,Not Applicable,1,Traffic Citation
40.1790222,-76.836979,"Friday, July 4, 2025 7:40 PM",Maximum Speed Limits - Freeways,Not Applicable,Not Applicable,1,Traffic Citation
40.1791513,-78.492288,"Friday, April 3, 2026 12:11 PM",Maximum Speed Limits - Freeways,Not Applicable,Not Applicable,1,Traffic Citation
40.1793109,-78.492244,"Friday, April 3, 2026 11:54 AM",Maximum Speed Limits - Freeways,Not Applicable,Not Applicable,1,Traffic Citation
40.1793219,-77.513559,"Friday, May 8, 2026 1:40 PM",Maximum Speed Limits - Freeways,Not Applicable,Not Applicable,1,Traffic Citation
40.1794394,-75.915653,"Saturday, August 30, 2025 11:59 AM",Maximum Speed Limits - Freeways,Not Applicable,Not Applicable,2,Traffic Citation
40.1794617,-79.948324,"Saturday, November 1, 2025 3:47 PM",Maximum Speed Limits - Freeways,Not Applicable,Not Applicable,1,Traffic Citation
40.1795016,-79.949,"Tuesday, June 9, 2026 2:05 PM",Maximum Speed Limits - Freeways,Not Applicable,Not Applicable,2,Traffic Citation
40.1796067,-79.950798,"Tuesday, December 16, 2025 3:07 PM",Maximum Speed Limits - Freeways,Not Applicable,Not Applicable,1,Traffic Citation
40.1796768,-79.95203,"Tuesday, June 23, 2026 7:04 PM",Maximum Speed Limits - Freeways,Not Applicable,Not Applicable,1,Traffic Citation
40.1797198,-77.51119,"Friday, November 14, 2025 1:51 PM",Maximum Speed Limits - Freeways,Not Applicable,Not Applicable,1,Traffic Citation
40.1797924,-79.954056,"Tuesday, October 21, 2025 1:07 PM",Maximum Speed Limits - Freeways,Not Applicable,Not Applicable,1,Traffic Citation
40.1797946,-79.954094,"Saturday, October 4, 2025 5:40 PM",Maximum Speed Limits - Freeways,Not Applicable,Not Applicable,1,Traffic Citation
40.179801,-78.491287,"Sunday, August 31, 2025 12:51 PM",Maximum Speed Limits - Freeways,Not Applicable,Not Applicable,2,Traffic Citation
40.1798073,-79.954313,"Wednesday, November 5, 2025 4:03 PM",Maximum Speed Limits - Freeways,Not Applicable,Not Applicable,1,Traffic Citation
40.1799219,-76.837666,"Friday, June 26, 2026 12:01 AM",Maximum Speed Limits - Freeways,Not Applicable,Not Applicable,1,Traffic Citation
40.1799841,-77.509616,"Saturday, August 16, 2025 4:15 PM",Maximum Speed Limits - Freeways,Not Applicable,Not Applicable,1,Traffic Citation
40.1800168,-79.957929,"Saturday, October 4, 2025 5:27 PM",Maximum Speed Limits - Freeways,Not Applicable,Not Applicable,1,Traffic Citation
40.1800168,-77.248191,"Wednesday, November 26, 2025 6:32 PM",Maximum Speed Limits - Freeways,Not Applicable,Not Applicable,2,Traffic Citation
40.1800196,-77.509405,"Saturday, June 27, 2026 11:22 PM",Maximum Speed Limits - Freeways,Not Applicable,Not Applicable,1,Traffic Citation
40.1800284,-76.837733,"Friday, July 4, 2025 8:30 PM",Maximum Speed Limits - Freeways,Not Applicable,Not Applicable,1,Traffic Citation
40.1800765,-77.248098,"Monday, June 1, 2026 3:46 PM",Maximum Speed Limits - Freeways,Not Applicable,Not Applicable,1,Traffic Citation
40.1801793,-79.960654,"Thursday, August 21, 2025 7:47 AM",Maximum Speed Limits - Freeways,Not Applicable,Not Applicable,1,Traffic Citation
40.1802433,-76.837868,"Tuesday, July 8, 2025 12:58 PM",Maximum Speed Limits - Freeways,Not Applicable,Not Applicable,1,Traffic Citation
40.1802513,-76.837873,"Friday, January 2, 2026 3:37 PM",Maximum Speed Limits - Freeways,Not Applicable,Not Applicable,1,Traffic Citation
40.1803138,-76.837799,"Friday, July 4, 2025 8:05 PM",Maximum Speed Limits - Freeways,Not Applicable,Not Applicable,1,Traffic Citation
40.1803625,-76.83783,"Friday, August 29, 2025 11:03 AM",Maximum Speed Limits - Freeways,Not Applicable,Not Applicable,1,Traffic Citation
40.1803657,-77.507868,"Sunday, March 29, 2026 4:08 PM",Maximum Speed Limits - Freeways,Not Applicable,Not Applicable,1,Traffic Citation
40.1804016,-76.837968,"Friday, August 29, 2025 9:24 AM",Maximum Speed Limits - Freeways,Not Applicable,Not Applicable,1,Traffic Citation
40.180424,-79.964987,"Sunday, February 22, 2026 3:47 PM",Maximum Speed Limits - Freeways,Not Applicable,Not Applicable,1,Traffic Citation
40.1804249,-77.247552,"Sunday, November 2, 2025 6:29 PM",Maximum Speed Limits - Freeways,Not Applicable,Not Applicable,1,Traffic Citation
40.1805008,-79.967362,"Sunday, October 12, 2025 5:36 PM",Maximum Speed Limits - Freeways,Not Applicable,Not Applicable,1,Traffic Citation
40.1805118,-79.974287,"Tuesday, October 28, 2025 6:46 AM",Maximum Speed Limits - Freeways,Not Applicable,Not Applicable,1,Traffic Citation
40.1805957,-78.491066,"Monday, March 9, 2026 3:42 PM",Maximum Speed Limits - Freeways,Not Applicable,Not Applicable,1,Traffic Citation
40.180606,-77.247269,"Sunday, December 28, 2025 6:21 AM",Maximum Speed Limits - Freeways,Not Applicable,Not Applicable,1,Traffic Citation
40.1806529,-79.971211,"Wednesday, June 24, 2026 7:44 AM",Maximum Speed Limits - Freeways,Not Applicable,Not Applicable,2,Traffic Citation
40.1807286,-79.966578,"Tuesday, October 28, 2025 6:35 AM",Maximum Speed Limits - Freeways,Not Applicable,Not Applicable,1,Traffic Citation
40.1807612,-78.491021,"Monday, April 13, 2026 4:02 PM",Maximum Speed Limits - Freeways,Not Applicable,Not Applicable,1,Traffic Citation
40.1808209,-76.133121,"Monday, June 15, 2026 9:43 AM",Maximum Speed Limits - Freeways,Not Applicable,Not Applicable,1,Traffic Citation
40.1808848,-75.991099,"Thursday, May 7, 2026 12:35 PM",Maximum Speed Limits - Freeways,Not Applicable,Not Applicable,1,Traffic Citation
40.1809844,-77.504188,"Sunday, October 12, 2025 2:01 PM",Maximum Speed Limits - Freeways,Not Applicable,Not Applicable,1,Traffic Citation
40.1810504,-78.491761,"Saturday, April 11, 2026 4:35 PM",Maximum Speed Limits - Freeways,Not Applicable,Not Applicable,1,Traffic Citation
40.1810967,-78.491748,"Friday, March 27, 2026 5:14 PM",Maximum Speed Limits - Freeways,Not Applicable,Not Applicable,1,Traffic Citation
40.1812227,-78.491713,"Sunday, August 31, 2025 10:44 AM",Maximum Speed Limits - Freeways,Not Applicable,Not Applicable,1,Traffic Citation
40.1812778,-78.490878,"Friday, December 5, 2025 4:41 PM",Maximum Speed Limits - Freeways,Not Applicable,Not Applicable,1,Traffic Citation
40.181381,-78.491669,"Friday, April 3, 2026 5:58 PM",Maximum Speed Limits - Freeways,Not Applicable,Not Applicable,1,Traffic Citation
40.1813867,-78.491668,"Thursday, June 18, 2026 5:45 PM",Maximum Speed Limits - Freeways,Not Applicable,Not Applicable,1,Traffic Citation
40.181471,-77.245906,"Sunday, November 30, 2025 7:36 PM",Maximum Speed Limits - Freeways,Not Applicable,Not Applicable,1,Traffic Citation
40.1815343,-77.245806,"Saturday, December 27, 2025 3:51 PM",Maximum Speed Limits - Freeways,Not Applicable,Not Applicable,1,Traffic Citation
40.1815537,-78.491622,"Saturday, August 30, 2025 2:46 PM",Maximum Speed Limits - Freeways,Not Applicable,Not Applicable,1,Traffic Citation
40.1815615,-77.245762,"Saturday, December 27, 2025 3:37 PM",Maximum Speed Limits - Freeways,Not Applicable,Not Applicable,1,Traffic Citation
40.1817652,-78.491563,"Saturday, August 30, 2025 2:02 PM",Maximum Speed Limits - Freeways,Not Applicable,Not Applicable,1,Traffic Citation
40.1817801,-76.132233,"Sunday, June 14, 2026 7:34 PM",Maximum Speed Limits - Freeways,Not Applicable,Not Applicable,1,Traffic Citation
40.1817816,-76.13223,"Tuesday, April 14, 2026 1:03 PM",Maximum Speed Limits - Freeways,Not Applicable,Not Applicable,1,Traffic Citation
40.1818796,-78.491531,"Monday, September 1, 2025 12:49 PM",Maximum Speed Limits - Freeways,Not Applicable,Not Applicable,1,Traffic Citation
40.1819365,-79.979645,"Wednesday, June 24, 2026 8:04 AM",Maximum Speed Limits - Freeways,Not Applicable,Not Applicable,1,Traffic Citation
40.1820524,-78.490664,"Monday, March 9, 2026 5:42 PM",Maximum Speed Limits - Freeways,Not Applicable,Not Applicable,1,Traffic Citation
40.1821413,-78.491458,"Monday, September 29, 2025 2:00 PM",Maximum Speed Limits - Freeways,Not Applicable,Not Applicable,1,Traffic Citation
40.1821932,-78.491444,"Sunday, August 31, 2025 8:35 AM",Maximum Speed Limits - Freeways,Not Applicable,Not Applicable,1,Traffic Citation
40.1821969,-77.244748,"Sunday, November 2, 2025 6:49 PM",Maximum Speed Limits - Freeways,Not Applicable,Not Applicable,1,Traffic Citation
40.1823466,-77.2445,"Thursday, August 14, 2025 8:00 AM",Maximum Speed Limits - Freeways,Not Applicable,Not Applicable,1,Traffic Citation
40.1823747,-78.490575,"Wednesday, February 25, 2026 4:23 PM",Maximum Speed Limits - Freeways,Not Applicable,Not Applicable,1,Traffic Citation
40.1823885,-78.490571,"Monday, March 9, 2026 6:54 PM",Maximum Speed Limits - Freeways,Not Applicable,Not Applicable,2,Traffic Citation
40.1824069,-78.490566,"Monday, March 9, 2026 6:11 PM",Maximum Speed Limits - Freeways,Not Applicable,Not Applicable,1,Traffic Citation
40.1824157,-77.495096,"Thursday, July 3, 2025 5:00 PM",Maximum Speed Limits - Freeways,Not Applicable,Not Applicable,1,Traffic Citation
40.1824338,-78.491377,"Tuesday, September 30, 2025 12:29 PM",Maximum Speed Limits - Freeways,Not Applicable,Not Applicable,1,Traffic Citation
40.1825281,-78.491351,"Friday, March 27, 2026 4:27 PM",Maximum Speed Limits - Freeways,Not Applicable,Not Applicable,1,Traffic Citation
40.1826013,-78.491331,"Friday, November 28, 2025 9:07 PM",Maximum Speed Limits - Freeways,Not Applicable,Not Applicable,1,Traffic Citation
40.1826119,-78.491328,"Sunday, May 17, 2026 6:11 PM",Maximum Speed Limits - Freeways,Not Applicable,Not Applicable,1,Traffic Citation
40.1827096,-78.491301,"Friday, April 3, 2026 10:55 AM",Maximum Speed Limits - Freeways,Not Applicable,Not Applicable,1,Traffic Citation
40.1827119,-77.493325,"Saturday, February 14, 2026 5:41 PM",Maximum Speed Limits - Freeways,Not Applicable,Not Applicable,1,Traffic Citation
40.182713,-77.493318,"Monday, February 16, 2026 4:12 PM",Maximum Speed Limits - Freeways,Not Applicable,Not Applicable,1,Traffic Citation
40.1827183,-77.493287,"Thursday, May 7, 2026 4:38 PM",Maximum Speed Limits - Freeways,Not Applicable,Not Applicable,1,Traffic Citation
40.1827185,-77.493285,"Wednesday, January 7, 2026 1:36 PM",Maximum Speed Limits - Freeways,Not Applicable,Not Applicable,1,Traffic Citation
40.1827192,-77.493281,"Tuesday, May 5, 2026 12:22 PM",Maximum Speed Limits - Freeways,Not Applicable,Not Applicable,1,Traffic Citation
40.1827193,-77.493281,"Sunday, May 24, 2026 10:44 AM",Maximum Speed Limits - Freeways,Not Applicable,Not Applicable,1,Traffic Citation
40.1827202,-77.493275,"Wednesday, December 31, 2025 11:03 AM",Maximum Speed Limits - Freeways,Not Applicable,Not Applicable,1,Traffic Citation
40.1827203,-77.493275,"Friday, May 8, 2026 1:54 PM",Maximum Speed Limits - Freeways,Not Applicable,Not Applicable,3,Traffic Citation
40.1827204,-77.493274,"Friday, March 6, 2026 1:19 PM",Maximum Speed Limits - Freeways,Not Applicable,Not Applicable,1,Traffic Citation
40.1827205,-77.493274,"Tuesday, June 30, 2026 1:31 PM",Maximum Speed Limits - Freeways,Not Applicable,Not Applicable,1,Traffic Citation
40.182721,-77.49327,"Friday, January 2, 2026 6:18 PM",Maximum Speed Limits - Freeways,Not Applicable,Not Applicable,1,Traffic Citation
40.1827262,-77.49324,"Wednesday, October 8, 2025 7:16 PM",Maximum Speed Limits - Freeways,Not Applicable,Not Applicable,1,Traffic Citation
40.1827274,-77.493232,"Friday, June 12, 2026 12:25 PM",Maximum Speed Limits - Freeways,Not Applicable,Not Applicable,1,Traffic Citation
40.1827296,-77.493219,"Sunday, March 1, 2026 12:08 PM",Maximum Speed Limits - Freeways,Not Applicable,Not Applicable,1,Traffic Citation
40.1827341,-77.493192,"Sunday, October 12, 2025 4:21 PM",Maximum Speed Limits - Freeways,Not Applicable,Not Applicable,1,Traffic Citation
40.1827414,-77.493149,"Saturday, November 1, 2025 2:10 PM",Maximum Speed Limits - Freeways,Not Applicable,Not Applicable,1,Traffic Citation
40.1827441,-77.493133,"Wednesday, May 27, 2026 1:34 PM",Maximum Speed Limits - Freeways,Not Applicable,Not Applicable,1,Traffic Citation
40.1827469,-77.493116,"Friday, September 26, 2025 9:37 AM",Maximum Speed Limits - Freeways,Not Applicable,Not Applicable,1,Traffic Citation
40.1827542,-77.493072,"Friday, April 10, 2026 10:50 AM",Maximum Speed Limits - Freeways,Not Applicable,Not Applicable,1,Traffic Citation
40.1827685,-78.491284,"Friday, August 29, 2025 4:35 PM",Maximum Speed Limits - Freeways,Not Applicable,Not Applicable,1,Traffic Citation
40.182788,-77.49287,"Sunday, June 21, 2026 6:42 PM",Maximum Speed Limits - Freeways,Not Applicable,Not Applicable,1,Traffic Citation
40.1829136,-78.490426,"Monday, September 1, 2025 1:43 PM",Maximum Speed Limits - Freeways,Not Applicable,Not Applicable,1,Traffic Citation
40.1829243,-77.492055,"Saturday, November 29, 2025 9:25 AM",Maximum Speed Limits - Freeways,Not Applicable,Not Applicable,1,Traffic Citation
40.1829703,-78.491228,"Saturday, November 29, 2025 9:32 PM",Maximum Speed Limits - Freeways,Not Applicable,Not Applicable,1,Traffic Citation
40.1830311,-77.491416,"Saturday, August 2, 2025 12:50 PM",Maximum Speed Limits - Freeways,Not Applicable,Not Applicable,2,Traffic Citation
40.1830314,-77.491414,"Wednesday, February 25, 2026 7:51 PM",Maximum Speed Limits - Freeways,Not Applicable,Not Applicable,1,Traffic Citation
40.1830325,-77.491408,"Saturday, August 23, 2025 10:10 AM",Maximum Speed Limits - Freeways,Not Applicable,Not Applicable,1,Traffic Citation
40.1830414,-77.491355,"Monday, October 6, 2025 10:17 AM",Maximum Speed Limits - Freeways,Not Applicable,Not Applicable,2,Traffic Citation
40.1830451,-77.491332,"Wednesday, November 26, 2025 12:45 PM",Maximum Speed Limits - Freeways,Not Applicable,Not Applicable,1,Traffic Citation
40.1830491,-77.491309,"Saturday, March 14, 2026 11:59 AM",Maximum Speed Limits - Freeways,Not Applicable,Not Applicable,1,Traffic Citation
40.1830508,-77.491299,"Friday, October 3, 2025 12:30 PM",Maximum Speed Limits - Freeways,Not Applicable,Not Applicable,1,Traffic Citation
40.1830548,-77.491275,"Tuesday, November 4, 2025 12:41 PM",Maximum Speed Limits - Freeways,Not Applicable,Not Applicable,1,Traffic Citation
40.1830595,-77.491246,"Tuesday, August 5, 2025 10:54 AM",Maximum Speed Limits - Freeways,Not Applicable,Not Applicable,1,Traffic Citation
40.18306,-77.491243,"Monday, January 19, 2026 12:50 PM",Maximum Speed Limits - Freeways,Not Applicable,Not Applicable,1,Traffic Citation
40.1830619,-77.491232,"Saturday, September 13, 2025 1:30 PM",Maximum Speed Limits - Freeways,Not Applicable,Not Applicable,1,Traffic Citation
40.1830673,-77.4912,"Thursday, July 31, 2025 10:37 AM",Maximum Speed Limits - Freeways,Not Applicable,Not Applicable,1,Traffic Citation
40.1830675,-77.491199,"Friday, November 14, 2025 11:09 AM",Maximum Speed Limits - Freeways,Not Applicable,Not Applicable,1,Traffic Citation
40.1830702,-77.491182,"Tuesday, September 23, 2025 1:30 PM",Maximum Speed Limits - Freeways,Not Applicable,Not Applicable,1,Traffic Citation
40.1830746,-77.491156,"Friday, March 13, 2026 12:51 PM",Maximum Speed Limits - Freeways,Not Applicable,Not Applicable,1,Traffic Citation
40.1830748,-79.982115,"Thursday, September 25, 2025 5:33 PM",Maximum Speed Limits - Freeways,Not Applicable,Not Applicable,1,Traffic Citation
40.1830773,-78.4912,"Friday, August 29, 2025 5:10 PM",Maximum Speed Limits - Freeways,Not Applicable,Not Applicable,1,Traffic Citation
40.1830964,-77.491026,"Thursday, November 6, 2025 1:13 PM",Maximum Speed Limits - Freeways,Not Applicable,Not Applicable,1,Traffic Citation
40.1831304,-77.490822,"Sunday, August 31, 2025 9:02 PM",Maximum Speed Limits - Freeways,Not Applicable,Not Applicable,1,Traffic Citation
40.1831422,-78.491183,"Friday, June 19, 2026 2:57 PM",Maximum Speed Limits - Freeways,Not Applicable,Not Applicable,1,Traffic Citation
40.1831878,-78.491171,"Sunday, March 15, 2026 12:56 PM",Maximum Speed Limits - Freeways,Not Applicable,Not Applicable,1,Traffic Citation
40.1832365,-75.917792,"Monday, June 22, 2026 9:55 AM",Maximum Speed Limits - Freeways,Not Applicable,Not Applicable,4,Traffic Citation
40.1833205,-78.491136,"Saturday, February 21, 2026 11:48 AM",Maximum Speed Limits - Freeways,Not Applicable,Not Applicable,1,Traffic Citation
40.1833343,-78.491133,"Friday, August 29, 2025 3:45 PM",Maximum Speed Limits - Freeways,Not Applicable,Not Applicable,1,Traffic Citation
40.1833995,-78.491115,"Thursday, June 18, 2026 6:16 PM",Maximum Speed Limits - Freeways,Not Applicable,Not Applicable,1,Traffic Citation
40.183545,-78.491075,"Saturday, November 15, 2025 9:11 AM",Maximum Speed Limits - Freeways,Not Applicable,Not Applicable,1,Traffic Citation
40.1835739,-78.491066,"Thursday, June 11, 2026 9:50 PM",Maximum Speed Limits - Freeways,Not Applicable,Not Applicable,1,Traffic Citation
40.1835747,-76.839909,"Thursday, May 28, 2026 10:00 AM",Maximum Speed Limits - Freeways,Not Applicable,Not Applicable,1,Traffic Citation
40.1835775,-78.491065,"Saturday, April 11, 2026 3:48 PM",Maximum Speed Limits - Freeways,Not Applicable,Not Applicable,1,Traffic Citation
40.1836164,-77.488438,"Tuesday, September 2, 2025 3:13 PM",Maximum Speed Limits - Freeways,Not Applicable,Not Applicable,1,Traffic Citation
40.1836266,-77.487873,"Saturday, October 25, 2025 1:00 PM",Maximum Speed Limits - Freeways,Not Applicable,Not Applicable,1,Traffic Citation
40.1836336,-78.490226,"Tuesday, March 24, 2026 8:27 AM",Maximum Speed Limits - Freeways,Not Applicable,Not Applicable,1,Traffic Citation
40.1837039,-78.491029,"Friday, April 3, 2026 11:33 AM",Maximum Speed Limits - Freeways,Not Applicable,Not Applicable,1,Traffic Citation
40.1837493,-76.129095,"Monday, September 1, 2025 12:17 PM",Maximum Speed Limits - Freeways,Not Applicable,Not Applicable,1,Traffic Citation
40.1839945,-77.241346,"Thursday, January 1, 2026 10:59 PM",Maximum Speed Limits - Freeways,Not Applicable,Not Applicable,2,Traffic Citation
40.1840577,-77.485283,"Sunday, August 10, 2025 6:18 PM",Maximum Speed Limits - Freeways,Not Applicable,Not Applicable,1,Traffic Citation
40.1841149,-77.241,"Saturday, April 4, 2026 6:20 PM",Maximum Speed Limits - Freeways,Not Applicable,Not Applicable,1,Traffic Citation
40.1842475,-78.490874,"Sunday, May 17, 2026 4:25 PM",Maximum Speed Limits - Freeways,Not Applicable,Not Applicable,1,Traffic Citation
40.1843307,-78.490032,"Monday, April 13, 2026 4:23 PM",Maximum Speed Limits - Freeways,Not Applicable,Not Applicable,1,Traffic Citation
40.1843497,-78.490846,"Friday, August 29, 2025 5:29 PM",Maximum Speed Limits - Freeways,Not Applicable,Not Applicable,1,Traffic Citation
40.1844221,-77.483601,"Saturday, August 23, 2025 6:13 PM",Maximum Speed Limits - Freeways,Not Applicable,Not Applicable,1,Traffic Citation
40.1846049,-77.238522,"Wednesday, November 26, 2025 3:48 PM",Maximum Speed Limits - Freeways,Not Applicable,Not Applicable,1,Traffic Citation
40.1846288,-78.490771,"Friday, April 3, 2026 11:17 AM",Maximum Speed Limits - Freeways,Not Applicable,Not Applicable,1,Traffic Citation
40.1846329,-78.49077,"Monday, September 1, 2025 1:58 PM",Maximum Speed Limits - Freeways,Not Applicable,Not Applicable,1,Traffic Citation
40.1847574,-77.238045,"Wednesday, November 26, 2025 4:14 PM",Maximum Speed Limits - Freeways,Not Applicable,Not Applicable,1,Traffic Citation
40.1848209,-78.49072,"Thursday, January 8, 2026 12:27 PM",Maximum Speed Limits - Freeways,Not Applicable,Not Applicable,1,Traffic Citation
40.1848678,-77.238542,"Saturday, April 4, 2026 6:41 PM",Maximum Speed Limits - Freeways,Not Applicable,Not Applicable,1,Traffic Citation
40.1849158,-77.238476,"Wednesday, November 26, 2025 4:42 PM",Maximum Speed Limits - Freeways,Not Applicable,Not Applicable,1,Traffic Citation
40.1849794,-77.47978,"Friday, December 12, 2025 9:18 AM",Maximum Speed Limits - Freeways,Not Applicable,Not Applicable,2,Traffic Citation
40.1849849,-78.489851,"Sunday, November 30, 2025 9:52 PM",Maximum Speed Limits - Freeways,Not Applicable,Not Applicable,1,Traffic Citation
40.1850335,-77.238094,"Wednesday, November 26, 2025 9:54 PM",Maximum Speed Limits - Freeways,Not Applicable,Not Applicable,1,Traffic Citation
40.1850955,-78.48982,"Friday, November 28, 2025 9:24 PM",Maximum Speed Limits - Freeways,Not Applicable,Not Applicable,1,Traffic Citation
40.1851054,-75.311939,"Monday, April 20, 2026 12:20 PM",Maximum Speed Limits - Freeways,Not Applicable,Not Applicable,1,Traffic Citation
40.1851172,-78.489814,"Friday, October 10, 2025 5:15 PM",Maximum Speed Limits - Freeways,Not Applicable,Not Applicable,1,Traffic Citation
40.1851425,-78.489807,"Sunday, October 26, 2025 3:48 PM",Maximum Speed Limits - Freeways,Not Applicable,Not Applicable,1,Traffic Citation
40.1851921,-78.489793,"Monday, February 16, 2026 5:42 PM",Maximum Speed Limits - Freeways,Not Applicable,Not Applicable,1,Traffic Citation
40.1852107,-78.489788,"Sunday, November 30, 2025 8:18 PM",Maximum Speed Limits - Freeways,Not Applicable,Not Applicable,3,Traffic Citation
40.1852345,-78.490591,"Friday, April 3, 2026 1:18 PM",Maximum Speed Limits - Freeways,Not Applicable,Not Applicable,1,Traffic Citation
40.1853358,-78.49056,"Wednesday, January 14, 2026 10:38 AM",Maximum Speed Limits - Freeways,Not Applicable,Not Applicable,1,Traffic Citation
40.1854668,-78.489717,"Wednesday, February 25, 2026 3:55 PM",Maximum Speed Limits - Freeways,Not Applicable,Not Applicable,1,Traffic Citation
40.1855004,-77.476639,"Monday, May 4, 2026 5:54 PM",Maximum Speed Limits - Freeways,Not Applicable,Not Applicable,1,Traffic Citation
40.1855363,-78.4905,"Saturday, March 28, 2026 3:09 PM",Maximum Speed Limits - Freeways,Not Applicable,Not Applicable,1,Traffic Citation
40.1855883,-77.476113,"Friday, November 28, 2025 4:42 PM",Maximum Speed Limits - Freeways,Not Applicable,Not Applicable,1,Traffic Citation
40.1855989,-77.236093,"Saturday, March 21, 2026 4:19 PM",Maximum Speed Limits - Freeways,Not Applicable,Not Applicable,1,Traffic Citation
40.1856343,-77.235961,"Saturday, March 21, 2026 4:01 PM",Maximum Speed Limits - Freeways,Not Applicable,Not Applicable,1,Traffic Citation
40.1856442,-78.490468,"Friday, April 3, 2026 1:00 PM",Maximum Speed Limits - Freeways,Not Applicable,Not Applicable,1,Traffic Citation
40.1856875,-77.235756,"Wednesday, December 31, 2025 12:33 AM",Maximum Speed Limits - Freeways,Not Applicable,Not Applicable,1,Traffic Citation
40.1857039,-78.490451,"Thursday, July 3, 2025 5:34 PM",Maximum Speed Limits - Freeways,Not Applicable,Not Applicable,1,Traffic Citation
40.1857091,-78.490449,"Sunday, September 7, 2025 6:04 PM",Maximum Speed Limits - Freeways,Not Applicable,Not Applicable,1,Traffic Citation
40.185781,-78.490429,"Thursday, July 3, 2025 2:17 PM",Maximum Speed Limits - Freeways,Not Applicable,Not Applicable,1,Traffic Citation
40.1858021,-75.312224,"Sunday, May 24, 2026 1:01 PM",Maximum Speed Limits - Freeways,Not Applicable,Not Applicable,1,Traffic Citation
40.1859091,-78.490391,"Thursday, July 3, 2025 3:24 PM",Maximum Speed Limits - Freeways,Not Applicable,Not Applicable,1,Traffic Citation
40.1859269,-77.474629,"Sunday, May 31, 2026 5:28 PM",Maximum Speed Limits - Freeways,Not Applicable,Not Applicable,1,Traffic Citation
40.1859351,-78.490384,"Monday, September 1, 2025 12:12 PM",Maximum Speed Limits - Freeways,Not Applicable,Not Applicable,1,Traffic Citation
40.1859357,-77.233018,"Saturday, December 27, 2025 4:43 PM",Maximum Speed Limits - Freeways,Not Applicable,Not Applicable,1,Traffic Citation
40.1859428,-78.490382,"Thursday, July 3, 2025 4:33 PM",Maximum Speed Limits - Freeways,Not Applicable,Not Applicable,1,Traffic Citation
40.1859478,-75.312282,"Thursday, April 9, 2026 8:04 AM",Maximum Speed Limits - Freeways,Not Applicable,Not Applicable,2,Traffic Citation
40.1859865,-78.490369,"Friday, August 29, 2025 3:13 PM",Maximum Speed Limits - Freeways,Not Applicable,Not Applicable,1,Traffic Citation
40.1860164,-78.490359,"Thursday, July 3, 2025 12:38 PM",Maximum Speed Limits - Freeways,Not Applicable,Not Applicable,1,Traffic Citation
40.1860312,-78.490354,"Sunday, March 15, 2026 9:14 PM",Maximum Speed Limits - Freeways,Not Applicable,Not Applicable,1,Traffic Citation
40.1860655,-78.490342,"Thursday, July 3, 2025 6:10 PM",Maximum Speed Limits - Freeways,Not Applicable,Not Applicable,1,Traffic Citation
40.1860662,-78.490342,"Sunday, April 12, 2026 12:38 PM",Maximum Speed Limits - Freeways,Not Applicable,Not Applicable,2,Traffic Citation
40.1861088,-78.490328,"Thursday, July 3, 2025 1:55 PM",Maximum Speed Limits - Freeways,Not Applicable,Not Applicable,1,Traffic Citation
40.1861495,-77.47278,"Saturday, July 5, 2025 12:23 PM",Maximum Speed Limits - Freeways,Not Applicable,Not Applicable,1,Traffic Citation
40.1861504,-78.490314,"Sunday, June 7, 2026 2:39 PM",Maximum Speed Limits - Freeways,Not Applicable,Not Applicable,1,Traffic Citation
40.1861808,-78.490304,"Thursday, July 3, 2025 6:44 PM",Maximum Speed Limits - Freeways,Not Applicable,Not Applicable,1,Traffic Citation
40.1862007,-78.490297,"Thursday, July 3, 2025 2:51 PM",Maximum Speed Limits - Freeways,Not Applicable,Not Applicable,1,Traffic Citation
40.1862545,-76.842356,"Friday, August 22, 2025 1:47 AM",Maximum Speed Limits - Freeways,Not Applicable,Not Applicable,1,Traffic Citation
40.1863109,-78.49026,"Thursday, January 8, 2026 10:47 AM",Maximum Speed Limits - Freeways,Not Applicable,Not Applicable,1,Traffic Citation
40.1864448,-78.490215,"Friday, August 29, 2025 2:51 PM",Maximum Speed Limits - Freeways,Not Applicable,Not Applicable,1,Traffic Citation
40.1865119,-77.471144,"Friday, September 12, 2025 5:09 PM",Maximum Speed Limits - Freeways,Not Applicable,Not Applicable,1,Traffic Citation
40.1867313,-75.312846,"Friday, December 19, 2025 1:55 PM",Maximum Speed Limits - Freeways,Not Applicable,Not Applicable,1,Traffic Citation
40.1868573,-77.46908,"Friday, September 26, 2025 4:09 PM",Maximum Speed Limits - Freeways,Not Applicable,Not Applicable,1,Traffic Citation
40.1868715,-77.214408,"Tuesday, September 9, 2025 1:57 AM",Maximum Speed Limits - Freeways,Not Applicable,Not Applicable,1,Traffic Citation
40.1868872,-78.489318,"Monday, September 1, 2025 11:40 AM",Maximum Speed Limits - Freeways,Not Applicable,Not Applicable,1,Traffic Citation
40.1869249,-78.490056,"Monday, September 1, 2025 2:57 PM",Maximum Speed Limits - Freeways,Not Applicable,Not Applicable,2,Traffic Citation
40.1869517,-78.490047,"Friday, June 26, 2026 9:16 PM",Maximum Speed Limits - Freeways,Not Applicable,Not Applicable,1,Traffic Citation
40.1869848,-78.490036,"Monday, February 2, 2026 4:49 PM",Maximum Speed Limits - Freeways,Not Applicable,Not Applicable,1,Traffic Citation
40.1870521,-78.489272,"Friday, November 28, 2025 8:17 AM",Maximum Speed Limits - Freeways,Not Applicable,Not Applicable,1,Traffic Citation
40.1870557,-78.490013,"Sunday, August 31, 2025 2:18 PM",Maximum Speed Limits - Freeways,Not Applicable,Not Applicable,1,Traffic Citation
40.1871479,-78.489983,"Saturday, March 28, 2026 12:10 PM",Maximum Speed Limits - Freeways,Not Applicable,Not Applicable,1,Traffic Citation
40.187398,-78.489897,"Monday, September 1, 2025 1:29 PM",Maximum Speed Limits - Freeways,Not Applicable,Not Applicable,1,Traffic Citation
40.187414,-78.489891,"Tuesday, June 2, 2026 9:14 PM",Maximum Speed Limits - Freeways,Not Applicable,Not Applicable,1,Traffic Citation
40.1874294,-78.489168,"Wednesday, November 26, 2025 7:53 AM",Maximum Speed Limits - Freeways,Not Applicable,Not Applicable,1,Traffic Citation
40.1874526,-78.489877,"Saturday, March 28, 2026 3:05 PM",Maximum Speed Limits - Freeways,Not Applicable,Not Applicable,1,Traffic Citation
40.1874629,-77.199383,"Sunday, January 18, 2026 10:54 PM",Maximum Speed Limits - Freeways,Not Applicable,Not Applicable,1,Traffic Citation
40.187531,-78.489849,"Wednesday, November 26, 2025 1:42 PM",Maximum Speed Limits - Freeways,Not Applicable,Not Applicable,2,Traffic Citation
40.1875802,-75.312931,"Wednesday, April 15, 2026 3:00 PM",Maximum Speed Limits - Freeways,Not Applicable,Not Applicable,1,Traffic Citation
40.1876293,-78.489814,"Wednesday, June 10, 2026 2:08 PM",Maximum Speed Limits - Freeways,Not Applicable,Not Applicable,1,Traffic Citation
40.1876557,-78.489805,"Friday, August 29, 2025 7:03 PM",Maximum Speed Limits - Freeways,Not Applicable,Not Applicable,1,Traffic Citation
40.1876766,-78.489099,"Saturday, March 14, 2026 6:12 PM",Maximum Speed Limits - Freeways,Not Applicable,Not Applicable,1,Traffic Citation
40.1876868,-78.489794,"Wednesday, November 26, 2025 4:01 PM",Maximum Speed Limits - Freeways,Not Applicable,Not Applicable,1,Traffic Citation
40.1877008,-77.193567,"Thursday, July 24, 2025 3:36 AM",Maximum Speed Limits - Freeways,Not Applicable,Not Applicable,1,Traffic Citation
40.1877546,-78.48977,"Wednesday, November 26, 2025 9:39 AM",Maximum Speed Limits - Freeways,Not Applicable,Not Applicable,1,Traffic Citation
40.1877716,-78.489764,"Saturday, July 12, 2025 9:45 PM",Maximum Speed Limits - Freeways,Not Applicable,Not Applicable,1,Traffic Citation
40.187791,-78.489757,"Friday, March 27, 2026 7:40 PM",Maximum Speed Limits - Freeways,Not Applicable,Not Applicable,1,Traffic Citation
40.1879019,-78.488997,"Saturday, November 29, 2025 8:18 PM",Maximum Speed Limits - Freeways,Not Applicable,Not Applicable,1,Traffic Citation
40.1879025,-78.489724,"Saturday, November 8, 2025 6:18 PM",Maximum Speed Limits - Freeways,Not Applicable,Not Applicable,1,Traffic Citation
40.1879945,-78.489692,"Sunday, May 17, 2026 5:56 PM",Maximum Speed Limits - Freeways,Not Applicable,Not Applicable,1,Traffic Citation
40.1881229,-78.489647,"Monday, August 11, 2025 7:23 PM",Maximum Speed Limits - Freeways,Not Applicable,Not Applicable,1,Traffic Citation
40.1881607,-78.488904,"Thursday, December 4, 2025 7:41 AM",Maximum Speed Limits - Freeways,Not Applicable,Not Applicable,1,Traffic Citation
40.1882484,-78.489605,"Monday, July 7, 2025 6:15 PM",Maximum Speed Limits - Freeways,Not Applicable,Not Applicable,1,Traffic Citation
40.1882695,-77.460094,"Monday, September 29, 2025 8:12 AM",Maximum Speed Limits - Freeways,Not Applicable,Not Applicable,1,Traffic Citation
40.1882908,-78.489589,"Monday, September 1, 2025 11:36 AM",Maximum Speed Limits - Freeways,Not Applicable,Not Applicable,1,Traffic Citation
40.1883545,-78.489566,"Friday, November 28, 2025 3:54 PM",Maximum Speed Limits - Freeways,Not Applicable,Not Applicable,1,Traffic Citation
40.1884334,-76.845425,"Sunday, June 21, 2026 1:25 AM",Maximum Speed Limits - Freeways,Not Applicable,Not Applicable,1,Traffic Citation
40.188569,-78.489487,"Wednesday, July 30, 2025 1:42 PM",Maximum Speed Limits - Freeways,Not Applicable,Not Applicable,1,Traffic Citation
40.1885975,-77.458144,"Wednesday, July 2, 2025 5:20 PM",Maximum Speed Limits - Freeways,Not Applicable,Not Applicable,1,Traffic Citation
40.1886168,-77.45803,"Saturday, July 5, 2025 1:55 PM",Maximum Speed Limits - Freeways,Not Applicable,Not Applicable,1,Traffic Citation
40.1886277,-77.457964,"Sunday, February 8, 2026 1:24 PM",Maximum Speed Limits - Freeways,Not Applicable,Not Applicable,1,Traffic Citation
40.188653,-77.458316,"Friday, June 26, 2026 1:55 PM",Maximum Speed Limits - Freeways,Not Applicable,Not Applicable,1,Traffic Citation
40.188653,-77.457814,"Thursday, July 3, 2025 5:20 PM",Maximum Speed Limits - Freeways,Not Applicable,Not Applicable,1,Traffic Citation
40.1887044,-77.457507,"Saturday, November 1, 2025 2:25 PM",Maximum Speed Limits - Freeways,Not Applicable,Not Applicable,1,Traffic Citation
40.1887252,-77.457383,"Wednesday, October 8, 2025 7:30 PM",Maximum Speed Limits - Freeways,Not Applicable,Not Applicable,1,Traffic Citation
40.1887701,-77.456509,"Wednesday, February 18, 2026 5:14 PM",Maximum Speed Limits - Freeways,Not Applicable,Not Applicable,1,Traffic Citation
40.1888324,-77.456742,"Sunday, April 12, 2026 4:01 PM",Maximum Speed Limits - Freeways,Not Applicable,Not Applicable,1,Traffic Citation
40.1888389,-77.45722,"Saturday, May 16, 2026 11:35 AM",Maximum Speed Limits - Freeways,Not Applicable,Not Applicable,1,Traffic Citation
40.1888408,-77.457209,"Friday, April 10, 2026 9:58 AM",Maximum Speed Limits - Freeways,Not Applicable,Not Applicable,1,Traffic Citation
40.1888431,-77.457196,"Thursday, March 19, 2026 11:07 AM",Maximum Speed Limits - Freeways,Not Applicable,Not Applicable,1,Traffic Citation
40.1888461,-77.45666,"Saturday, April 18, 2026 7:26 AM",Maximum Speed Limits - Freeways,Not Applicable,Not Applicable,1,Traffic Citation
40.1888519,-77.457143,"Friday, January 2, 2026 3:40 PM",Maximum Speed Limits - Freeways,Not Applicable,Not Applicable,1,Traffic Citation
40.1888551,-77.456606,"Tuesday, April 21, 2026 6:25 PM",Maximum Speed Limits - Freeways,Not Applicable,Not Applicable,1,Traffic Citation
40.1888596,-77.456579,"Friday, October 3, 2025 5:20 PM",Maximum Speed Limits - Freeways,Not Applicable,Not Applicable,1,Traffic Citation
40.1888608,-77.456571,"Saturday, September 13, 2025 1:55 PM",Maximum Speed Limits - Freeways,Not Applicable,Not Applicable,1,Traffic Citation
40.1888683,-77.456526,"Thursday, July 10, 2025 11:32 AM",Maximum Speed Limits - Freeways,Not Applicable,Not Applicable,1,Traffic Citation
40.1888723,-77.457021,"Saturday, February 14, 2026 3:34 PM",Maximum Speed Limits - Freeways,Not Applicable,Not Applicable,1,Traffic Citation
40.1888746,-77.457008,"Saturday, March 28, 2026 3:25 PM",Maximum Speed Limits - Freeways,Not Applicable,Not Applicable,2,Traffic Citation
40.188877,-77.456993,"Sunday, May 24, 2026 4:35 PM",Maximum Speed Limits - Freeways,Not Applicable,Not Applicable,1,Traffic Citation
40.1888781,-77.456987,"Tuesday, April 21, 2026 3:55 PM",Maximum Speed Limits - Freeways,Not Applicable,Not Applicable,1,Traffic Citation
40.1888787,-77.456983,"Sunday, October 12, 2025 1:48 PM",Maximum Speed Limits - Freeways,Not Applicable,Not Applicable,1,Traffic Citation
40.1888803,-75.919947,"Monday, September 1, 2025 6:16 AM",Maximum Speed Limits - Freeways,Not Applicable,Not Applicable,1,Traffic Citation
40.1888807,-77.456971,"Monday, February 16, 2026 5:05 PM",Maximum Speed Limits - Freeways,Not Applicable,Not Applicable,1,Traffic Citation
40.1888822,-77.456444,"Sunday, October 26, 2025 1:15 PM",Maximum Speed Limits - Freeways,Not Applicable,Not Applicable,1,Traffic Citation
40.1888842,-77.45695,"Thursday, May 7, 2026 5:00 PM",Maximum Speed Limits - Freeways,Not Applicable,Not Applicable,1,Traffic Citation
40.1888849,-77.456946,"Sunday, April 12, 2026 12:36 PM",Maximum Speed Limits - Freeways,Not Applicable,Not Applicable,1,Traffic Citation
40.1888861,-77.456421,"Saturday, August 16, 2025 10:51 AM",Maximum Speed Limits - Freeways,Not Applicable,Not Applicable,1,Traffic Citation
40.1888868,-77.456416,"Friday, October 10, 2025 2:43 PM",Maximum Speed Limits - Freeways,Not Applicable,Not Applicable,1,Traffic Citation
40.1888869,-77.456416,"Saturday, October 4, 2025 8:06 AM",Maximum Speed Limits - Freeways,Not Applicable,Not Applicable,1,Traffic Citation
40.1888894,-77.456919,"Friday, May 8, 2026 2:17 PM",Maximum Speed Limits - Freeways,Not Applicable,Not Applicable,1,Traffic Citation
40.1888928,-77.456381,"Tuesday, April 14, 2026 7:18 PM",Maximum Speed Limits - Freeways,Not Applicable,Not Applicable,1,Traffic Citation
40.1888949,-77.456368,"Tuesday, September 2, 2025 9:42 AM",Maximum Speed Limits - Freeways,Not Applicable,Not Applicable,1,Traffic Citation
40.1888982,-77.456867,"Thursday, June 4, 2026 9:32 AM",Maximum Speed Limits - Freeways,Not Applicable,Not Applicable,1,Traffic Citation
40.1889079,-77.456291,"Sunday, October 5, 2025 11:39 AM",Maximum Speed Limits - Freeways,Not Applicable,Not Applicable,1,Traffic Citation
40.1889108,-77.456791,"Wednesday, February 18, 2026 7:03 PM",Maximum Speed Limits - Freeways,Not Applicable,Not Applicable,1,Traffic Citation
40.1889169,-77.456237,"Sunday, July 6, 2025 1:28 PM",Maximum Speed Limits - Freeways,Not Applicable,Not Applicable,1,Traffic Citation
40.1889213,-77.456212,"Monday, October 20, 2025 3:56 PM",Maximum Speed Limits - Freeways,Not Applicable,Not Applicable,1,Traffic Citation
40.1889266,-77.457256,"Tuesday, April 21, 2026 5:24 PM",Maximum Speed Limits - Freeways,Not Applicable,Not Applicable,1,Traffic Citation
40.1889316,-77.456667,"Friday, June 12, 2026 3:42 PM",Maximum Speed Limits - Freeways,Not Applicable,Not Applicable,1,Traffic Citation
40.1889386,-77.456109,"Tuesday, June 2, 2026 12:21 PM",Maximum Speed Limits - Freeways,Not Applicable,Not Applicable,1,Traffic Citation
40.1889577,-77.456512,"Saturday, February 21, 2026 6:17 PM",Maximum Speed Limits - Freeways,Not Applicable,Not Applicable,1,Traffic Citation
40.1889589,-77.455988,"Friday, June 5, 2026 1:47 PM",Maximum Speed Limits - Freeways,Not Applicable,Not Applicable,1,Traffic Citation
40.1889635,-77.456477,"Wednesday, January 21, 2026 11:46 AM",Maximum Speed Limits - Freeways,Not Applicable,Not Applicable,1,Traffic Citation
40.1889732,-77.456419,"Friday, October 3, 2025 10:45 AM",Maximum Speed Limits - Freeways,Not Applicable,Not Applicable,1,Traffic Citation
40.1889771,-77.456396,"Monday, May 18, 2026 7:43 PM",Maximum Speed Limits - Freeways,Not Applicable,Not Applicable,1,Traffic Citation
40.1889815,-77.45637,"Tuesday, November 4, 2025 11:22 AM",Maximum Speed Limits - Freeways,Not Applicable,Not Applicable,1,Traffic Citation
40.1889828,-77.455846,"Saturday, March 21, 2026 7:16 PM",Maximum Speed Limits - Freeways,Not Applicable,Not Applicable,1,Traffic Citation
40.1890025,-77.456246,"Friday, February 6, 2026 11:50 AM",Maximum Speed Limits - Freeways,Not Applicable,Not Applicable,1,Traffic Citation
40.1890125,-77.456186,"Thursday, April 16, 2026 1:44 PM",Maximum Speed Limits - Freeways,Not Applicable,Not Applicable,1,Traffic Citation
40.1890135,-77.455663,"Friday, May 1, 2026 5:53 PM",Maximum Speed Limits - Freeways,Not Applicable,Not Applicable,1,Traffic Citation
40.1890196,-77.455627,"Monday, April 13, 2026 1:49 PM",Maximum Speed Limits - Freeways,Not Applicable,Not Applicable,1,Traffic Citation
40.1890357,-77.456048,"Monday, May 11, 2026 8:59 PM",Maximum Speed Limits - Freeways,Not Applicable,Not Applicable,1,Traffic Citation
40.1890771,-77.455802,"Saturday, March 21, 2026 10:36 AM",Maximum Speed Limits - Freeways,Not Applicable,Not Applicable,1,Traffic Citation
40.1897156,-76.619474,"Wednesday, December 31, 2025 8:05 PM",Maximum Speed Limits - Freeways,Not Applicable,Not Applicable,1,Traffic Citation
40.1898394,-78.488476,"Saturday, November 29, 2025 9:54 PM",Maximum Speed Limits - Freeways,Not Applicable,Not Applicable,1,Traffic Citation
40.1898771,-78.488464,"Saturday, November 29, 2025 9:08 PM",Maximum Speed Limits - Freeways,Not Applicable,Not Applicable,1,Traffic Citation
40.1898953,-75.919835,"Friday, August 29, 2025 6:44 PM",Maximum Speed Limits - Freeways,Not Applicable,Not Applicable,1,Traffic Citation
40.1901781,-77.449233,"Friday, October 31, 2025 5:09 PM",Maximum Speed Limits - Freeways,Not Applicable,Not Applicable,1,Traffic Citation
40.1902486,-77.175667,"Saturday, May 16, 2026 8:18 PM",Maximum Speed Limits - Freeways,Not Applicable,Not Applicable,1,Traffic Citation
40.1902879,-78.488322,"Tuesday, September 30, 2025 1:07 PM",Maximum Speed Limits - Freeways,Not Applicable,Not Applicable,1,Traffic Citation
40.1902904,-76.62041,"Tuesday, May 26, 2026 9:35 AM",Maximum Speed Limits - Freeways,Not Applicable,Not Applicable,1,Traffic Citation
40.1903657,-76.620382,"Saturday, December 6, 2025 10:07 AM",Maximum Speed Limits - Freeways,Not Applicable,Not Applicable,1,Traffic Citation
40.1903683,-78.488293,"Friday, November 28, 2025 8:49 AM",Maximum Speed Limits - Freeways,Not Applicable,Not Applicable,1,Traffic Citation
40.1904328,-78.48827,"Friday, January 2, 2026 7:01 PM",Maximum Speed Limits - Freeways,Not Applicable,Not Applicable,1,Traffic Citation
40.1904388,-77.447131,"Saturday, September 20, 2025 4:59 PM",Maximum Speed Limits - Freeways,Not Applicable,Not Applicable,1,Traffic Citation
40.1904428,-77.447107,"Thursday, September 18, 2025 6:38 PM",Maximum Speed Limits - Freeways,Not Applicable,Not Applicable,1,Traffic Citation
40.190474,-76.62292,"Sunday, January 4, 2026 9:15 AM",Maximum Speed Limits - Freeways,Not Applicable,Not Applicable,1,Traffic Citation
40.1905223,-76.620731,"Tuesday, May 26, 2026 12:27 PM",Maximum Speed Limits - Freeways,Not Applicable,Not Applicable,1,Traffic Citation
40.1905947,-75.314218,"Tuesday, December 9, 2025 4:08 PM",Maximum Speed Limits - Freeways,Not Applicable,Not Applicable,1,Traffic Citation
40.1907276,-77.445391,"Monday, May 4, 2026 6:15 PM",Maximum Speed Limits - Freeways,Not Applicable,Not Applicable,1,Traffic Citation
40.1909428,-76.622651,"Tuesday, May 26, 2026 9:52 AM",Maximum Speed Limits - Freeways,Not Applicable,Not Applicable,1,Traffic Citation
40.1909549,-78.488077,"Saturday, November 29, 2025 7:18 PM",Maximum Speed Limits - Freeways,Not Applicable,Not Applicable,1,Traffic Citation
40.1909857,-76.622857,"Tuesday, May 26, 2026 10:12 AM",Maximum Speed Limits - Freeways,Not Applicable,Not Applicable,1,Traffic Citation
40.1910033,-76.622942,"Tuesday, May 26, 2026 11:09 AM",Maximum Speed Limits - Freeways,Not Applicable,Not Applicable,1,Traffic Citation
40.1910695,-77.169729,"Monday, July 21, 2025 3:45 AM",Maximum Speed Limits - Freeways,Not Applicable,Not Applicable,1,Traffic Citation
40.1912134,-78.48798,"Friday, November 28, 2025 8:04 AM",Maximum Speed Limits - Freeways,Not Applicable,Not Applicable,1,Traffic Citation
40.1913963,-77.441409,"Friday, April 3, 2026 1:01 PM",Maximum Speed Limits - Freeways,Not Applicable,Not Applicable,1,Traffic Citation
40.1915058,-77.441316,"Monday, November 3, 2025 11:46 AM",Maximum Speed Limits - Freeways,Not Applicable,Not Applicable,1,Traffic Citation
40.1915551,-78.487847,"Sunday, November 30, 2025 9:12 PM",Maximum Speed Limits - Freeways,Not Applicable,Not Applicable,1,Traffic Citation
40.1915589,-78.487845,"Friday, November 28, 2025 8:55 PM",Maximum Speed Limits - Freeways,Not Applicable,Not Applicable,1,Traffic Citation
40.1916207,-78.48782,"Monday, September 1, 2025 10:21 AM",Maximum Speed Limits - Freeways,Not Applicable,Not Applicable,2,Traffic Citation
40.1919693,-77.437923,"Friday, October 31, 2025 5:26 PM",Maximum Speed Limits - Freeways,Not Applicable,Not Applicable,1,Traffic Citation
40.1921838,-76.12424,"Sunday, March 15, 2026 11:33 AM",Maximum Speed Limits - Freeways,Not Applicable,Not Applicable,1,Traffic Citation
40.1922163,-78.48757,"Sunday, November 30, 2025 8:54 PM",Maximum Speed Limits - Freeways,Not Applicable,Not Applicable,1,Traffic Citation
40.1922476,-78.487555,"Sunday, November 30, 2025 7:45 PM",Maximum Speed Limits - Freeways,Not Applicable,Not Applicable,1,Traffic Citation
40.1922719,-77.436092,"Wednesday, September 3, 2025 6:58 PM",Maximum Speed Limits - Freeways,Not Applicable,Not Applicable,1,Traffic Citation
40.1924187,-79.989135,"Thursday, February 12, 2026 1:19 PM",Maximum Speed Limits - Freeways,Not Applicable,Not Applicable,1,Traffic Citation
40.192642,-78.487373,"Saturday, August 30, 2025 1:51 PM",Maximum Speed Limits - Freeways,Not Applicable,Not Applicable,1,Traffic Citation
40.1927017,-77.433513,"Saturday, April 25, 2026 11:05 AM",Maximum Speed Limits - Freeways,Not Applicable,Not Applicable,1,Traffic Citation
40.1927795,-76.633691,"Sunday, May 17, 2026 1:00 PM",Maximum Speed Limits - Freeways,Not Applicable,Not Applicable,1,Traffic Citation
40.1930998,-77.431139,"Sunday, September 14, 2025 7:25 PM",Maximum Speed Limits - Freeways,Not Applicable,Not Applicable,1,Traffic Citation
40.1931672,-76.635433,"Sunday, March 15, 2026 4:58 PM",Maximum Speed Limits - Freeways,Not Applicable,Not Applicable,1,Traffic Citation
40.1935696,-77.428341,"Saturday, August 23, 2025 7:29 AM",Maximum Speed Limits - Freeways,Not Applicable,Not Applicable,1,Traffic Citation
40.1935868,-75.92044,"Tuesday, September 23, 2025 7:30 AM",Maximum Speed Limits - Freeways,Not Applicable,Not Applicable,1,Traffic Citation
40.193588,-78.48692,"Sunday, August 31, 2025 8:56 AM",Maximum Speed Limits - Freeways,Not Applicable,Not Applicable,1,Traffic Citation
40.1936629,-78.486883,"Saturday, August 30, 2025 1:04 PM",Maximum Speed Limits - Freeways,Not Applicable,Not Applicable,1,Traffic Citation
40.1938302,-76.004875,"Saturday, November 22, 2025 9:59 AM",Maximum Speed Limits - Freeways,Not Applicable,Not Applicable,1,Traffic Citation
40.1938501,-78.48679,"Saturday, November 29, 2025 7:33 PM",Maximum Speed Limits - Freeways,Not Applicable,Not Applicable,1,Traffic Citation
40.1941831,-78.486622,"Saturday, August 30, 2025 1:30 PM",Maximum Speed Limits - Freeways,Not Applicable,Not Applicable,1,Traffic Citation
40.1941977,-75.316035,"Wednesday, March 25, 2026 11:07 AM",Maximum Speed Limits - Freeways,Not Applicable,Not Applicable,1,Traffic Citation
40.1942229,-76.675934,"Thursday, December 18, 2025 6:45 PM",Maximum Speed Limits - Freeways,Not Applicable,Not Applicable,1,Traffic Citation
40.1942263,-76.674886,"Friday, May 15, 2026 4:38 AM",Maximum Speed Limits - Freeways,Not Applicable,Not Applicable,2,Traffic Citation
40.194276,-76.662498,"Sunday, December 28, 2025 10:30 AM",Maximum Speed Limits - Freeways,Not Applicable,Not Applicable,2,Traffic Citation
40.1942966,-76.655721,"Sunday, March 15, 2026 1:43 PM",Maximum Speed Limits - Freeways,Not Applicable,Not Applicable,1,Traffic Citation
40.1943133,-76.651688,"Thursday, January 1, 2026 9:43 AM",Maximum Speed Limits - Freeways,Not Applicable,Not Applicable,1,Traffic Citation
40.1943857,-75.315814,"Tuesday, January 6, 2026 8:03 AM",Maximum Speed Limits - Freeways,Not Applicable,Not Applicable,3,Traffic Citation
40.1944322,-76.675229,"Saturday, March 14, 2026 7:32 PM",Maximum Speed Limits - Freeways,Not Applicable,Not Applicable,1,Traffic Citation
40.1944468,-78.486489,"Friday, April 3, 2026 10:32 AM",Maximum Speed Limits - Freeways,Not Applicable,Not Applicable,2,Traffic Citation
40.1945589,-76.645626,"Friday, May 15, 2026 4:12 AM",Maximum Speed Limits - Freeways,Not Applicable,Not Applicable,1,Traffic Citation
40.1946232,-78.486397,"Sunday, May 31, 2026 10:27 PM",Maximum Speed Limits - Freeways,Not Applicable,Not Applicable,1,Traffic Citation
40.194719,-76.686653,"Friday, June 19, 2026 7:37 AM",Maximum Speed Limits - Freeways,Not Applicable,Not Applicable,1,Traffic Citation
40.1947563,-76.686766,"Friday, June 19, 2026 8:52 AM",Maximum Speed Limits - Freeways,Not Applicable,Not Applicable,1,Traffic Citation
40.1951207,-77.419808,"Wednesday, November 12, 2025 2:18 PM",Maximum Speed Limits - Freeways,Not Applicable,Not Applicable,1,Traffic Citation
40.1954961,-76.927792,"Sunday, October 26, 2025 6:07 PM",Maximum Speed Limits - Freeways,Not Applicable,Not Applicable,1,Traffic Citation
40.1955698,-77.417195,"Thursday, August 21, 2025 7:04 AM",Maximum Speed Limits - Freeways,Not Applicable,Not Applicable,1,Traffic Citation
40.1955977,-76.927682,"Wednesday, April 22, 2026 9:03 PM",Maximum Speed Limits - Freeways,Not Applicable,Not Applicable,1,Traffic Citation
40.1956007,-76.927813,"Wednesday, April 22, 2026 7:28 PM",Maximum Speed Limits - Freeways,Not Applicable,Not Applicable,1,Traffic Citation
40.1956147,-76.928322,"Wednesday, April 22, 2026 8:11 PM",Maximum Speed Limits - Freeways,Not Applicable,Not Applicable,1,Traffic Citation
40.1957992,-76.68971,"Wednesday, February 25, 2026 7:01 AM",Maximum Speed Limits - Freeways,Not Applicable,Not Applicable,1,Traffic Citation
40.1959997,-76.980422,"Monday, September 22, 2025 4:53 AM",Maximum Speed Limits - Freeways,Not Applicable,Not Applicable,2,Traffic Citation
40.196176,-77.413577,"Monday, March 23, 2026 9:37 AM",Maximum Speed Limits - Freeways,Not Applicable,Not Applicable,1,Traffic Citation
40.1962735,-78.4855,"Wednesday, February 18, 2026 9:47 AM",Maximum Speed Limits - Freeways,Not Applicable,Not Applicable,1,Traffic Citation
40.1964724,-77.012325,"Tuesday, September 23, 2025 10:49 AM",Maximum Speed Limits - Freeways,Not Applicable,Not Applicable,2,Traffic Citation
40.1965659,-76.933779,"Sunday, October 19, 2025 12:55 PM",Maximum Speed Limits - Freeways,Not Applicable,Not Applicable,1,Traffic Citation
40.1965857,-77.003119,"Thursday, October 2, 2025 5:06 PM",Maximum Speed Limits - Freeways,Not Applicable,Not Applicable,1,Traffic Citation
40.1965867,-77.003075,"Wednesday, August 13, 2025 6:40 PM",Maximum Speed Limits - Freeways,Not Applicable,Not Applicable,1,Traffic Citation
40.1965879,-77.003021,"Sunday, August 17, 2025 10:51 AM",Maximum Speed Limits - Freeways,Not Applicable,Not Applicable,1,Traffic Citation
40.1965879,-77.003018,"Sunday, September 28, 2025 11:31 AM",Maximum Speed Limits - Freeways,Not Applicable,Not Applicable,1,Traffic Citation
40.1965895,-77.002949,"Thursday, January 15, 2026 8:55 AM",Maximum Speed Limits - Freeways,Not Applicable,Not Applicable,1,Traffic Citation
40.1965895,-77.002947,"Saturday, August 23, 2025 4:49 PM",Maximum Speed Limits - Freeways,Not Applicable,Not Applicable,1,Traffic Citation
40.1965999,-76.692111,"Thursday, January 1, 2026 8:45 AM",Maximum Speed Limits - Freeways,Not Applicable,Not Applicable,1,Traffic Citation
40.1966027,-77.002357,"Thursday, July 24, 2025 9:32 AM",Maximum Speed Limits - Freeways,Not Applicable,Not Applicable,1,Traffic Citation
40.1966553,-77.004086,"Wednesday, October 22, 2025 5:19 PM",Maximum Speed Limits - Freeways,Not Applicable,Not Applicable,1,Traffic Citation
40.1966755,-77.003149,"Sunday, August 3, 2025 5:43 PM",Maximum Speed Limits - Freeways,Not Applicable,Not Applicable,1,Traffic Citation
40.1966791,-77.002977,"Thursday, September 11, 2025 12:49 PM",Maximum Speed Limits - Freeways,Not Applicable,Not Applicable,1,Traffic Citation
40.1966798,-77.002943,"Saturday, April 11, 2026 11:30 AM",Maximum Speed Limits - Freeways,Not Applicable,Not Applicable,1,Traffic Citation
40.1966798,-77.002941,"Friday, September 12, 2025 6:08 PM",Maximum Speed Limits - Freeways,Not Applicable,Not Applicable,1,Traffic Citation
40.1966799,-77.002939,"Saturday, March 21, 2026 11:55 AM",Maximum Speed Limits - Freeways,Not Applicable,Not Applicable,2,Traffic Citation
40.19668,-77.002934,"Monday, August 4, 2025 1:14 PM",Maximum Speed Limits - Freeways,Not Applicable,Not Applicable,1,Traffic Citation
40.1966828,-77.409049,"Wednesday, July 30, 2025 1:33 PM",Maximum Speed Limits - Freeways,Not Applicable,Not Applicable,1,Traffic Citation
40.1966875,-77.002574,"Friday, July 4, 2025 4:31 PM",Maximum Speed Limits - Freeways,Not Applicable,Not Applicable,2,Traffic Citation
40.1966935,-77.409053,"Thursday, May 14, 2026 10:56 AM",Maximum Speed Limits - Freeways,Not Applicable,Not Applicable,1,Traffic Citation
40.1967089,-77.409058,"Wednesday, January 21, 2026 12:43 PM",Maximum Speed Limits - Freeways,Not Applicable,Not Applicable,1,Traffic Citation
40.1967114,-77.409059,"Thursday, July 10, 2025 1:32 PM",Maximum Speed Limits - Freeways,Not Applicable,Not Applicable,1,Traffic Citation
40.1967115,-77.409059,"Saturday, May 2, 2026 12:04 PM",Maximum Speed Limits - Freeways,Not Applicable,Not Applicable,1,Traffic Citation
40.1967201,-77.409062,"Tuesday, August 5, 2025 11:21 AM",Maximum Speed Limits - Freeways,Not Applicable,Not Applicable,1,Traffic Citation
40.1967264,-77.409064,"Sunday, May 3, 2026 10:36 AM",Maximum Speed Limits - Freeways,Not Applicable,Not Applicable,1,Traffic Citation
40.1967294,-76.996585,"Friday, October 10, 2025 5:02 PM",Maximum Speed Limits - Freeways,Not Applicable,Not Applicable,1,Traffic Citation
40.1967299,-77.409065,"Saturday, May 16, 2026 12:30 PM",Maximum Speed Limits - Freeways,Not Applicable,Not Applicable,1,Traffic Citation
40.1967369,-77.409067,"Monday, October 27, 2025 2:08 PM",Maximum Speed Limits - Freeways,Not Applicable,Not Applicable,1,Traffic Citation
40.1967442,-77.40907,"Tuesday, September 23, 2025 1:55 PM",Maximum Speed Limits - Freeways,Not Applicable,Not Applicable,1,Traffic Citation
40.196748,-77.41016,"Tuesday, June 9, 2026 6:55 AM",Maximum Speed Limits - Freeways,Not Applicable,Not Applicable,2,Traffic Citation
40.1967516,-77.409072,"Friday, March 13, 2026 10:22 AM",Maximum Speed Limits - Freeways,Not Applicable,Not Applicable,1,Traffic Citation
40.1967532,-77.409073,"Friday, June 5, 2026 12:51 PM",Maximum Speed Limits - Freeways,Not Applicable,Not Applicable,1,Traffic Citation
40.1967599,-77.409075,"Saturday, July 5, 2025 12:38 PM",Maximum Speed Limits - Freeways,Not Applicable,Not Applicable,1,Traffic Citation
40.1967668,-77.409078,"Monday, January 19, 2026 1:15 PM",Maximum Speed Limits - Freeways,Not Applicable,Not Applicable,1,Traffic Citation
40.1967869,-77.409099,"Monday, January 5, 2026 5:45 PM",Maximum Speed Limits - Freeways,Not Applicable,Not Applicable,1,Traffic Citation
40.1967949,-76.993657,"Wednesday, August 13, 2025 12:25 PM",Maximum Speed Limits - Freeways,Not Applicable,Not Applicable,1,Traffic Citation
40.1967955,-77.409048,"Friday, November 14, 2025 11:50 AM",Maximum Speed Limits - Freeways,Not Applicable,Not Applicable,1,Traffic Citation
40.1967991,-77.409026,"Wednesday, November 26, 2025 1:11 PM",Maximum Speed Limits - Freeways,Not Applicable,Not Applicable,1,Traffic Citation
40.1967994,-77.409024,"Thursday, November 6, 2025 1:48 PM",Maximum Speed Limits - Freeways,Not Applicable,Not Applicable,1,Traffic Citation
40.1967995,-77.409024,"Saturday, August 2, 2025 5:37 PM",Maximum Speed Limits - Freeways,Not Applicable,Not Applicable,1,Traffic Citation
40.1968006,-77.409017,"Friday, April 10, 2026 11:25 AM",Maximum Speed Limits - Freeways,Not Applicable,Not Applicable,1,Traffic Citation
40.1968018,-77.40901,"Friday, October 3, 2025 1:13 PM",Maximum Speed Limits - Freeways,Not Applicable,Not Applicable,1,Traffic Citation
40.1968065,-77.408982,"Sunday, April 12, 2026 1:51 PM",Maximum Speed Limits - Freeways,Not Applicable,Not Applicable,1,Traffic Citation
40.1968243,-77.409097,"Saturday, September 13, 2025 6:54 PM",Maximum Speed Limits - Freeways,Not Applicable,Not Applicable,1,Traffic Citation
40.1968462,-77.409106,"Wednesday, August 27, 2025 11:36 AM",Maximum Speed Limits - Freeways,Not Applicable,Not Applicable,1,Traffic Citation
40.1970732,-76.692472,"Thursday, July 3, 2025 12:47 PM",Maximum Speed Limits - Freeways,Not Applicable,Not Applicable,1,Traffic Citation
40.1971656,-77.407658,"Saturday, August 23, 2025 8:12 AM",Maximum Speed Limits - Freeways,Not Applicable,Not Applicable,1,Traffic Citation
40.197232,-78.485372,"Sunday, November 30, 2025 7:57 PM",Maximum Speed Limits - Freeways,Not Applicable,Not Applicable,1,Traffic Citation
40.1973192,-75.317301,"Friday, July 4, 2025 6:26 PM",Maximum Speed Limits - Freeways,Not Applicable,Not Applicable,3,Traffic Citation
40.1974265,-76.816248,"Friday, June 12, 2026 12:41 PM",Maximum Speed Limits - Freeways,Not Applicable,Not Applicable,2,Traffic Citation
40.1974547,-76.816007,"Friday, June 12, 2026 9:15 AM",Maximum Speed Limits - Freeways,Not Applicable,Not Applicable,1,Traffic Citation
40.197464,-76.815926,"Tuesday, June 2, 2026 4:47 PM",Maximum Speed Limits - Freeways,Not Applicable,Not Applicable,1,Traffic Citation
40.1974843,-76.816488,"Saturday, July 12, 2025 2:28 PM",Maximum Speed Limits - Freeways,Not Applicable,Not Applicable,1,Traffic Citation
40.1975128,-76.816283,"Wednesday, October 29, 2025 9:16 AM",Maximum Speed Limits - Freeways,Not Applicable,Not Applicable,1,Traffic Citation
40.1975255,-77.405522,"Saturday, April 18, 2026 9:44 AM",Maximum Speed Limits - Freeways,Not Applicable,Not Applicable,1,Traffic Citation
40.1975357,-76.816117,"Tuesday, June 16, 2026 10:53 AM",Maximum Speed Limits - Freeways,Not Applicable,Not Applicable,1,Traffic Citation
40.1975778,-75.919836,"Wednesday, July 30, 2025 11:48 AM",Maximum Speed Limits - Freeways,Not Applicable,Not Applicable,1,Traffic Citation
40.1975994,-77.40509,"Friday, August 29, 2025 2:06 PM",Maximum Speed Limits - Freeways,Not Applicable,Not Applicable,1,Traffic Citation
40.1976343,-76.694228,"Friday, November 21, 2025 7:30 AM",Maximum Speed Limits - Freeways,Not Applicable,Not Applicable,1,Traffic Citation
40.1976802,-76.814358,"Saturday, April 11, 2026 10:40 AM",Maximum Speed Limits - Freeways,Not Applicable,Not Applicable,1,Traffic Citation
40.1976848,-76.81433,"Thursday, February 5, 2026 9:04 AM",Maximum Speed Limits - Freeways,Not Applicable,Not Applicable,2,Traffic Citation
40.1976974,-76.814251,"Saturday, February 28, 2026 10:02 AM",Maximum Speed Limits - Freeways,Not Applicable,Not Applicable,1,Traffic Citation
40.1977017,-76.814224,"Sunday, July 13, 2025 5:37 PM",Maximum Speed Limits - Freeways,Not Applicable,Not Applicable,1,Traffic Citation
40.1977037,-76.814212,"Monday, August 4, 2025 12:30 PM",Maximum Speed Limits - Freeways,Not Applicable,Not Applicable,1,Traffic Citation
40.1977194,-76.814113,"Friday, April 3, 2026 10:16 AM",Maximum Speed Limits - Freeways,Not Applicable,Not Applicable,1,Traffic Citation
40.1977276,-76.814676,"Thursday, March 19, 2026 9:11 AM",Maximum Speed Limits - Freeways,Not Applicable,Not Applicable,1,Traffic Citation
40.1977351,-76.937694,"Saturday, April 11, 2026 1:24 PM",Maximum Speed Limits - Freeways,Not Applicable,Not Applicable,1,Traffic Citation
40.1977605,-76.81392,"Saturday, August 23, 2025 4:19 PM",Maximum Speed Limits - Freeways,Not Applicable,Not Applicable,1,Traffic Citation
40.1977623,-76.814449,"Sunday, August 17, 2025 10:19 AM",Maximum Speed Limits - Freeways,Not Applicable,Not Applicable,1,Traffic Citation
40.1977649,-76.8139,"Thursday, August 21, 2025 4:49 PM",Maximum Speed Limits - Freeways,Not Applicable,Not Applicable,1,Traffic Citation
40.1977718,-76.814387,"Saturday, January 10, 2026 10:01 AM",Maximum Speed Limits - Freeways,Not Applicable,Not Applicable,1,Traffic Citation
40.197772,-76.814385,"Friday, September 12, 2025 5:34 PM",Maximum Speed Limits - Freeways,Not Applicable,Not Applicable,1,Traffic Citation
40.1977759,-76.814362,"Saturday, February 21, 2026 12:38 PM",Maximum Speed Limits - Freeways,Not Applicable,Not Applicable,1,Traffic Citation
40.1977763,-76.81436,"Monday, March 2, 2026 8:54 AM",Maximum Speed Limits - Freeways,Not Applicable,Not Applicable,1,Traffic Citation
40.1977798,-76.814341,"Saturday, March 21, 2026 11:00 AM",Maximum Speed Limits - Freeways,Not Applicable,Not Applicable,1,Traffic Citation
40.1977805,-76.814337,"Saturday, October 4, 2025 6:09 PM",Maximum Speed Limits - Freeways,Not Applicable,Not Applicable,1,Traffic Citation
40.1977858,-76.814308,"Friday, July 4, 2025 3:58 PM",Maximum Speed Limits - Freeways,Not Applicable,Not Applicable,1,Traffic Citation
40.1977869,-76.814301,"Sunday, March 1, 2026 4:57 PM",Maximum Speed Limits - Freeways,Not Applicable,Not Applicable,1,Traffic Citation
40.1977875,-76.814298,"Sunday, August 3, 2025 5:11 PM",Maximum Speed Limits - Freeways,Not Applicable,Not Applicable,1,Traffic Citation
40.1977941,-76.814262,"Tuesday, January 6, 2026 5:42 PM",Maximum Speed Limits - Freeways,Not Applicable,Not Applicable,1,Traffic Citation
40.1977996,-76.814231,"Friday, January 16, 2026 9:26 AM",Maximum Speed Limits - Freeways,Not Applicable,Not Applicable,1,Traffic Citation
40.1978076,-76.814188,"Thursday, July 24, 2025 8:48 AM",Maximum Speed Limits - Freeways,Not Applicable,Not Applicable,1,Traffic Citation
40.1978192,-77.403764,"Thursday, August 21, 2025 6:53 AM",Maximum Speed Limits - Freeways,Not Applicable,Not Applicable,1,Traffic Citation
40.1978553,-76.813957,"Tuesday, April 21, 2026 5:08 PM",Maximum Speed Limits - Freeways,Not Applicable,Not Applicable,1,Traffic Citation
40.1979637,-77.402077,"Monday, April 13, 2026 2:14 PM",Maximum Speed Limits - Freeways,Not Applicable,Not Applicable,1,Traffic Citation
40.1980233,-78.484899,"Friday, August 29, 2025 3:30 PM",Maximum Speed Limits - Freeways,Not Applicable,Not Applicable,1,Traffic Citation
40.1980799,-78.484434,"Friday, November 28, 2025 2:48 PM",Maximum Speed Limits - Freeways,Not Applicable,Not Applicable,1,Traffic Citation
40.1981215,-78.484409,"Monday, September 29, 2025 1:46 PM",Maximum Speed Limits - Freeways,Not Applicable,Not Applicable,1,Traffic Citation
40.1981418,-78.484396,"Friday, July 18, 2025 10:34 PM",Maximum Speed Limits - Freeways,Not Applicable,Not Applicable,1,Traffic Citation
40.1981489,-76.938968,"Saturday, September 6, 2025 11:43 AM",Maximum Speed Limits - Freeways,Not Applicable,Not Applicable,2,Traffic Citation
40.1981965,-76.939115,"Saturday, October 4, 2025 5:25 PM",Maximum Speed Limits - Freeways,Not Applicable,Not Applicable,1,Traffic Citation
40.1981972,-76.939117,"Friday, January 16, 2026 11:16 AM",Maximum Speed Limits - Freeways,Not Applicable,Not Applicable,1,Traffic Citation
40.1981975,-75.919726,"Wednesday, July 30, 2025 5:08 PM",Maximum Speed Limits - Freeways,Not Applicable,Not Applicable,1,Traffic Citation
40.1982012,-76.939129,"Sunday, November 9, 2025 1:17 PM",Maximum Speed Limits - Freeways,Not Applicable,Not Applicable,1,Traffic Citation
40.1982285,-76.939214,"Saturday, February 28, 2026 12:58 PM",Maximum Speed Limits - Freeways,Not Applicable,Not Applicable,1,Traffic Citation
40.1982351,-76.915602,"Wednesday, April 22, 2026 6:59 PM",Maximum Speed Limits - Freeways,Not Applicable,Not Applicable,1,Traffic Citation
40.1982522,-76.938917,"Friday, April 3, 2026 12:51 PM",Maximum Speed Limits - Freeways,Not Applicable,Not Applicable,1,Traffic Citation
40.1982889,-76.939535,"Monday, May 11, 2026 5:41 PM",Maximum Speed Limits - Freeways,Not Applicable,Not Applicable,1,Traffic Citation
40.1983005,-76.939437,"Thursday, June 4, 2026 1:05 PM",Maximum Speed Limits - Freeways,Not Applicable,Not Applicable,1,Traffic Citation
40.1983025,-76.939443,"Wednesday, April 15, 2026 1:42 PM",Maximum Speed Limits - Freeways,Not Applicable,Not Applicable,1,Traffic Citation
40.1983054,-76.939452,"Thursday, October 16, 2025 1:04 PM",Maximum Speed Limits - Freeways,Not Applicable,Not Applicable,1,Traffic Citation
40.1983108,-76.939469,"Sunday, September 28, 2025 1:08 PM",Maximum Speed Limits - Freeways,Not Applicable,Not Applicable,1,Traffic Citation
40.1983124,-76.939474,"Friday, June 12, 2026 10:30 AM",Maximum Speed Limits - Freeways,Not Applicable,Not Applicable,1,Traffic Citation
40.1983141,-76.939479,"Friday, September 12, 2025 4:37 PM",Maximum Speed Limits - Freeways,Not Applicable,Not Applicable,1,Traffic Citation
40.19832,-76.939497,"Wednesday, June 10, 2026 5:45 PM",Maximum Speed Limits - Freeways,Not Applicable,Not Applicable,1,Traffic Citation
40.198413,-78.484234,"Friday, October 10, 2025 5:32 PM",Maximum Speed Limits - Freeways,Not Applicable,Not Applicable,1,Traffic Citation
40.1986252,-76.811627,"Saturday, July 12, 2025 4:19 PM",Maximum Speed Limits - Freeways,Not Applicable,Not Applicable,1,Traffic Citation
40.1986285,-78.484526,"Monday, September 1, 2025 1:21 PM",Maximum Speed Limits - Freeways,Not Applicable,Not Applicable,1,Traffic Citation
40.1986292,-75.919647,"Wednesday, July 16, 2025 9:14 AM",Maximum Speed Limits - Freeways,Not Applicable,Not Applicable,1,Traffic Citation
40.1986497,-78.484083,"Friday, November 28, 2025 11:09 AM",Maximum Speed Limits - Freeways,Not Applicable,Not Applicable,1,Traffic Citation
40.1986803,-77.398583,"Tuesday, September 30, 2025 10:37 AM",Maximum Speed Limits - Freeways,Not Applicable,Not Applicable,1,Traffic Citation
40.1986932,-78.484056,"Wednesday, November 26, 2025 3:34 PM",Maximum Speed Limits - Freeways,Not Applicable,Not Applicable,1,Traffic Citation
40.1987186,-77.398354,"Friday, April 3, 2026 4:29 PM",Maximum Speed Limits - Freeways,Not Applicable,Not Applicable,1,Traffic Citation
40.1987524,-76.913912,"Saturday, August 16, 2025 1:59 PM",Maximum Speed Limits - Freeways,Not Applicable,Not Applicable,1,Traffic Citation
40.1987527,-78.484018,"Friday, November 28, 2025 7:47 AM",Maximum Speed Limits - Freeways,Not Applicable,Not Applicable,1,Traffic Citation
40.1987655,-78.48401,"Friday, November 28, 2025 2:10 PM",Maximum Speed Limits - Freeways,Not Applicable,Not Applicable,2,Traffic Citation
40.1987656,-78.48401,"Saturday, June 13, 2026 10:02 PM",Maximum Speed Limits - Freeways,Not Applicable,Not Applicable,1,Traffic Citation
40.1987807,-78.484431,"Saturday, August 30, 2025 11:28 AM",Maximum Speed Limits - Freeways,Not Applicable,Not Applicable,1,Traffic Citation
40.1988581,-76.69621,"Monday, November 3, 2025 8:37 PM",Maximum Speed Limits - Freeways,Not Applicable,Not Applicable,1,Traffic Citation
40.1991566,-79.987044,"Thursday, September 18, 2025 9:38 AM",Maximum Speed Limits - Freeways,Not Applicable,Not Applicable,1,Traffic Citation
40.1991696,-78.48375,"Monday, February 16, 2026 8:36 PM",Maximum Speed Limits - Freeways,Not Applicable,Not Applicable,1,Traffic Citation
40.1992679,-76.697691,"Wednesday, December 10, 2025 12:48 PM",Maximum Speed Limits - Freeways,Not Applicable,Not Applicable,1,Traffic Citation
40.1993996,-76.697968,"Saturday, January 3, 2026 9:54 AM",Maximum Speed Limits - Freeways,Not Applicable,Not Applicable,1,Traffic Citation
40.1993997,-78.483599,"Saturday, August 30, 2025 10:27 AM",Maximum Speed Limits - Freeways,Not Applicable,Not Applicable,1,Traffic Citation
40.1994084,-76.697379,"Sunday, March 15, 2026 11:26 AM",Maximum Speed Limits - Freeways,Not Applicable,Not Applicable,1,Traffic Citation
40.1994524,-78.483565,"Wednesday, November 26, 2025 4:37 PM",Maximum Speed Limits - Freeways,Not Applicable,Not Applicable,1,Traffic Citation
40.1994719,-76.69812,"Sunday, May 17, 2026 12:46 PM",Maximum Speed Limits - Freeways,Not Applicable,Not Applicable,1,Traffic Citation
40.1995812,-78.483481,"Sunday, November 30, 2025 7:31 PM",Maximum Speed Limits - Freeways,Not Applicable,Not Applicable,1,Traffic Citation
40.1997382,-76.698083,"Sunday, March 15, 2026 1:10 PM",Maximum Speed Limits - Freeways,Not Applicable,Not Applicable,1,Traffic Citation
40.1998121,-76.698241,"Monday, May 25, 2026 4:12 PM",Maximum Speed Limits - Freeways,Not Applicable,Not Applicable,1,Traffic Citation
40.1998363,-78.483314,"Friday, July 18, 2025 7:48 PM",Maximum Speed Limits - Freeways,Not Applicable,Not Applicable,1,Traffic Citation
40.1998663,-75.919362,"Sunday, November 2, 2025 2:36 PM",Maximum Speed Limits - Freeways,Not Applicable,Not Applicable,1,Traffic Citation
40.1999301,-79.986491,"Thursday, September 25, 2025 4:53 PM",Maximum Speed Limits - Freeways,Not Applicable,Not Applicable,1,Traffic Citation
40.2001908,-76.83975,"Saturday, August 30, 2025 8:00 AM",Maximum Speed Limits - Freeways,Not Applicable,Not Applicable,1,Traffic Citation
40.2002411,-76.839872,"Monday, September 1, 2025 8:09 AM",Maximum Speed Limits - Freeways,Not Applicable,Not Applicable,1,Traffic Citation
40.2002643,-76.839928,"Saturday, August 30, 2025 9:41 AM",Maximum Speed Limits - Freeways,Not Applicable,Not Applicable,1,Traffic Citation
40.2002686,-75.919551,"Wednesday, April 1, 2026 6:39 AM",Maximum Speed Limits - Freeways,Not Applicable,Not Applicable,1,Traffic Citation
40.2002813,-76.69983,"Thursday, April 30, 2026 12:55 PM",Maximum Speed Limits - Freeways,Not Applicable,Not Applicable,1,Traffic Citation
40.2002818,-76.699245,"Saturday, August 2, 2025 8:52 AM",Maximum Speed Limits - Freeways,Not Applicable,Not Applicable,1,Traffic Citation
40.2002928,-76.120598,"Wednesday, October 8, 2025 6:20 PM",Maximum Speed Limits - Freeways,Not Applicable,Not Applicable,1,Traffic Citation
40.200333,-75.919219,"Sunday, December 28, 2025 12:35 PM",Maximum Speed Limits - Freeways,Not Applicable,Not Applicable,1,Traffic Citation
40.2003641,-78.483396,"Sunday, August 31, 2025 12:36 PM",Maximum Speed Limits - Freeways,Not Applicable,Not Applicable,1,Traffic Citation
40.2003941,-76.839959,"Friday, August 29, 2025 5:49 PM",Maximum Speed Limits - Freeways,Not Applicable,Not Applicable,1,Traffic Citation
40.2004363,-75.318347,"Monday, April 27, 2026 12:04 PM",Maximum Speed Limits - Freeways,Not Applicable,Not Applicable,1,Traffic Citation
40.2004665,-75.318359,"Sunday, May 24, 2026 4:19 PM",Maximum Speed Limits - Freeways,Not Applicable,Not Applicable,1,Traffic Citation
40.200476,-78.482886,"Saturday, January 10, 2026 10:13 AM",Maximum Speed Limits - Freeways,Not Applicable,Not Applicable,1,Traffic Citation
40.2004912,-77.387773,"Friday, June 5, 2026 11:59 AM",Maximum Speed Limits - Freeways,Not Applicable,Not Applicable,2,Traffic Citation
40.2005082,-78.482865,"Thursday, January 8, 2026 10:47 AM",Maximum Speed Limits - Freeways,Not Applicable,Not Applicable,1,Traffic Citation
40.2005213,-76.120507,"Thursday, August 28, 2025 8:08 PM",Maximum Speed Limits - Freeways,Not Applicable,Not Applicable,1,Traffic Citation
40.2006179,-77.386197,"Sunday, April 19, 2026 5:40 PM",Maximum Speed Limits - Freeways,Not Applicable,Not Applicable,1,Traffic Citation
40.2006233,-79.57907,"Wednesday, January 21, 2026 11:06 AM",Maximum Speed Limits - Freeways,Not Applicable,Not Applicable,1,Traffic Citation
40.2006276,-77.386139,"Sunday, October 19, 2025 5:22 PM",Maximum Speed Limits - Freeways,Not Applicable,Not Applicable,1,Traffic Citation
40.2006504,-77.386002,"Saturday, November 22, 2025 6:07 PM",Maximum Speed Limits - Freeways,Not Applicable,Not Applicable,1,Traffic Citation
40.2006798,-75.919115,"Wednesday, December 3, 2025 2:44 PM",Maximum Speed Limits - Freeways,Not Applicable,Not Applicable,1,Traffic Citation
40.2007084,-77.384908,"Monday, November 3, 2025 4:20 PM",Maximum Speed Limits - Freeways,Not Applicable,Not Applicable,1,Traffic Citation
40.200711,-77.38491,"Tuesday, May 5, 2026 10:31 AM",Maximum Speed Limits - Freeways,Not Applicable,Not Applicable,1,Traffic Citation
40.2007153,-77.384914,"Monday, January 5, 2026 4:05 PM",Maximum Speed Limits - Freeways,Not Applicable,Not Applicable,1,Traffic Citation
40.2007187,-77.384916,"Saturday, July 12, 2025 4:04 PM",Maximum Speed Limits - Freeways,Not Applicable,Not Applicable,1,Traffic Citation
40.2007221,-77.384919,"Tuesday, August 26, 2025 1:34 PM",Maximum Speed Limits - Freeways,Not Applicable,Not Applicable,1,Traffic Citation
40.2007229,-77.38492,"Wednesday, January 28, 2026 3:51 PM",Maximum Speed Limits - Freeways,Not Applicable,Not Applicable,1,Traffic Citation
40.2007244,-77.384921,"Monday, November 17, 2025 4:29 PM",Maximum Speed Limits - Freeways,Not Applicable,Not Applicable,1,Traffic Citation
40.2007286,-77.384924,"Friday, October 3, 2025 9:29 AM",Maximum Speed Limits - Freeways,Not Applicable,Not Applicable,1,Traffic Citation
40.200738,-77.384931,"Monday, October 13, 2025 5:11 PM",Maximum Speed Limits - Freeways,Not Applicable,Not Applicable,1,Traffic Citation
40.2007386,-77.384932,"Wednesday, November 26, 2025 1:37 PM",Maximum Speed Limits - Freeways,Not Applicable,Not Applicable,1,Traffic Citation
40.2007427,-77.384935,"Monday, September 1, 2025 4:25 PM",Maximum Speed Limits - Freeways,Not Applicable,Not Applicable,1,Traffic Citation
40.2007429,-77.384935,"Sunday, June 7, 2026 10:34 AM",Maximum Speed Limits - Freeways,Not Applicable,Not Applicable,1,Traffic Citation
40.200745,-77.384937,"Monday, May 4, 2026 1:24 PM",Maximum Speed Limits - Freeways,Not Applicable,Not Applicable,1,Traffic Citation
40.2007567,-77.384946,"Thursday, August 14, 2025 4:42 PM",Maximum Speed Limits - Freeways,Not Applicable,Not Applicable,1,Traffic Citation
40.2007569,-77.384946,"Thursday, December 18, 2025 1:26 PM",Maximum Speed Limits - Freeways,Not Applicable,Not Applicable,1,Traffic Citation
40.2007574,-77.384946,"Sunday, May 24, 2026 4:16 PM",Maximum Speed Limits - Freeways,Not Applicable,Not Applicable,1,Traffic Citation
40.2007605,-77.385342,"Sunday, May 24, 2026 10:09 AM",Maximum Speed Limits - Freeways,Not Applicable,Not Applicable,1,Traffic Citation
40.2007792,-77.384963,"Monday, June 29, 2026 5:34 PM",Maximum Speed Limits - Freeways,Not Applicable,Not Applicable,1,Traffic Citation
40.2007796,-77.384964,"Monday, May 25, 2026 4:16 PM",Maximum Speed Limits - Freeways,Not Applicable,Not Applicable,1,Traffic Citation
40.2007826,-77.385209,"Monday, May 11, 2026 9:19 AM",Maximum Speed Limits - Freeways,Not Applicable,Not Applicable,1,Traffic Citation
40.2007844,-77.384967,"Monday, March 9, 2026 4:06 PM",Maximum Speed Limits - Freeways,Not Applicable,Not Applicable,2,Traffic Citation
40.200795,-77.385135,"Thursday, September 4, 2025 4:07 PM",Maximum Speed Limits - Freeways,Not Applicable,Not Applicable,1,Traffic Citation
40.2007993,-77.385107,"Wednesday, June 3, 2026 4:33 PM",Maximum Speed Limits - Freeways,Not Applicable,Not Applicable,1,Traffic Citation
40.2008172,-76.700382,"Friday, August 1, 2025 8:25 PM",Maximum Speed Limits - Freeways,Not Applicable,Not Applicable,1,Traffic Citation
40.200821,-77.384969,"Thursday, October 23, 2025 1:14 PM",Maximum Speed Limits - Freeways,Not Applicable,Not Applicable,1,Traffic Citation
40.2008212,-77.384968,"Sunday, May 3, 2026 11:00 AM",Maximum Speed Limits - Freeways,Not Applicable,Not Applicable,1,Traffic Citation
40.2008265,-77.384937,"Wednesday, February 18, 2026 10:06 AM",Maximum Speed Limits - Freeways,Not Applicable,Not Applicable,1,Traffic Citation
40.2008309,-77.384912,"Wednesday, April 1, 2026 10:57 AM",Maximum Speed Limits - Freeways,Not Applicable,Not Applicable,1,Traffic Citation
40.2008347,-77.384891,"Wednesday, November 5, 2025 10:20 AM",Maximum Speed Limits - Freeways,Not Applicable,Not Applicable,1,Traffic Citation
40.2008349,-77.38489,"Friday, June 5, 2026 1:37 PM",Maximum Speed Limits - Freeways,Not Applicable,Not Applicable,1,Traffic Citation
40.2008361,-77.384883,"Friday, July 25, 2025 3:46 PM",Maximum Speed Limits - Freeways,Not Applicable,Not Applicable,1,Traffic Citation
40.2008365,-77.384881,"Saturday, August 16, 2025 12:30 PM",Maximum Speed Limits - Freeways,Not Applicable,Not Applicable,1,Traffic Citation
40.2008402,-77.384859,"Friday, December 5, 2025 7:49 AM",Maximum Speed Limits - Freeways,Not Applicable,Not Applicable,1,Traffic Citation
40.2008459,-77.384827,"Wednesday, November 5, 2025 3:22 PM",Maximum Speed Limits - Freeways,Not Applicable,Not Applicable,1,Traffic Citation
40.2008489,-77.38481,"Monday, February 16, 2026 4:43 PM",Maximum Speed Limits - Freeways,Not Applicable,Not Applicable,1,Traffic Citation
40.2008561,-77.384769,"Thursday, July 31, 2025 6:17 PM",Maximum Speed Limits - Freeways,Not Applicable,Not Applicable,1,Traffic Citation
40.2008576,-75.919062,"Tuesday, October 21, 2025 7:41 AM",Maximum Speed Limits - Freeways,Not Applicable,Not Applicable,1,Traffic Citation
40.2008582,-75.919062,"Monday, November 3, 2025 1:11 PM",Maximum Speed Limits - Freeways,Not Applicable,Not Applicable,1,Traffic Citation
40.2008671,-77.384706,"Friday, January 16, 2026 11:21 AM",Maximum Speed Limits - Freeways,Not Applicable,Not Applicable,1,Traffic Citation
40.2008969,-77.385346,"Friday, August 8, 2025 4:12 PM",Maximum Speed Limits - Freeways,Not Applicable,Not Applicable,1,Traffic Citation
40.2009088,-76.906847,"Friday, August 8, 2025 1:47 PM",Maximum Speed Limits - Freeways,Not Applicable,Not Applicable,1,Traffic Citation
40.200921,-77.3844,"Thursday, August 7, 2025 4:20 PM",Maximum Speed Limits - Freeways,Not Applicable,Not Applicable,1,Traffic Citation
40.2009303,-76.906776,"Monday, July 28, 2025 10:35 AM",Maximum Speed Limits - Freeways,Not Applicable,Not Applicable,1,Traffic Citation
40.2009374,-77.384306,"Wednesday, July 2, 2025 5:45 PM",Maximum Speed Limits - Freeways,Not Applicable,Not Applicable,1,Traffic Citation
40.2009418,-77.384281,"Thursday, July 24, 2025 10:45 AM",Maximum Speed Limits - Freeways,Not Applicable,Not Applicable,1,Traffic Citation
40.2009427,-77.384276,"Saturday, July 12, 2025 3:29 PM",Maximum Speed Limits - Freeways,Not Applicable,Not Applicable,1,Traffic Citation
40.2009459,-77.384258,"Friday, July 11, 2025 12:48 PM",Maximum Speed Limits - Freeways,Not Applicable,Not Applicable,1,Traffic Citation
40.2009521,-77.384223,"Sunday, November 9, 2025 11:44 AM",Maximum Speed Limits - Freeways,Not Applicable,Not Applicable,1,Traffic Citation
40.2009724,-77.384107,"Friday, April 3, 2026 1:00 PM",Maximum Speed Limits - Freeways,Not Applicable,Not Applicable,1,Traffic Citation
40.2009989,-77.383193,"Tuesday, April 21, 2026 6:53 PM",Maximum Speed Limits - Freeways,Not Applicable,Not Applicable,1,Traffic Citation
40.2010175,-77.383837,"Friday, July 4, 2025 3:49 PM",Maximum Speed Limits - Freeways,Not Applicable,Not Applicable,1,Traffic Citation
40.2010219,-77.383811,"Tuesday, February 24, 2026 3:28 PM",Maximum Speed Limits - Freeways,Not Applicable,Not Applicable,1,Traffic Citation
40.2010276,-77.383777,"Monday, September 1, 2025 5:00 PM",Maximum Speed Limits - Freeways,Not Applicable,Not Applicable,1,Traffic Citation
40.2010297,-77.383196,"Wednesday, February 18, 2026 5:51 PM",Maximum Speed Limits - Freeways,Not Applicable,Not Applicable,1,Traffic Citation
40.2010375,-77.383718,"Friday, October 3, 2025 5:40 PM",Maximum Speed Limits - Freeways,Not Applicable,Not Applicable,1,Traffic Citation
40.2010545,-77.383198,"Tuesday, March 31, 2026 5:25 PM",Maximum Speed Limits - Freeways,Not Applicable,Not Applicable,1,Traffic Citation
40.2010658,-77.384315,"Friday, February 20, 2026 9:23 PM",Maximum Speed Limits - Freeways,Not Applicable,Not Applicable,1,Traffic Citation
40.2011174,-77.383234,"Wednesday, November 12, 2025 5:19 PM",Maximum Speed Limits - Freeways,Not Applicable,Not Applicable,1,Traffic Citation
40.2011438,-77.383836,"Saturday, October 4, 2025 9:38 AM",Maximum Speed Limits - Freeways,Not Applicable,Not Applicable,1,Traffic Citation
40.2011452,-77.383067,"Thursday, May 7, 2026 1:16 PM",Maximum Speed Limits - Freeways,Not Applicable,Not Applicable,1,Traffic Citation
40.2011455,-77.383826,"Wednesday, October 1, 2025 2:09 PM",Maximum Speed Limits - Freeways,Not Applicable,Not Applicable,1,Traffic Citation
40.2011507,-77.383034,"Tuesday, September 23, 2025 12:03 PM",Maximum Speed Limits - Freeways,Not Applicable,Not Applicable,1,Traffic Citation
40.2011667,-77.382937,"Saturday, June 20, 2026 3:34 PM",Maximum Speed Limits - Freeways,Not Applicable,Not Applicable,1,Traffic Citation
40.2011683,-77.037637,"Sunday, August 24, 2025 10:32 AM",Maximum Speed Limits - Freeways,Not Applicable,Not Applicable,1,Traffic Citation
40.2011795,-79.579538,"Wednesday, January 21, 2026 10:42 AM",Maximum Speed Limits - Freeways,Not Applicable,Not Applicable,1,Traffic Citation
40.2011795,-77.382861,"Monday, May 25, 2026 11:04 AM",Maximum Speed Limits - Freeways,Not Applicable,Not Applicable,1,Traffic Citation
40.201181,-77.382852,"Sunday, May 3, 2026 10:04 AM",Maximum Speed Limits - Freeways,Not Applicable,Not Applicable,1,Traffic Citation
40.2011928,-75.918954,"Wednesday, August 13, 2025 6:38 AM",Maximum Speed Limits - Freeways,Not Applicable,Not Applicable,1,Traffic Citation
40.2011952,-77.382766,"Saturday, July 26, 2025 4:26 PM",Maximum Speed Limits - Freeways,Not Applicable,Not Applicable,1,Traffic Citation
40.2011997,-75.918952,"Wednesday, August 13, 2025 6:44 AM",Maximum Speed Limits - Freeways,Not Applicable,Not Applicable,1,Traffic Citation
40.2012181,-77.382629,"Friday, July 18, 2025 11:18 AM",Maximum Speed Limits - Freeways,Not Applicable,Not Applicable,1,Traffic Citation
40.2012197,-75.918844,"Friday, July 18, 2025 12:16 PM",Maximum Speed Limits - Freeways,Not Applicable,Not Applicable,4,Traffic Citation
40.2012203,-75.918849,"Friday, August 29, 2025 4:07 PM",Maximum Speed Limits - Freeways,Not Applicable,Not Applicable,2,Traffic Citation
40.2012204,-75.91885,"Saturday, August 30, 2025 3:52 PM",Maximum Speed Limits - Freeways,Not Applicable,Not Applicable,1,Traffic Citation
40.2012208,-75.918854,"Friday, August 29, 2025 5:08 PM",Maximum Speed Limits - Freeways,Not Applicable,Not Applicable,1,Traffic Citation
40.201221,-75.918855,"Friday, August 29, 2025 4:34 PM",Maximum Speed Limits - Freeways,Not Applicable,Not Applicable,1,Traffic Citation
40.2012224,-75.918866,"Saturday, August 30, 2025 3:30 PM",Maximum Speed Limits - Freeways,Not Applicable,Not Applicable,1,Traffic Citation
40.201223,-75.918872,"Friday, July 18, 2025 12:50 PM",Maximum Speed Limits - Freeways,Not Applicable,Not Applicable,1,Traffic Citation
40.2012248,-75.918885,"Friday, July 18, 2025 12:35 PM",Maximum Speed Limits - Freeways,Not Applicable,Not Applicable,1,Traffic Citation
40.2012272,-75.318676,"Monday, May 18, 2026 7:38 PM",Maximum Speed Limits - Freeways,Not Applicable,Not Applicable,1,Traffic Citation
40.2012396,-77.3825,"Saturday, October 25, 2025 1:40 PM",Maximum Speed Limits - Freeways,Not Applicable,Not Applicable,1,Traffic Citation
40.2012422,-78.48235,"Tuesday, June 9, 2026 1:41 PM",Maximum Speed Limits - Freeways,Not Applicable,Not Applicable,2,Traffic Citation
40.2012626,-75.91893,"Saturday, August 30, 2025 2:34 PM",Maximum Speed Limits - Freeways,Not Applicable,Not Applicable,1,Traffic Citation
40.2012706,-77.382313,"Saturday, August 30, 2025 9:00 AM",Maximum Speed Limits - Freeways,Not Applicable,Not Applicable,1,Traffic Citation
40.2012923,-77.382969,"Thursday, June 11, 2026 9:02 AM",Maximum Speed Limits - Freeways,Not Applicable,Not Applicable,1,Traffic Citation
40.2013301,-79.985978,"Thursday, April 2, 2026 9:33 AM",Maximum Speed Limits - Freeways,Not Applicable,Not Applicable,1,Traffic Citation
40.2013584,-77.382566,"Wednesday, November 12, 2025 2:06 PM",Maximum Speed Limits - Freeways,Not Applicable,Not Applicable,1,Traffic Citation
40.2013874,-77.382385,"Saturday, August 23, 2025 7:05 AM",Maximum Speed Limits - Freeways,Not Applicable,Not Applicable,1,Traffic Citation
40.2013991,-79.579799,"Friday, June 19, 2026 4:56 PM",Maximum Speed Limits - Freeways,Not Applicable,Not Applicable,1,Traffic Citation
40.2014253,-77.382149,"Friday, September 19, 2025 3:41 PM",Maximum Speed Limits - Freeways,Not Applicable,Not Applicable,1,Traffic Citation
40.2014261,-75.918865,"Tuesday, July 15, 2025 4:45 PM",Maximum Speed Limits - Freeways,Not Applicable,Not Applicable,2,Traffic Citation
40.2014297,-79.579696,"Friday, April 10, 2026 4:32 PM",Maximum Speed Limits - Freeways,Not Applicable,Not Applicable,1,Traffic Citation
40.2014317,-77.382108,"Friday, September 12, 2025 7:43 AM",Maximum Speed Limits - Freeways,Not Applicable,Not Applicable,1,Traffic Citation
40.2014379,-76.701506,"Tuesday, April 14, 2026 6:50 AM",Maximum Speed Limits - Freeways,Not Applicable,Not Applicable,1,Traffic Citation
40.2014475,-77.382011,"Saturday, August 30, 2025 9:27 AM",Maximum Speed Limits - Freeways,Not Applicable,Not Applicable,1,Traffic Citation
40.2014512,-75.918855,"Wednesday, November 26, 2025 7:49 PM",Maximum Speed Limits - Freeways,Not Applicable,Not Applicable,1,Traffic Citation
40.2014554,-75.918853,"Tuesday, October 21, 2025 6:54 AM",Maximum Speed Limits - Freeways,Not Applicable,Not Applicable,1,Traffic Citation
40.2014853,-75.918841,"Tuesday, May 19, 2026 8:20 AM",Maximum Speed Limits - Freeways,Not Applicable,Not Applicable,1,Traffic Citation
40.201503,-75.918834,"Wednesday, November 26, 2025 5:16 PM",Maximum Speed Limits - Freeways,Not Applicable,Not Applicable,2,Traffic Citation
40.2015034,-77.381679,"Wednesday, October 1, 2025 3:50 PM",Maximum Speed Limits - Freeways,Not Applicable,Not Applicable,1,Traffic Citation
40.2015154,-75.91883,"Friday, August 29, 2025 5:10 PM",Maximum Speed Limits - Freeways,Not Applicable,Not Applicable,1,Traffic Citation
40.2015271,-79.985923,"Thursday, March 26, 2026 7:18 AM",Maximum Speed Limits - Freeways,Not Applicable,Not Applicable,1,Traffic Citation
40.2015656,-77.380502,"Friday, November 7, 2025 4:41 PM",Maximum Speed Limits - Freeways,Not Applicable,Not Applicable,1,Traffic Citation
40.2015732,-77.381264,"Tuesday, September 30, 2025 2:16 PM",Maximum Speed Limits - Freeways,Not Applicable,Not Applicable,1,Traffic Citation
40.2015854,-75.918807,"Tuesday, July 15, 2025 8:48 PM",Maximum Speed Limits - Freeways,Not Applicable,Not Applicable,1,Traffic Citation
40.201588,-75.918806,"Tuesday, October 21, 2025 9:12 AM",Maximum Speed Limits - Freeways,Not Applicable,Not Applicable,1,Traffic Citation
40.2015947,-75.918804,"Tuesday, July 15, 2025 4:22 PM",Maximum Speed Limits - Freeways,Not Applicable,Not Applicable,1,Traffic Citation
40.2016131,-77.381029,"Sunday, April 12, 2026 3:16 PM",Maximum Speed Limits - Freeways,Not Applicable,Not Applicable,1,Traffic Citation
40.2016607,-77.38075,"Friday, October 3, 2025 9:39 AM",Maximum Speed Limits - Freeways,Not Applicable,Not Applicable,1,Traffic Citation
40.2016745,-75.918778,"Tuesday, July 15, 2025 2:41 PM",Maximum Speed Limits - Freeways,Not Applicable,Not Applicable,1,Traffic Citation
40.2017168,-77.380437,"Wednesday, February 25, 2026 8:47 AM",Maximum Speed Limits - Freeways,Not Applicable,Not Applicable,1,Traffic Citation
40.2017196,-75.918763,"Friday, November 28, 2025 3:19 PM",Maximum Speed Limits - Freeways,Not Applicable,Not Applicable,1,Traffic Citation
40.2017262,-77.380385,"Wednesday, April 1, 2026 4:38 PM",Maximum Speed Limits - Freeways,Not Applicable,Not Applicable,1,Traffic Citation
40.2017291,-77.380369,"Saturday, April 11, 2026 5:43 PM",Maximum Speed Limits - Freeways,Not Applicable,Not Applicable,1,Traffic Citation
40.2017295,-77.380366,"Saturday, March 21, 2026 12:21 PM",Maximum Speed Limits - Freeways,Not Applicable,Not Applicable,1,Traffic Citation
40.20173,-77.380364,"Friday, April 3, 2026 10:23 AM",Maximum Speed Limits - Freeways,Not Applicable,Not Applicable,1,Traffic Citation
40.2017677,-75.918747,"Wednesday, November 26, 2025 9:33 PM",Maximum Speed Limits - Freeways,Not Applicable,Not Applicable,1,Traffic Citation
40.2017979,-75.318933,"Friday, September 12, 2025 7:30 AM",Maximum Speed Limits - Freeways,Not Applicable,Not Applicable,2,Traffic Citation
40.201803,-75.319174,"Thursday, June 25, 2026 7:07 PM",Maximum Speed Limits - Freeways,Not Applicable,Not Applicable,1,Traffic Citation
40.2018245,-75.918729,"Friday, November 28, 2025 3:38 PM",Maximum Speed Limits - Freeways,Not Applicable,Not Applicable,1,Traffic Citation
40.201833,-75.918726,"Friday, August 29, 2025 4:22 PM",Maximum Speed Limits - Freeways,Not Applicable,Not Applicable,2,Traffic Citation
40.201835,-75.918725,"Friday, August 29, 2025 8:32 PM",Maximum Speed Limits - Freeways,Not Applicable,Not Applicable,1,Traffic Citation
40.201872,-77.378691,"Sunday, August 31, 2025 5:35 PM",Maximum Speed Limits - Freeways,Not Applicable,Not Applicable,2,Traffic Citation
40.2018723,-79.986196,"Monday, February 2, 2026 8:17 AM",Maximum Speed Limits - Freeways,Not Applicable,Not Applicable,2,Traffic Citation
40.201877,-77.378661,"Thursday, August 28, 2025 5:54 PM",Maximum Speed Limits - Freeways,Not Applicable,Not Applicable,1,Traffic Citation
40.2018772,-77.37866,"Thursday, May 7, 2026 7:47 PM",Maximum Speed Limits - Freeways,Not Applicable,Not Applicable,1,Traffic Citation
40.2018856,-77.37861,"Monday, August 4, 2025 5:55 PM",Maximum Speed Limits - Freeways,Not Applicable,Not Applicable,1,Traffic Citation
40.2019168,-77.379193,"Sunday, March 29, 2026 9:06 AM",Maximum Speed Limits - Freeways,Not Applicable,Not Applicable,1,Traffic Citation
40.2019472,-75.918689,"Friday, November 28, 2025 2:58 PM",Maximum Speed Limits - Freeways,Not Applicable,Not Applicable,1,Traffic Citation
40.201955,-76.702243,"Tuesday, March 10, 2026 8:16 AM",Maximum Speed Limits - Freeways,Not Applicable,Not Applicable,1,Traffic Citation
40.2019744,-76.702269,"Saturday, July 26, 2025 12:42 PM",Maximum Speed Limits - Freeways,Not Applicable,Not Applicable,1,Traffic Citation
40.2019889,-75.918675,"Friday, November 28, 2025 2:27 PM",Maximum Speed Limits - Freeways,Not Applicable,Not Applicable,1,Traffic Citation
40.202003,-76.843847,"Thursday, March 26, 2026 4:51 PM",Maximum Speed Limits - Freeways,Not Applicable,Not Applicable,1,Traffic Citation
40.2020355,-75.91866,"Tuesday, July 15, 2025 3:41 PM",Maximum Speed Limits - Freeways,Not Applicable,Not Applicable,1,Traffic Citation
40.202036,-75.91866,"Wednesday, December 31, 2025 9:26 AM",Maximum Speed Limits - Freeways,Not Applicable,Not Applicable,1,Traffic Citation
40.2020793,-75.918645,"Friday, November 28, 2025 5:15 PM",Maximum Speed Limits - Freeways,Not Applicable,Not Applicable,1,Traffic Citation
40.2021029,-77.377208,"Thursday, January 1, 2026 3:00 PM",Maximum Speed Limits - Freeways,Not Applicable,Not Applicable,1,Traffic Citation
40.2021838,-75.319104,"Friday, September 12, 2025 7:30 AM",Maximum Speed Limits - Freeways,Not Applicable,Not Applicable,2,Traffic Citation
40.2022372,-77.377178,"Wednesday, July 23, 2025 11:22 AM",Maximum Speed Limits - Freeways,Not Applicable,Not Applicable,1,Traffic Citation
40.2022741,-75.918579,"Friday, November 28, 2025 4:06 PM",Maximum Speed Limits - Freeways,Not Applicable,Not Applicable,1,Traffic Citation
40.2022784,-77.376894,"Friday, August 29, 2025 5:53 PM",Maximum Speed Limits - Freeways,Not Applicable,Not Applicable,1,Traffic Citation
40.2023048,-76.70266,"Tuesday, April 21, 2026 12:12 PM",Maximum Speed Limits - Freeways,Not Applicable,Not Applicable,1,Traffic Citation
40.2023676,-76.844727,"Tuesday, April 21, 2026 5:57 AM",Maximum Speed Limits - Freeways,Not Applicable,Not Applicable,1,Traffic Citation
40.2023888,-75.918539,"Saturday, April 4, 2026 4:11 PM",Maximum Speed Limits - Freeways,Not Applicable,Not Applicable,1,Traffic Citation
40.2024046,-76.702772,"Sunday, March 15, 2026 11:54 AM",Maximum Speed Limits - Freeways,Not Applicable,Not Applicable,1,Traffic Citation
40.2024163,-78.481514,"Thursday, January 8, 2026 11:03 AM",Maximum Speed Limits - Freeways,Not Applicable,Not Applicable,1,Traffic Citation
40.2024588,-75.918515,"Wednesday, December 31, 2025 5:00 PM",Maximum Speed Limits - Freeways,Not Applicable,Not Applicable,1,Traffic Citation
40.202543,-76.845149,"Wednesday, November 26, 2025 10:24 AM",Maximum Speed Limits - Freeways,Not Applicable,Not Applicable,1,Traffic Citation
40.2026132,-77.373301,"Wednesday, November 12, 2025 4:35 PM",Maximum Speed Limits - Freeways,Not Applicable,Not Applicable,1,Traffic Citation
40.2026333,-76.703018,"Tuesday, April 21, 2026 11:24 AM",Maximum Speed Limits - Freeways,Not Applicable,Not Applicable,1,Traffic Citation
40.2026362,-76.703021,"Sunday, March 15, 2026 11:06 AM",Maximum Speed Limits - Freeways,Not Applicable,Not Applicable,1,Traffic Citation
40.2026409,-76.703026,"Tuesday, April 21, 2026 11:53 AM",Maximum Speed Limits - Freeways,Not Applicable,Not Applicable,1,Traffic Citation
40.2026552,-76.703041,"Friday, August 22, 2025 4:25 PM",Maximum Speed Limits - Freeways,Not Applicable,Not Applicable,1,Traffic Citation
40.2026663,-75.918442,"Saturday, April 4, 2026 3:11 PM",Maximum Speed Limits - Freeways,Not Applicable,Not Applicable,1,Traffic Citation
40.2027344,-75.918415,"Wednesday, December 31, 2025 3:03 PM",Maximum Speed Limits - Freeways,Not Applicable,Not Applicable,1,Traffic Citation
40.2027764,-76.70354,"Saturday, January 3, 2026 10:37 AM",Maximum Speed Limits - Freeways,Not Applicable,Not Applicable,2,Traffic Citation
40.2027784,-76.703162,"Wednesday, April 8, 2026 7:01 PM",Maximum Speed Limits - Freeways,Not Applicable,Not Applicable,1,Traffic Citation
40.2028232,-76.703205,"Wednesday, April 8, 2026 6:42 PM",Maximum Speed Limits - Freeways,Not Applicable,Not Applicable,1,Traffic Citation
40.2028339,-76.703592,"Friday, March 13, 2026 12:11 PM",Maximum Speed Limits - Freeways,Not Applicable,Not Applicable,1,Traffic Citation
40.2028529,-76.703233,"Thursday, July 10, 2025 8:35 PM",Maximum Speed Limits - Freeways,Not Applicable,Not Applicable,1,Traffic Citation
40.2028726,-77.370649,"Tuesday, February 24, 2026 3:43 PM",Maximum Speed Limits - Freeways,Not Applicable,Not Applicable,1,Traffic Citation
40.202884,-76.703262,"Monday, March 23, 2026 9:58 PM",Maximum Speed Limits - Freeways,Not Applicable,Not Applicable,1,Traffic Citation
40.2028927,-76.703271,"Saturday, December 6, 2025 11:39 AM",Maximum Speed Limits - Freeways,Not Applicable,Not Applicable,1,Traffic Citation
40.2029091,-76.703286,"Saturday, December 6, 2025 10:30 AM",Maximum Speed Limits - Freeways,Not Applicable,Not Applicable,1,Traffic Citation
40.2029188,-76.703295,"Friday, August 29, 2025 8:19 AM",Maximum Speed Limits - Freeways,Not Applicable,Not Applicable,1,Traffic Citation
40.2029205,-76.703297,"Wednesday, April 8, 2026 5:50 PM",Maximum Speed Limits - Freeways,Not Applicable,Not Applicable,1,Traffic Citation
40.2029216,-76.703298,"Friday, August 29, 2025 11:47 AM",Maximum Speed Limits - Freeways,Not Applicable,Not Applicable,1,Traffic Citation
40.2029453,-76.70332,"Sunday, July 13, 2025 5:34 PM",Maximum Speed Limits - Freeways,Not Applicable,Not Applicable,1,Traffic Citation
40.2029583,-78.48113,"Saturday, August 30, 2025 12:05 PM",Maximum Speed Limits - Freeways,Not Applicable,Not Applicable,1,Traffic Citation
40.2029644,-76.703711,"Wednesday, March 25, 2026 9:28 PM",Maximum Speed Limits - Freeways,Not Applicable,Not Applicable,1,Traffic Citation
40.2029704,-76.703344,"Wednesday, December 10, 2025 1:41 PM",Maximum Speed Limits - Freeways,Not Applicable,Not Applicable,1,Traffic Citation
40.2029786,-76.703352,"Wednesday, December 10, 2025 8:56 AM",Maximum Speed Limits - Freeways,Not Applicable,Not Applicable,1,Traffic Citation
40.2030301,-76.703403,"Saturday, December 6, 2025 10:49 AM",Maximum Speed Limits - Freeways,Not Applicable,Not Applicable,1,Traffic Citation
40.2030679,-75.918289,"Friday, November 28, 2025 1:32 PM",Maximum Speed Limits - Freeways,Not Applicable,Not Applicable,2,Traffic Citation
40.2030982,-76.703468,"Thursday, August 28, 2025 9:10 PM",Maximum Speed Limits - Freeways,Not Applicable,Not Applicable,1,Traffic Citation
40.2031166,-76.703483,"Saturday, April 18, 2026 10:00 PM",Maximum Speed Limits - Freeways,Not Applicable,Not Applicable,1,Traffic Citation
40.2031428,-76.703863,"Thursday, January 1, 2026 9:02 AM",Maximum Speed Limits - Freeways,Not Applicable,Not Applicable,2,Traffic Citation
40.2031739,-77.365687,"Monday, August 25, 2025 11:14 AM",Maximum Speed Limits - Freeways,Not Applicable,Not Applicable,1,Traffic Citation
40.2032358,-77.364087,"Saturday, November 8, 2025 9:58 AM",Maximum Speed Limits - Freeways,Not Applicable,Not Applicable,1,Traffic Citation
40.2032553,-75.319863,"Friday, June 12, 2026 9:22 PM",Maximum Speed Limits - Freeways,Not Applicable,Not Applicable,2,Traffic Citation
40.2032657,-79.582001,"Friday, June 5, 2026 4:51 PM",Maximum Speed Limits - Freeways,Not Applicable,Not Applicable,1,Traffic Citation
40.2032898,-78.480895,"Sunday, October 26, 2025 3:29 PM",Maximum Speed Limits - Freeways,Not Applicable,Not Applicable,1,Traffic Citation
40.2033114,-77.361725,"Saturday, November 8, 2025 4:38 PM",Maximum Speed Limits - Freeways,Not Applicable,Not Applicable,1,Traffic Citation
40.2033154,-79.582064,"Sunday, August 31, 2025 7:25 PM",Maximum Speed Limits - Freeways,Not Applicable,Not Applicable,1,Traffic Citation
40.2033262,-79.985418,"Sunday, April 26, 2026 3:08 PM",Maximum Speed Limits - Freeways,Not Applicable,Not Applicable,1,Traffic Citation
40.2033488,-76.70368,"Monday, April 20, 2026 3:39 PM",Maximum Speed Limits - Freeways,Not Applicable,Not Applicable,1,Traffic Citation
40.2033837,-77.359449,"Wednesday, June 24, 2026 6:56 AM",Maximum Speed Limits - Freeways,Not Applicable,Not Applicable,1,Traffic Citation
40.2034061,-76.703724,"Monday, April 20, 2026 3:59 PM",Maximum Speed Limits - Freeways,Not Applicable,Not Applicable,1,Traffic Citation
40.2034359,-77.357977,"Friday, October 24, 2025 5:49 PM",Maximum Speed Limits - Freeways,Not Applicable,Not Applicable,1,Traffic Citation
40.203441,-77.357812,"Saturday, November 8, 2025 10:09 AM",Maximum Speed Limits - Freeways,Not Applicable,Not Applicable,1,Traffic Citation
40.2035007,-77.355883,"Wednesday, February 18, 2026 7:56 PM",Maximum Speed Limits - Freeways,Not Applicable,Not Applicable,1,Traffic Citation
40.2035133,-76.703809,"Monday, April 13, 2026 7:22 PM",Maximum Speed Limits - Freeways,Not Applicable,Not Applicable,4,Traffic Citation
40.2035479,-75.918092,"Wednesday, July 23, 2025 9:41 AM",Maximum Speed Limits - Freeways,Not Applicable,Not Applicable,1,Traffic Citation
40.2035522,-76.703838,"Wednesday, December 31, 2025 3:10 PM",Maximum Speed Limits - Freeways,Not Applicable,Not Applicable,2,Traffic Citation
40.2035793,-76.703859,"Thursday, February 12, 2026 9:51 AM",Maximum Speed Limits - Freeways,Not Applicable,Not Applicable,1,Traffic Citation
40.203594,-76.70387,"Wednesday, December 31, 2025 5:45 PM",Maximum Speed Limits - Freeways,Not Applicable,Not Applicable,1,Traffic Citation
40.2036676,-76.704276,"Thursday, April 30, 2026 1:24 PM",Maximum Speed Limits - Freeways,Not Applicable,Not Applicable,1,Traffic Citation
40.2037663,-77.35164,"Friday, July 25, 2025 8:30 PM",Maximum Speed Limits - Freeways,Not Applicable,Not Applicable,1,Traffic Citation
40.2037821,-77.347043,"Saturday, July 5, 2025 11:03 AM",Maximum Speed Limits - Freeways,Not Applicable,Not Applicable,2,Traffic Citation
40.2037923,-77.346722,"Thursday, May 7, 2026 1:28 PM",Maximum Speed Limits - Freeways,Not Applicable,Not Applicable,1,Traffic Citation
40.203796,-77.346606,"Sunday, May 3, 2026 5:06 PM",Maximum Speed Limits - Freeways,Not Applicable,Not Applicable,1,Traffic Citation
40.2038128,-77.350304,"Friday, November 21, 2025 7:41 PM",Maximum Speed Limits - Freeways,Not Applicable,Not Applicable,1,Traffic Citation
40.2038154,-77.350236,"Monday, October 20, 2025 4:28 PM",Maximum Speed Limits - Freeways,Not Applicable,Not Applicable,1,Traffic Citation
40.2038469,-76.848579,"Sunday, August 31, 2025 5:23 PM",Maximum Speed Limits - Freeways,Not Applicable,Not Applicable,1,Traffic Citation
40.2038693,-77.348486,"Friday, March 6, 2026 10:28 AM",Maximum Speed Limits - Freeways,Not Applicable,Not Applicable,1,Traffic Citation
40.2038709,-77.348431,"Monday, May 25, 2026 1:32 PM",Maximum Speed Limits - Freeways,Not Applicable,Not Applicable,1,Traffic Citation
40.2039335,-77.346519,"Tuesday, March 31, 2026 1:41 PM",Maximum Speed Limits - Freeways,Not Applicable,Not Applicable,1,Traffic Citation
40.2040027,-75.917895,"Wednesday, July 23, 2025 10:48 AM",Maximum Speed Limits - Freeways,Not Applicable,Not Applicable,1,Traffic Citation
40.2040485,-76.871585,"Wednesday, October 1, 2025 2:04 AM",Maximum Speed Limits - Freeways,Not Applicable,Not Applicable,1,Traffic Citation
40.2040722,-76.704556,"Thursday, April 30, 2026 12:34 PM",Maximum Speed Limits - Freeways,Not Applicable,Not Applicable,1,Traffic Citation
40.2041,-75.917852,"Wednesday, July 16, 2025 8:31 AM",Maximum Speed Limits - Freeways,Not Applicable,Not Applicable,1,Traffic Citation
40.204217,-77.333475,"Wednesday, June 10, 2026 8:11 PM",Maximum Speed Limits - Freeways,Not Applicable,Not Applicable,1,Traffic Citation
40.2042596,-75.917782,"Sunday, July 13, 2025 6:08 PM",Maximum Speed Limits - Freeways,Not Applicable,Not Applicable,1,Traffic Citation
40.2043463,-77.329608,"Sunday, April 12, 2026 5:28 PM",Maximum Speed Limits - Freeways,Not Applicable,Not Applicable,1,Traffic Citation
40.2043853,-77.328335,"Wednesday, October 8, 2025 10:40 AM",Maximum Speed Limits - Freeways,Not Applicable,Not Applicable,1,Traffic Citation
40.2043985,-77.327904,"Thursday, September 4, 2025 4:46 PM",Maximum Speed Limits - Freeways,Not Applicable,Not Applicable,1,Traffic Citation
40.204401,-77.327825,"Sunday, April 19, 2026 6:17 PM",Maximum Speed Limits - Freeways,Not Applicable,Not Applicable,1,Traffic Citation
40.2044525,-77.326164,"Sunday, May 24, 2026 10:57 AM",Maximum Speed Limits - Freeways,Not Applicable,Not Applicable,1,Traffic Citation
40.2044652,-77.325772,"Thursday, August 7, 2025 4:44 PM",Maximum Speed Limits - Freeways,Not Applicable,Not Applicable,1,Traffic Citation
40.2045215,-77.32404,"Friday, October 24, 2025 6:11 PM",Maximum Speed Limits - Freeways,Not Applicable,Not Applicable,1,Traffic Citation
40.2045511,-76.850157,"Monday, November 10, 2025 8:24 AM",Maximum Speed Limits - Freeways,Not Applicable,Not Applicable,1,Traffic Citation
40.2045699,-75.917939,"Monday, June 22, 2026 8:45 AM",Maximum Speed Limits - Freeways,Not Applicable,Not Applicable,1,Traffic Citation
40.2046322,-76.85089,"Tuesday, September 30, 2025 6:05 AM",Maximum Speed Limits - Freeways,Not Applicable,Not Applicable,2,Traffic Citation
40.2047192,-77.317961,"Friday, July 4, 2025 4:33 PM",Maximum Speed Limits - Freeways,Not Applicable,Not Applicable,1,Traffic Citation
40.204729,-77.321734,"Friday, April 3, 2026 6:58 PM",Maximum Speed Limits - Freeways,Not Applicable,Not Applicable,1,Traffic Citation
40.2047444,-77.317208,"Saturday, November 29, 2025 11:35 AM",Maximum Speed Limits - Freeways,Not Applicable,Not Applicable,2,Traffic Citation
40.2047649,-77.316499,"Thursday, October 2, 2025 11:29 AM",Maximum Speed Limits - Freeways,Not Applicable,Not Applicable,1,Traffic Citation
40.2047907,-77.315629,"Friday, June 26, 2026 7:44 PM",Maximum Speed Limits - Freeways,Not Applicable,Not Applicable,1,Traffic Citation
40.2048253,-77.314615,"Tuesday, May 5, 2026 1:23 PM",Maximum Speed Limits - Freeways,Not Applicable,Not Applicable,1,Traffic Citation
40.2048278,-77.314541,"Saturday, October 11, 2025 4:01 PM",Maximum Speed Limits - Freeways,Not Applicable,Not Applicable,1,Traffic Citation
40.2048417,-77.314141,"Tuesday, April 21, 2026 8:59 PM",Maximum Speed Limits - Freeways,Not Applicable,Not Applicable,1,Traffic Citation
40.2048439,-77.318253,"Saturday, August 23, 2025 11:13 AM",Maximum Speed Limits - Freeways,Not Applicable,Not Applicable,1,Traffic Citation
40.2048575,-75.9175,"Wednesday, July 23, 2025 10:21 AM",Maximum Speed Limits - Freeways,Not Applicable,Not Applicable,1,Traffic Citation
40.20488,-77.312909,"Wednesday, September 3, 2025 9:03 AM",Maximum Speed Limits - Freeways,Not Applicable,Not Applicable,1,Traffic Citation
40.2048987,-76.683033,"Tuesday, April 7, 2026 9:52 AM",Maximum Speed Limits - Freeways,Not Applicable,Not Applicable,1,Traffic Citation
40.2049191,-76.872958,"Saturday, May 30, 2026 12:27 AM",Maximum Speed Limits - Freeways,Not Applicable,Not Applicable,1,Traffic Citation
40.2049561,-77.314642,"Sunday, January 11, 2026 2:07 PM",Maximum Speed Limits - Freeways,Not Applicable,Not Applicable,1,Traffic Citation
40.2049578,-77.314566,"Friday, November 21, 2025 7:20 PM",Maximum Speed Limits - Freeways,Not Applicable,Not Applicable,2,Traffic Citation
40.2049588,-77.314517,"Friday, March 6, 2026 10:13 AM",Maximum Speed Limits - Freeways,Not Applicable,Not Applicable,1,Traffic Citation
40.2049935,-77.312471,"Wednesday, July 2, 2025 12:21 PM",Maximum Speed Limits - Freeways,Not Applicable,Not Applicable,1,Traffic Citation
40.2050197,-77.312651,"Friday, September 5, 2025 11:01 AM",Maximum Speed Limits - Freeways,Not Applicable,Not Applicable,1,Traffic Citation
40.2050197,-77.312471,"Thursday, April 23, 2026 11:18 AM",Maximum Speed Limits - Freeways,Not Applicable,Not Applicable,1,Traffic Citation
40.2050242,-77.312525,"Friday, April 24, 2026 1:18 PM",Maximum Speed Limits - Freeways,Not Applicable,Not Applicable,1,Traffic Citation
40.205089,-77.31065,"Friday, August 1, 2025 12:41 PM",Maximum Speed Limits - Freeways,Not Applicable,Not Applicable,1,Traffic Citation
40.2050983,-77.310377,"Wednesday, July 2, 2025 1:16 PM",Maximum Speed Limits - Freeways,Not Applicable,Not Applicable,2,Traffic Citation
40.2051187,-75.917375,"Wednesday, February 25, 2026 10:47 AM",Maximum Speed Limits - Freeways,Not Applicable,Not Applicable,1,Traffic Citation
40.2052203,-75.917326,"Tuesday, March 31, 2026 7:03 AM",Maximum Speed Limits - Freeways,Not Applicable,Not Applicable,1,Traffic Citation
40.2052257,-76.674521,"Sunday, September 21, 2025 5:03 PM",Maximum Speed Limits - Freeways,Not Applicable,Not Applicable,2,Traffic Citation
40.2053401,-77.29837,"Sunday, December 14, 2025 3:05 PM",Maximum Speed Limits - Freeways,Not Applicable,Not Applicable,1,Traffic Citation
40.2053555,-78.479432,"Friday, April 3, 2026 12:42 PM",Maximum Speed Limits - Freeways,Not Applicable,Not Applicable,1,Traffic Citation
40.205424,-75.917229,"Friday, May 22, 2026 11:06 AM",Maximum Speed Limits - Freeways,Not Applicable,Not Applicable,2,Traffic Citation
40.205454,-77.299298,"Thursday, October 2, 2025 10:35 AM",Maximum Speed Limits - Freeways,Not Applicable,Not Applicable,1,Traffic Citation
40.2054823,-79.584589,"Saturday, November 29, 2025 8:56 PM",Maximum Speed Limits - Freeways,Not Applicable,Not Applicable,1,Traffic Citation
40.2055948,-75.917147,"Wednesday, July 23, 2025 8:45 AM",Maximum Speed Limits - Freeways,Not Applicable,Not Applicable,1,Traffic Citation
40.2056168,-77.289837,"Monday, November 3, 2025 4:41 PM",Maximum Speed Limits - Freeways,Not Applicable,Not Applicable,1,Traffic Citation
40.2056536,-79.584837,"Sunday, November 30, 2025 6:39 PM",Maximum Speed Limits - Freeways,Not Applicable,Not Applicable,1,Traffic Citation
40.2058107,-77.288082,"Wednesday, July 9, 2025 6:33 PM",Maximum Speed Limits - Freeways,Not Applicable,Not Applicable,1,Traffic Citation
40.205834,-76.705389,"Wednesday, February 25, 2026 6:51 AM",Maximum Speed Limits - Freeways,Not Applicable,Not Applicable,1,Traffic Citation
40.2058765,-77.285892,"Friday, July 4, 2025 2:38 PM",Maximum Speed Limits - Freeways,Not Applicable,Not Applicable,1,Traffic Citation
40.2059208,-76.705113,"Sunday, March 15, 2026 10:41 AM",Maximum Speed Limits - Freeways,Not Applicable,Not Applicable,1,Traffic Citation
40.2059405,-79.585161,"Saturday, January 3, 2026 1:13 PM",Maximum Speed Limits - Freeways,Not Applicable,Not Applicable,1,Traffic Citation
40.20602,-76.855559,"Sunday, April 12, 2026 7:19 PM",Maximum Speed Limits - Freeways,Not Applicable,Not Applicable,1,Traffic Citation
40.2060276,-77.281072,"Monday, November 10, 2025 8:23 AM",Maximum Speed Limits - Freeways,Not Applicable,Not Applicable,1,Traffic Citation
40.2060317,-77.276814,"Friday, March 27, 2026 6:54 PM",Maximum Speed Limits - Freeways,Not Applicable,Not Applicable,1,Traffic Citation
40.2060467,-76.705166,"Wednesday, February 25, 2026 7:14 AM",Maximum Speed Limits - Freeways,Not Applicable,Not Applicable,1,Traffic Citation
40.2060487,-77.280391,"Thursday, November 6, 2025 6:48 PM",Maximum Speed Limits - Freeways,Not Applicable,Not Applicable,1,Traffic Citation
40.2060988,-79.585338,"Saturday, January 3, 2026 11:54 AM",Maximum Speed Limits - Freeways,Not Applicable,Not Applicable,1,Traffic Citation
40.2061057,-77.274492,"Wednesday, July 2, 2025 11:50 AM",Maximum Speed Limits - Freeways,Not Applicable,Not Applicable,1,Traffic Citation
40.2061058,-75.916903,"Wednesday, July 30, 2025 4:15 PM",Maximum Speed Limits - Freeways,Not Applicable,Not Applicable,1,Traffic Citation
40.2062157,-77.053224,"Sunday, November 16, 2025 6:35 PM",Maximum Speed Limits - Freeways,Not Applicable,Not Applicable,1,Traffic Citation
40.206221,-77.270603,"Tuesday, September 23, 2025 6:16 AM",Maximum Speed Limits - Freeways,Not Applicable,Not Applicable,1,Traffic Citation
40.2062257,-77.272905,"Monday, May 25, 2026 6:33 PM",Maximum Speed Limits - Freeways,Not Applicable,Not Applicable,1,Traffic Citation
40.2062268,-77.272905,"Wednesday, September 3, 2025 11:51 AM",Maximum Speed Limits - Freeways,Not Applicable,Not Applicable,1,Traffic Citation
40.2062311,-77.272904,"Wednesday, November 5, 2025 9:49 AM",Maximum Speed Limits - Freeways,Not Applicable,Not Applicable,1,Traffic Citation
40.2062355,-77.274698,"Sunday, January 11, 2026 1:51 PM",Maximum Speed Limits - Freeways,Not Applicable,Not Applicable,1,Traffic Citation
40.2062487,-77.272901,"Thursday, November 6, 2025 11:18 AM",Maximum Speed Limits - Freeways,Not Applicable,Not Applicable,1,Traffic Citation
40.2062576,-77.274003,"Monday, May 25, 2026 12:25 PM",Maximum Speed Limits - Freeways,Not Applicable,Not Applicable,1,Traffic Citation
40.2062608,-77.272898,"Sunday, May 24, 2026 6:05 PM",Maximum Speed Limits - Freeways,Not Applicable,Not Applicable,1,Traffic Citation
40.2062659,-77.273745,"Monday, October 20, 2025 3:07 PM",Maximum Speed Limits - Freeways,Not Applicable,Not Applicable,1,Traffic Citation
40.206273,-77.273519,"Wednesday, November 12, 2025 4:38 PM",Maximum Speed Limits - Freeways,Not Applicable,Not Applicable,1,Traffic Citation
40.2062784,-77.272894,"Thursday, April 2, 2026 11:10 AM",Maximum Speed Limits - Freeways,Not Applicable,Not Applicable,1,Traffic Citation
40.2062878,-77.273026,"Tuesday, July 22, 2025 7:18 PM",Maximum Speed Limits - Freeways,Not Applicable,Not Applicable,1,Traffic Citation
40.2062882,-77.272892,"Saturday, May 2, 2026 12:59 PM",Maximum Speed Limits - Freeways,Not Applicable,Not Applicable,1,Traffic Citation
40.2062903,-77.272945,"Tuesday, October 7, 2025 11:24 AM",Maximum Speed Limits - Freeways,Not Applicable,Not Applicable,1,Traffic Citation
40.2062908,-77.268471,"Tuesday, November 4, 2025 7:34 AM",Maximum Speed Limits - Freeways,Not Applicable,Not Applicable,1,Traffic Citation
40.2062925,-77.27287,"Monday, September 22, 2025 6:07 PM",Maximum Speed Limits - Freeways,Not Applicable,Not Applicable,1,Traffic Citation
40.2062929,-77.27286,"Friday, February 27, 2026 10:47 AM",Maximum Speed Limits - Freeways,Not Applicable,Not Applicable,2,Traffic Citation
40.2062932,-77.272849,"Thursday, April 23, 2026 11:00 AM",Maximum Speed Limits - Freeways,Not Applicable,Not Applicable,1,Traffic Citation
40.2062933,-77.272848,"Thursday, August 14, 2025 7:35 PM",Maximum Speed Limits - Freeways,Not Applicable,Not Applicable,1,Traffic Citation
40.2062936,-77.272838,"Wednesday, July 30, 2025 11:48 AM",Maximum Speed Limits - Freeways,Not Applicable,Not Applicable,1,Traffic Citation
40.2062972,-77.272892,"Thursday, November 6, 2025 6:35 PM",Maximum Speed Limits - Freeways,Not Applicable,Not Applicable,1,Traffic Citation
40.2063055,-77.272892,"Friday, October 17, 2025 1:55 PM",Maximum Speed Limits - Freeways,Not Applicable,Not Applicable,1,Traffic Citation
40.2063066,-77.272892,"Sunday, May 3, 2026 11:47 AM",Maximum Speed Limits - Freeways,Not Applicable,Not Applicable,1,Traffic Citation
40.2063096,-77.272892,"Friday, June 5, 2026 2:08 PM",Maximum Speed Limits - Freeways,Not Applicable,Not Applicable,1,Traffic Citation
40.2063177,-77.272892,"Monday, September 1, 2025 6:42 PM",Maximum Speed Limits - Freeways,Not Applicable,Not Applicable,1,Traffic Citation
40.2063267,-77.272892,"Wednesday, June 17, 2026 1:35 PM",Maximum Speed Limits - Freeways,Not Applicable,Not Applicable,1,Traffic Citation
40.2063304,-77.273574,"Saturday, August 16, 2025 5:40 PM",Maximum Speed Limits - Freeways,Not Applicable,Not Applicable,1,Traffic Citation
40.2063311,-77.272892,"Friday, September 5, 2025 10:01 AM",Maximum Speed Limits - Freeways,Not Applicable,Not Applicable,1,Traffic Citation
40.2063355,-77.272892,"Friday, February 20, 2026 1:48 PM",Maximum Speed Limits - Freeways,Not Applicable,Not Applicable,1,Traffic Citation
40.2063376,-78.47875,"Saturday, January 10, 2026 9:59 AM",Maximum Speed Limits - Freeways,Not Applicable,Not Applicable,1,Traffic Citation
40.2063536,-77.27289,"Thursday, February 26, 2026 2:11 PM",Maximum Speed Limits - Freeways,Not Applicable,Not Applicable,1,Traffic Citation
40.2063552,-77.27289,"Friday, March 20, 2026 11:03 AM",Maximum Speed Limits - Freeways,Not Applicable,Not Applicable,2,Traffic Citation
40.206366,-77.272889,"Friday, October 17, 2025 12:14 PM",Maximum Speed Limits - Freeways,Not Applicable,Not Applicable,1,Traffic Citation
40.2063674,-77.272889,"Friday, February 6, 2026 11:20 AM",Maximum Speed Limits - Freeways,Not Applicable,Not Applicable,1,Traffic Citation
40.2063689,-77.272888,"Tuesday, March 24, 2026 11:13 AM",Maximum Speed Limits - Freeways,Not Applicable,Not Applicable,1,Traffic Citation
40.2063696,-77.270444,"Friday, April 17, 2026 8:21 PM",Maximum Speed Limits - Freeways,Not Applicable,Not Applicable,1,Traffic Citation
40.2063742,-77.272888,"Sunday, March 22, 2026 5:11 PM",Maximum Speed Limits - Freeways,Not Applicable,Not Applicable,1,Traffic Citation
40.2063851,-77.272886,"Friday, September 5, 2025 1:07 PM",Maximum Speed Limits - Freeways,Not Applicable,Not Applicable,1,Traffic Citation
40.2063859,-77.272886,"Tuesday, May 5, 2026 1:59 PM",Maximum Speed Limits - Freeways,Not Applicable,Not Applicable,1,Traffic Citation
40.2063999,-77.272884,"Friday, January 9, 2026 11:13 AM",Maximum Speed Limits - Freeways,Not Applicable,Not Applicable,1,Traffic Citation
40.2064044,-77.272884,"Monday, March 9, 2026 6:09 PM",Maximum Speed Limits - Freeways,Not Applicable,Not Applicable,1,Traffic Citation
40.206414,-77.272883,"Friday, May 1, 2026 2:05 PM",Maximum Speed Limits - Freeways,Not Applicable,Not Applicable,1,Traffic Citation
40.2065381,-77.265328,"Thursday, August 14, 2025 11:30 AM",Maximum Speed Limits - Freeways,Not Applicable,Not Applicable,1,Traffic Citation
40.2066623,-77.261565,"Friday, April 10, 2026 8:04 AM",Maximum Speed Limits - Freeways,Not Applicable,Not Applicable,3,Traffic Citation
40.2067307,-78.478481,"Friday, April 3, 2026 7:41 PM",Maximum Speed Limits - Freeways,Not Applicable,Not Applicable,1,Traffic Citation
40.2067363,-79.984915,"Sunday, July 20, 2025 4:27 PM",Maximum Speed Limits - Freeways,Not Applicable,Not Applicable,1,Traffic Citation
40.206739,-77.257794,"Saturday, July 5, 2025 12:54 PM",Maximum Speed Limits - Freeways,Not Applicable,Not Applicable,1,Traffic Citation
40.2067502,-76.705465,"Monday, May 25, 2026 4:29 PM",Maximum Speed Limits - Freeways,Not Applicable,Not Applicable,1,Traffic Citation
40.2068141,-79.58611,"Saturday, January 3, 2026 11:09 AM",Maximum Speed Limits - Freeways,Not Applicable,Not Applicable,1,Traffic Citation
40.2068465,-76.705506,"Monday, May 25, 2026 3:57 PM",Maximum Speed Limits - Freeways,Not Applicable,Not Applicable,1,Traffic Citation
40.2069053,-79.586202,"Saturday, January 3, 2026 11:40 AM",Maximum Speed Limits - Freeways,Not Applicable,Not Applicable,1,Traffic Citation
40.2069393,-76.705545,"Sunday, December 28, 2025 7:20 AM",Maximum Speed Limits - Freeways,Not Applicable,Not Applicable,1,Traffic Citation
40.2069411,-76.705546,"Monday, December 15, 2025 12:24 PM",Maximum Speed Limits - Freeways,Not Applicable,Not Applicable,1,Traffic Citation
40.20695,-79.586246,"Saturday, November 29, 2025 8:41 PM",Maximum Speed Limits - Freeways,Not Applicable,Not Applicable,1,Traffic Citation
40.2069767,-76.859057,"Sunday, May 24, 2026 3:49 PM",Maximum Speed Limits - Freeways,Not Applicable,Not Applicable,1,Traffic Citation
40.2069867,-76.859093,"Friday, June 12, 2026 6:00 PM",Maximum Speed Limits - Freeways,Not Applicable,Not Applicable,1,Traffic Citation
40.2069905,-76.859107,"Sunday, May 24, 2026 12:33 PM",Maximum Speed Limits - Freeways,Not Applicable,Not Applicable,1,Traffic Citation
40.2070376,-76.705906,"Friday, December 19, 2025 6:28 PM",Maximum Speed Limits - Freeways,Not Applicable,Not Applicable,1,Traffic Citation
40.2070835,-77.251445,"Friday, April 3, 2026 6:22 PM",Maximum Speed Limits - Freeways,Not Applicable,Not Applicable,1,Traffic Citation
40.2071206,-75.916419,"Wednesday, July 16, 2025 10:12 AM",Maximum Speed Limits - Freeways,Not Applicable,Not Applicable,1,Traffic Citation
40.207151,-75.321832,"Saturday, December 20, 2025 1:15 PM",Maximum Speed Limits - Freeways,Not Applicable,Not Applicable,2,Traffic Citation
40.2072171,-75.916373,"Monday, October 27, 2025 7:47 AM",Maximum Speed Limits - Freeways,Not Applicable,Not Applicable,1,Traffic Citation
40.2072685,-76.875998,"Friday, May 29, 2026 11:56 PM",Maximum Speed Limits - Freeways,Not Applicable,Not Applicable,1,Traffic Citation
40.2072712,-76.59705,"Saturday, July 5, 2025 7:22 PM",Maximum Speed Limits - Freeways,Not Applicable,Not Applicable,1,Traffic Citation
40.2073533,-76.697734,"Thursday, September 25, 2025 1:02 PM",Maximum Speed Limits - Freeways,Not Applicable,Not Applicable,1,Traffic Citation
40.2073581,-76.598424,"Wednesday, July 9, 2025 10:25 AM",Maximum Speed Limits - Freeways,Not Applicable,Not Applicable,2,Traffic Citation
40.2073679,-76.590879,"Monday, March 9, 2026 8:25 AM",Maximum Speed Limits - Freeways,Not Applicable,Not Applicable,1,Traffic Citation
40.2073939,-76.86097,"Friday, July 25, 2025 2:00 PM",Maximum Speed Limits - Freeways,Not Applicable,Not Applicable,1,Traffic Citation
40.2074031,-75.916284,"Tuesday, April 21, 2026 8:52 AM",Maximum Speed Limits - Freeways,Not Applicable,Not Applicable,1,Traffic Citation
40.2074248,-75.916274,"Wednesday, April 29, 2026 8:06 AM",Maximum Speed Limits - Freeways,Not Applicable,Not Applicable,1,Traffic Citation
40.2074501,-77.245997,"Monday, March 23, 2026 1:36 PM",Maximum Speed Limits - Freeways,Not Applicable,Not Applicable,1,Traffic Citation
40.2075274,-76.705797,"Sunday, September 21, 2025 8:34 PM",Maximum Speed Limits - Freeways,Not Applicable,Not Applicable,1,Traffic Citation
40.2075324,-76.603603,"Saturday, March 14, 2026 4:59 PM",Maximum Speed Limits - Freeways,Not Applicable,Not Applicable,1,Traffic Citation
40.2075724,-77.244778,"Thursday, August 7, 2025 5:15 PM",Maximum Speed Limits - Freeways,Not Applicable,Not Applicable,1,Traffic Citation
40.2075885,-76.574712,"Tuesday, January 6, 2026 7:55 AM",Maximum Speed Limits - Freeways,Not Applicable,Not Applicable,1,Traffic Citation
40.2075914,-76.574242,"Wednesday, February 11, 2026 6:41 AM",Maximum Speed Limits - Freeways,Not Applicable,Not Applicable,1,Traffic Citation
40.2075947,-76.801933,"Friday, September 26, 2025 10:10 PM",Maximum Speed Limits - Freeways,Not Applicable,Not Applicable,1,Traffic Citation
40.2076188,-75.916495,"Thursday, September 11, 2025 11:59 AM",Maximum Speed Limits - Freeways,Not Applicable,Not Applicable,1,Traffic Citation
40.2076194,-76.579719,"Wednesday, June 24, 2026 7:19 PM",Maximum Speed Limits - Freeways,Not Applicable,Not Applicable,1,Traffic Citation
40.2076214,-76.698689,"Saturday, March 21, 2026 10:08 AM",Maximum Speed Limits - Freeways,Not Applicable,Not Applicable,1,Traffic Citation
40.2076682,-75.916158,"Sunday, July 13, 2025 3:18 PM",Maximum Speed Limits - Freeways,Not Applicable,Not Applicable,1,Traffic Citation
40.2076726,-76.698878,"Thursday, November 13, 2025 5:15 AM",Maximum Speed Limits - Freeways,Not Applicable,Not Applicable,1,Traffic Citation
40.2077051,-76.698998,"Thursday, September 11, 2025 12:42 PM",Maximum Speed Limits - Freeways,Not Applicable,Not Applicable,1,Traffic Citation
40.2077125,-76.573135,"Friday, August 1, 2025 6:44 AM",Maximum Speed Limits - Freeways,Not Applicable,Not Applicable,1,Traffic Citation
40.2077519,-76.699171,"Wednesday, July 9, 2025 11:00 AM",Maximum Speed Limits - Freeways,Not Applicable,Not Applicable,1,Traffic Citation
40.2079139,-76.699761,"Wednesday, July 30, 2025 10:42 AM",Maximum Speed Limits - Freeways,Not Applicable,Not Applicable,1,Traffic Citation
40.2079487,-76.700261,"Saturday, August 23, 2025 3:28 PM",Maximum Speed Limits - Freeways,Not Applicable,Not Applicable,1,Traffic Citation
40.2079823,-76.700012,"Sunday, May 24, 2026 12:42 PM",Maximum Speed Limits - Freeways,Not Applicable,Not Applicable,1,Traffic Citation
40.2079824,-76.700012,"Monday, February 16, 2026 9:18 AM",Maximum Speed Limits - Freeways,Not Applicable,Not Applicable,1,Traffic Citation
40.2079825,-76.700379,"Wednesday, April 8, 2026 7:31 AM",Maximum Speed Limits - Freeways,Not Applicable,Not Applicable,1,Traffic Citation
40.2079838,-76.700017,"Sunday, May 24, 2026 1:54 PM",Maximum Speed Limits - Freeways,Not Applicable,Not Applicable,1,Traffic Citation
40.2079866,-76.700027,"Thursday, October 2, 2025 6:31 PM",Maximum Speed Limits - Freeways,Not Applicable,Not Applicable,1,Traffic Citation
40.2079928,-76.70005,"Monday, July 14, 2025 8:37 PM",Maximum Speed Limits - Freeways,Not Applicable,Not Applicable,1,Traffic Citation
40.2080036,-76.70009,"Sunday, May 24, 2026 10:23 AM",Maximum Speed Limits - Freeways,Not Applicable,Not Applicable,2,Traffic Citation
40.2080036,-75.915998,"Tuesday, July 15, 2025 2:54 PM",Maximum Speed Limits - Freeways,Not Applicable,Not Applicable,1,Traffic Citation
40.2080052,-76.700095,"Monday, May 25, 2026 11:16 AM",Maximum Speed Limits - Freeways,Not Applicable,Not Applicable,3,Traffic Citation
40.2080089,-76.700108,"Monday, February 16, 2026 10:46 AM",Maximum Speed Limits - Freeways,Not Applicable,Not Applicable,1,Traffic Citation
40.2080326,-76.700191,"Saturday, August 30, 2025 2:19 PM",Maximum Speed Limits - Freeways,Not Applicable,Not Applicable,1,Traffic Citation
40.2080346,-76.862506,"Sunday, May 24, 2026 4:18 PM",Maximum Speed Limits - Freeways,Not Applicable,Not Applicable,1,Traffic Citation
40.2080448,-76.700234,"Monday, March 16, 2026 8:23 AM",Maximum Speed Limits - Freeways,Not Applicable,Not Applicable,4,Traffic Citation
40.2080454,-76.700236,"Tuesday, November 25, 2025 6:43 AM",Maximum Speed Limits - Freeways,Not Applicable,Not Applicable,1,Traffic Citation
40.2080479,-76.700244,"Monday, April 13, 2026 6:55 AM",Maximum Speed Limits - Freeways,Not Applicable,Not Applicable,1,Traffic Citation
40.2080535,-76.700264,"Saturday, May 2, 2026 4:49 PM",Maximum Speed Limits - Freeways,Not Applicable,Not Applicable,1,Traffic Citation
40.2080542,-76.700267,"Wednesday, April 8, 2026 8:20 AM",Maximum Speed Limits - Freeways,Not Applicable,Not Applicable,1,Traffic Citation
40.2080559,-76.862561,"Tuesday, March 31, 2026 6:03 PM",Maximum Speed Limits - Freeways,Not Applicable,Not Applicable,1,Traffic Citation
40.2080645,-76.700302,"Monday, December 8, 2025 6:50 AM",Maximum Speed Limits - Freeways,Not Applicable,Not Applicable,1,Traffic Citation
40.2080653,-76.700305,"Saturday, May 2, 2026 4:28 PM",Maximum Speed Limits - Freeways,Not Applicable,Not Applicable,1,Traffic Citation
40.2080663,-76.700308,"Monday, March 16, 2026 7:12 AM",Maximum Speed Limits - Freeways,Not Applicable,Not Applicable,1,Traffic Citation
40.2080711,-76.700325,"Monday, April 13, 2026 11:43 AM",Maximum Speed Limits - Freeways,Not Applicable,Not Applicable,1,Traffic Citation
40.208076,-76.700342,"Tuesday, November 25, 2025 7:35 AM",Maximum Speed Limits - Freeways,Not Applicable,Not Applicable,1,Traffic Citation
40.208079,-76.700353,"Wednesday, May 20, 2026 8:46 AM",Maximum Speed Limits - Freeways,Not Applicable,Not Applicable,1,Traffic Citation
40.2080817,-76.700362,"Wednesday, April 8, 2026 7:15 AM",Maximum Speed Limits - Freeways,Not Applicable,Not Applicable,1,Traffic Citation
40.2080829,-76.700366,"Wednesday, February 11, 2026 8:25 AM",Maximum Speed Limits - Freeways,Not Applicable,Not Applicable,1,Traffic Citation
40.2080845,-76.700372,"Friday, August 22, 2025 5:45 PM",Maximum Speed Limits - Freeways,Not Applicable,Not Applicable,1,Traffic Citation
40.2080891,-76.700388,"Wednesday, February 11, 2026 8:47 AM",Maximum Speed Limits - Freeways,Not Applicable,Not Applicable,1,Traffic Citation
40.20809,-76.700391,"Wednesday, February 11, 2026 7:35 AM",Maximum Speed Limits - Freeways,Not Applicable,Not Applicable,1,Traffic Citation
40.2080908,-76.700394,"Saturday, May 2, 2026 3:58 PM",Maximum Speed Limits - Freeways,Not Applicable,Not Applicable,2,Traffic Citation
40.2080924,-76.700399,"Wednesday, May 20, 2026 7:08 AM",Maximum Speed Limits - Freeways,Not Applicable,Not Applicable,1,Traffic Citation
40.2080928,-76.700401,"Tuesday, July 29, 2025 10:52 AM",Maximum Speed Limits - Freeways,Not Applicable,Not Applicable,1,Traffic Citation
40.2080935,-76.700403,"Wednesday, May 20, 2026 6:51 AM",Maximum Speed Limits - Freeways,Not Applicable,Not Applicable,1,Traffic Citation
40.2080954,-76.70041,"Monday, December 8, 2025 6:29 AM",Maximum Speed Limits - Freeways,Not Applicable,Not Applicable,1,Traffic Citation
40.208097,-76.700415,"Tuesday, November 25, 2025 7:57 AM",Maximum Speed Limits - Freeways,Not Applicable,Not Applicable,1,Traffic Citation
40.2081012,-76.70043,"Thursday, October 2, 2025 5:44 PM",Maximum Speed Limits - Freeways,Not Applicable,Not Applicable,2,Traffic Citation
40.2081043,-76.700441,"Monday, March 16, 2026 8:08 AM",Maximum Speed Limits - Freeways,Not Applicable,Not Applicable,1,Traffic Citation
40.2081068,-76.700449,"Monday, March 16, 2026 7:30 AM",Maximum Speed Limits - Freeways,Not Applicable,Not Applicable,1,Traffic Citation
40.2081103,-76.700462,"Friday, September 12, 2025 4:04 PM",Maximum Speed Limits - Freeways,Not Applicable,Not Applicable,1,Traffic Citation
40.2081113,-76.700465,"Wednesday, February 11, 2026 6:58 AM",Maximum Speed Limits - Freeways,Not Applicable,Not Applicable,1,Traffic Citation
40.2081118,-76.700467,"Tuesday, March 31, 2026 10:00 AM",Maximum Speed Limits - Freeways,Not Applicable,Not Applicable,2,Traffic Citation
40.2081122,-76.700468,"Wednesday, April 8, 2026 6:59 AM",Maximum Speed Limits - Freeways,Not Applicable,Not Applicable,1,Traffic Citation
40.2081124,-76.700469,"Tuesday, May 12, 2026 2:27 PM",Maximum Speed Limits - Freeways,Not Applicable,Not Applicable,1,Traffic Citation
40.2081134,-76.700472,"Saturday, May 2, 2026 2:10 PM",Maximum Speed Limits - Freeways,Not Applicable,Not Applicable,1,Traffic Citation
40.2081158,-76.700481,"Wednesday, May 20, 2026 7:42 AM",Maximum Speed Limits - Freeways,Not Applicable,Not Applicable,1,Traffic Citation
40.2081162,-76.700482,"Friday, October 3, 2025 4:20 PM",Maximum Speed Limits - Freeways,Not Applicable,Not Applicable,1,Traffic Citation
40.2081171,-76.700485,"Tuesday, November 25, 2025 7:03 AM",Maximum Speed Limits - Freeways,Not Applicable,Not Applicable,1,Traffic Citation
40.2081193,-76.700493,"Wednesday, May 20, 2026 8:16 AM",Maximum Speed Limits - Freeways,Not Applicable,Not Applicable,1,Traffic Citation
40.2081235,-76.700508,"Monday, April 13, 2026 7:23 AM",Maximum Speed Limits - Freeways,Not Applicable,Not Applicable,1,Traffic Citation
40.2081318,-76.700536,"Wednesday, April 8, 2026 7:58 AM",Maximum Speed Limits - Freeways,Not Applicable,Not Applicable,1,Traffic Citation
40.2081342,-76.700545,"Tuesday, March 31, 2026 9:41 AM",Maximum Speed Limits - Freeways,Not Applicable,Not Applicable,1,Traffic Citation
40.2081406,-76.700567,"Friday, September 12, 2025 5:08 PM",Maximum Speed Limits - Freeways,Not Applicable,Not Applicable,1,Traffic Citation
40.2081499,-76.700599,"Monday, March 16, 2026 6:29 AM",Maximum Speed Limits - Freeways,Not Applicable,Not Applicable,1,Traffic Citation
40.2081555,-76.700619,"Saturday, May 2, 2026 2:28 PM",Maximum Speed Limits - Freeways,Not Applicable,Not Applicable,1,Traffic Citation
40.208173,-76.70068,"Saturday, May 2, 2026 2:47 PM",Maximum Speed Limits - Freeways,Not Applicable,Not Applicable,1,Traffic Citation
40.208174,-76.700683,"Monday, March 16, 2026 6:51 AM",Maximum Speed Limits - Freeways,Not Applicable,Not Applicable,1,Traffic Citation
40.2081751,-76.700687,"Wednesday, April 8, 2026 7:40 AM",Maximum Speed Limits - Freeways,Not Applicable,Not Applicable,1,Traffic Citation
40.2081775,-76.700695,"Tuesday, November 25, 2025 7:18 AM",Maximum Speed Limits - Freeways,Not Applicable,Not Applicable,1,Traffic Citation
40.2081791,-76.700701,"Monday, March 16, 2026 7:49 AM",Maximum Speed Limits - Freeways,Not Applicable,Not Applicable,1,Traffic Citation
40.2081812,-76.700708,"Wednesday, May 20, 2026 7:24 AM",Maximum Speed Limits - Freeways,Not Applicable,Not Applicable,1,Traffic Citation
40.2083717,-76.655099,"Wednesday, September 3, 2025 1:19 PM",Maximum Speed Limits - Freeways,Not Applicable,Not Applicable,1,Traffic Citation
40.2085068,-76.706218,"Monday, December 8, 2025 10:33 AM",Maximum Speed Limits - Freeways,Not Applicable,Not Applicable,1,Traffic Citation
40.2085454,-76.701995,"Monday, April 20, 2026 6:39 AM",Maximum Speed Limits - Freeways,Not Applicable,Not Applicable,1,Traffic Citation
40.2085479,-76.702004,"Friday, October 24, 2025 4:17 PM",Maximum Speed Limits - Freeways,Not Applicable,Not Applicable,1,Traffic Citation
40.2085566,-76.702037,"Wednesday, January 7, 2026 7:11 AM",Maximum Speed Limits - Freeways,Not Applicable,Not Applicable,1,Traffic Citation
40.2085608,-78.477267,"Wednesday, May 6, 2026 8:40 PM",Maximum Speed Limits - Freeways,Not Applicable,Not Applicable,1,Traffic Citation
40.2085622,-76.702057,"Wednesday, December 3, 2025 8:01 AM",Maximum Speed Limits - Freeways,Not Applicable,Not Applicable,1,Traffic Citation
40.2085643,-76.702065,"Monday, May 11, 2026 2:00 PM",Maximum Speed Limits - Freeways,Not Applicable,Not Applicable,1,Traffic Citation
40.2085663,-76.702073,"Friday, May 22, 2026 7:59 AM",Maximum Speed Limits - Freeways,Not Applicable,Not Applicable,1,Traffic Citation
40.2085677,-76.702077,"Monday, April 20, 2026 8:05 AM",Maximum Speed Limits - Freeways,Not Applicable,Not Applicable,1,Traffic Citation
40.208569,-76.702082,"Monday, May 11, 2026 2:52 PM",Maximum Speed Limits - Freeways,Not Applicable,Not Applicable,1,Traffic Citation
40.2085774,-76.702114,"Wednesday, January 7, 2026 6:31 AM",Maximum Speed Limits - Freeways,Not Applicable,Not Applicable,1,Traffic Citation
40.2085785,-76.702118,"Friday, November 14, 2025 9:01 AM",Maximum Speed Limits - Freeways,Not Applicable,Not Applicable,1,Traffic Citation
40.2085826,-76.702133,"Tuesday, June 2, 2026 5:51 AM",Maximum Speed Limits - Freeways,Not Applicable,Not Applicable,1,Traffic Citation
40.2085827,-76.702133,"Wednesday, December 3, 2025 7:24 AM",Maximum Speed Limits - Freeways,Not Applicable,Not Applicable,1,Traffic Citation
40.2085835,-76.702136,"Monday, March 2, 2026 10:31 AM",Maximum Speed Limits - Freeways,Not Applicable,Not Applicable,2,Traffic Citation
40.2085866,-76.702148,"Wednesday, January 7, 2026 8:03 AM",Maximum Speed Limits - Freeways,Not Applicable,Not Applicable,1,Traffic Citation
40.2085905,-76.702162,"Wednesday, January 7, 2026 6:54 AM",Maximum Speed Limits - Freeways,Not Applicable,Not Applicable,1,Traffic Citation
40.2085948,-76.702178,"Wednesday, June 10, 2026 6:21 AM",Maximum Speed Limits - Freeways,Not Applicable,Not Applicable,1,Traffic Citation
40.2085955,-76.702181,"Wednesday, June 24, 2026 8:17 AM",Maximum Speed Limits - Freeways,Not Applicable,Not Applicable,1,Traffic Citation
40.2085969,-76.702186,"Friday, May 1, 2026 10:42 AM",Maximum Speed Limits - Freeways,Not Applicable,Not Applicable,1,Traffic Citation
40.2086029,-75.916026,"Monday, May 25, 2026 6:31 PM",Maximum Speed Limits - Freeways,Not Applicable,Not Applicable,2,Traffic Citation
40.2086043,-76.702214,"Monday, April 20, 2026 7:27 AM",Maximum Speed Limits - Freeways,Not Applicable,Not Applicable,1,Traffic Citation
40.2086046,-76.702214,"Monday, March 23, 2026 10:19 AM",Maximum Speed Limits - Freeways,Not Applicable,Not Applicable,1,Traffic Citation
40.2086057,-76.702218,"Monday, April 20, 2026 8:31 AM",Maximum Speed Limits - Freeways,Not Applicable,Not Applicable,1,Traffic Citation
40.2086062,-76.70222,"Wednesday, December 3, 2025 7:06 AM",Maximum Speed Limits - Freeways,Not Applicable,Not Applicable,1,Traffic Citation
40.2086064,-76.702221,"Friday, May 22, 2026 6:32 AM",Maximum Speed Limits - Freeways,Not Applicable,Not Applicable,1,Traffic Citation
40.2086121,-76.702242,"Friday, May 22, 2026 7:41 AM",Maximum Speed Limits - Freeways,Not Applicable,Not Applicable,1,Traffic Citation
40.2086145,-75.538645,"Friday, August 29, 2025 8:20 AM",Maximum Speed Limits - Freeways,Not Applicable,Not Applicable,1,Traffic Citation
40.2086215,-76.702277,"Tuesday, June 2, 2026 6:40 AM",Maximum Speed Limits - Freeways,Not Applicable,Not Applicable,1,Traffic Citation
40.2086347,-76.702326,"Wednesday, December 3, 2025 7:42 AM",Maximum Speed Limits - Freeways,Not Applicable,Not Applicable,1,Traffic Citation
40.2086383,-76.702339,"Wednesday, December 3, 2025 6:47 AM",Maximum Speed Limits - Freeways,Not Applicable,Not Applicable,1,Traffic Citation
40.2086393,-76.702343,"Tuesday, June 2, 2026 6:57 AM",Maximum Speed Limits - Freeways,Not Applicable,Not Applicable,1,Traffic Citation
40.2086408,-76.702349,"Wednesday, January 7, 2026 8:21 AM",Maximum Speed Limits - Freeways,Not Applicable,Not Applicable,1,Traffic Citation
40.2086428,-76.702356,"Friday, May 1, 2026 11:10 AM",Maximum Speed Limits - Freeways,Not Applicable,Not Applicable,1,Traffic Citation
40.2086475,-76.702373,"Monday, April 20, 2026 6:21 AM",Maximum Speed Limits - Freeways,Not Applicable,Not Applicable,1,Traffic Citation
40.2086541,-76.702398,"Wednesday, January 7, 2026 7:35 AM",Maximum Speed Limits - Freeways,Not Applicable,Not Applicable,1,Traffic Citation
40.2086607,-76.863994,"Friday, November 28, 2025 6:33 PM",Maximum Speed Limits - Freeways,Not Applicable,Not Applicable,1,Traffic Citation
40.2086608,-76.702423,"Wednesday, June 10, 2026 6:55 AM",Maximum Speed Limits - Freeways,Not Applicable,Not Applicable,1,Traffic Citation
40.2086625,-76.702429,"Tuesday, June 2, 2026 5:57 AM",Maximum Speed Limits - Freeways,Not Applicable,Not Applicable,1,Traffic Citation
40.2086628,-76.70243,"Wednesday, June 10, 2026 7:14 AM",Maximum Speed Limits - Freeways,Not Applicable,Not Applicable,1,Traffic Citation
40.2086662,-76.702443,"Monday, March 23, 2026 10:44 AM",Maximum Speed Limits - Freeways,Not Applicable,Not Applicable,1,Traffic Citation
40.2086674,-76.702447,"Wednesday, June 10, 2026 6:38 AM",Maximum Speed Limits - Freeways,Not Applicable,Not Applicable,1,Traffic Citation
40.2086715,-76.702463,"Monday, April 20, 2026 7:48 AM",Maximum Speed Limits - Freeways,Not Applicable,Not Applicable,1,Traffic Citation
40.2086824,-76.702503,"Tuesday, June 2, 2026 8:26 AM",Maximum Speed Limits - Freeways,Not Applicable,Not Applicable,1,Traffic Citation
40.2086888,-76.702527,"Monday, April 20, 2026 7:10 AM",Maximum Speed Limits - Freeways,Not Applicable,Not Applicable,1,Traffic Citation
40.2087577,-77.155455,"Monday, July 21, 2025 5:08 AM",Maximum Speed Limits - Freeways,Not Applicable,Not Applicable,1,Traffic Citation
40.2088389,-76.56003,"Saturday, December 6, 2025 8:19 AM",Maximum Speed Limits - Freeways,Not Applicable,Not Applicable,1,Traffic Citation
40.2089321,-75.322872,"Tuesday, February 17, 2026 6:40 PM",Maximum Speed Limits - Freeways,Not Applicable,Not Applicable,1,Traffic Citation
40.2089788,-76.61458,"Monday, March 9, 2026 7:52 AM",Maximum Speed Limits - Freeways,Not Applicable,Not Applicable,1,Traffic Citation
40.2089801,-77.234801,"Friday, December 19, 2025 4:20 PM",Maximum Speed Limits - Freeways,Not Applicable,Not Applicable,1,Traffic Citation
40.2089829,-76.614854,"Saturday, July 5, 2025 2:07 PM",Maximum Speed Limits - Freeways,Not Applicable,Not Applicable,1,Traffic Citation
40.2090041,-76.615692,"Sunday, September 28, 2025 6:33 PM",Maximum Speed Limits - Freeways,Not Applicable,Not Applicable,1,Traffic Citation
40.2090052,-79.588048,"Thursday, January 1, 2026 5:37 PM",Maximum Speed Limits - Freeways,Not Applicable,Not Applicable,1,Traffic Citation
40.2090657,-76.616288,"Saturday, March 14, 2026 5:33 PM",Maximum Speed Limits - Freeways,Not Applicable,Not Applicable,1,Traffic Citation
40.2092205,-76.108432,"Wednesday, May 13, 2026 8:36 AM",Maximum Speed Limits - Freeways,Not Applicable,Not Applicable,1,Traffic Citation
40.2092814,-77.233097,"Sunday, September 14, 2025 6:36 PM",Maximum Speed Limits - Freeways,Not Applicable,Not Applicable,1,Traffic Citation
40.2092961,-78.476804,"Wednesday, June 10, 2026 9:22 AM",Maximum Speed Limits - Freeways,Not Applicable,Not Applicable,1,Traffic Citation
40.2092986,-77.233499,"Friday, October 17, 2025 7:37 AM",Maximum Speed Limits - Freeways,Not Applicable,Not Applicable,2,Traffic Citation
40.2093315,-75.915366,"Wednesday, July 16, 2025 6:32 AM",Maximum Speed Limits - Freeways,Not Applicable,Not Applicable,1,Traffic Citation
40.2094107,-75.915328,"Monday, December 1, 2025 6:41 AM",Maximum Speed Limits - Freeways,Not Applicable,Not Applicable,1,Traffic Citation
40.2094347,-75.915317,"Sunday, December 28, 2025 1:11 PM",Maximum Speed Limits - Freeways,Not Applicable,Not Applicable,1,Traffic Citation
40.2094641,-75.915303,"Friday, May 22, 2026 11:54 AM",Maximum Speed Limits - Freeways,Not Applicable,Not Applicable,1,Traffic Citation
40.2095892,-76.707682,"Saturday, March 28, 2026 3:49 PM",Maximum Speed Limits - Freeways,Not Applicable,Not Applicable,8,Traffic Citation
40.2096019,-77.06369,"Sunday, September 28, 2025 12:37 PM",Maximum Speed Limits - Freeways,Not Applicable,Not Applicable,1,Traffic Citation
40.209661,-76.866261,"Saturday, November 8, 2025 2:48 PM",Maximum Speed Limits - Freeways,Not Applicable,Not Applicable,2,Traffic Citation
40.2098059,-76.86659,"Monday, March 30, 2026 7:49 AM",Maximum Speed Limits - Freeways,Not Applicable,Not Applicable,1,Traffic Citation
40.2098204,-76.866622,"Sunday, March 29, 2026 12:43 PM",Maximum Speed Limits - Freeways,Not Applicable,Not Applicable,1,Traffic Citation
40.2098525,-76.034544,"Wednesday, August 13, 2025 10:54 AM",Maximum Speed Limits - Freeways,Not Applicable,Not Applicable,2,Traffic Citation
40.2098662,-76.709765,"Thursday, September 11, 2025 1:05 PM",Maximum Speed Limits - Freeways,Not Applicable,Not Applicable,1,Traffic Citation
40.2098742,-76.866743,"Monday, July 14, 2025 8:57 AM",Maximum Speed Limits - Freeways,Not Applicable,Not Applicable,1,Traffic Citation
40.2099131,-76.866828,"Saturday, July 12, 2025 4:39 PM",Maximum Speed Limits - Freeways,Not Applicable,Not Applicable,1,Traffic Citation
40.2099142,-76.711422,"Friday, July 11, 2025 2:51 PM",Maximum Speed Limits - Freeways,Not Applicable,Not Applicable,2,Traffic Citation
40.2099142,-76.711289,"Thursday, August 21, 2025 10:09 PM",Maximum Speed Limits - Freeways,Not Applicable,Not Applicable,1,Traffic Citation
40.2099142,-76.711157,"Monday, May 25, 2026 12:34 PM",Maximum Speed Limits - Freeways,Not Applicable,Not Applicable,3,Traffic Citation
40.2099142,-76.711144,"Sunday, May 24, 2026 11:01 AM",Maximum Speed Limits - Freeways,Not Applicable,Not Applicable,1,Traffic Citation
40.2099142,-76.711103,"Monday, May 25, 2026 12:49 PM",Maximum Speed Limits - Freeways,Not Applicable,Not Applicable,1,Traffic Citation
40.2099142,-76.711102,"Tuesday, April 7, 2026 10:18 AM",Maximum Speed Limits - Freeways,Not Applicable,Not Applicable,1,Traffic Citation
40.2099142,-76.711096,"Monday, February 16, 2026 9:39 AM",Maximum Speed Limits - Freeways,Not Applicable,Not Applicable,1,Traffic Citation
40.2099142,-76.711094,"Sunday, May 24, 2026 2:26 PM",Maximum Speed Limits - Freeways,Not Applicable,Not Applicable,1,Traffic Citation
40.2099142,-76.711084,"Saturday, March 21, 2026 10:30 AM",Maximum Speed Limits - Freeways,Not Applicable,Not Applicable,1,Traffic Citation
40.2099142,-76.711075,"Sunday, May 24, 2026 12:53 PM",Maximum Speed Limits - Freeways,Not Applicable,Not Applicable,1,Traffic Citation
40.2099142,-76.711067,"Tuesday, April 7, 2026 10:33 AM",Maximum Speed Limits - Freeways,Not Applicable,Not Applicable,1,Traffic Citation
40.2099197,-76.71328,"Saturday, March 21, 2026 10:40 AM",Maximum Speed Limits - Freeways,Not Applicable,Not Applicable,1,Traffic Citation
40.2099392,-76.716738,"Friday, May 22, 2026 7:22 AM",Maximum Speed Limits - Freeways,Not Applicable,Not Applicable,1,Traffic Citation
40.2099598,-76.799672,"Tuesday, October 28, 2025 3:52 PM",Maximum Speed Limits - Freeways,Not Applicable,Not Applicable,1,Traffic Citation
40.2099832,-76.723068,"Sunday, May 24, 2026 2:01 PM",Maximum Speed Limits - Freeways,Not Applicable,Not Applicable,1,Traffic Citation
40.2100253,-76.551636,"Friday, June 19, 2026 6:06 AM",Maximum Speed Limits - Freeways,Not Applicable,Not Applicable,1,Traffic Citation
40.2100422,-76.040419,"Thursday, March 12, 2026 7:45 PM",Maximum Speed Limits - Freeways,Not Applicable,Not Applicable,1,Traffic Citation
40.2100779,-76.734139,"Sunday, August 31, 2025 11:51 PM",Maximum Speed Limits - Freeways,Not Applicable,Not Applicable,3,Traffic Citation
40.2100981,-76.73183,"Sunday, July 13, 2025 6:37 PM",Maximum Speed Limits - Freeways,Not Applicable,Not Applicable,1,Traffic Citation
40.2101034,-76.03984,"Thursday, May 7, 2026 8:06 PM",Maximum Speed Limits - Freeways,Not Applicable,Not Applicable,1,Traffic Citation
40.2101396,-76.736139,"Saturday, August 30, 2025 6:28 PM",Maximum Speed Limits - Freeways,Not Applicable,Not Applicable,1,Traffic Citation
40.2101427,-75.914981,"Thursday, July 3, 2025 3:24 PM",Maximum Speed Limits - Freeways,Not Applicable,Not Applicable,1,Traffic Citation
40.2101577,-77.155333,"Saturday, July 19, 2025 9:05 PM",Maximum Speed Limits - Freeways,Not Applicable,Not Applicable,1,Traffic Citation
40.2102184,-76.741683,"Monday, June 1, 2026 7:35 PM",Maximum Speed Limits - Freeways,Not Applicable,Not Applicable,1,Traffic Citation
40.2102332,-76.041647,"Wednesday, January 7, 2026 1:15 PM",Maximum Speed Limits - Freeways,Not Applicable,Not Applicable,1,Traffic Citation
40.2102486,-76.742729,"Tuesday, July 29, 2025 12:25 PM",Maximum Speed Limits - Freeways,Not Applicable,Not Applicable,1,Traffic Citation
40.2102605,-76.752993,"Tuesday, April 14, 2026 11:11 AM",Maximum Speed Limits - Freeways,Not Applicable,Not Applicable,1,Traffic Citation
40.2102656,-76.743282,"Sunday, July 20, 2025 10:58 AM",Maximum Speed Limits - Freeways,Not Applicable,Not Applicable,1,Traffic Citation
40.2102679,-76.743351,"Thursday, October 16, 2025 10:40 AM",Maximum Speed Limits - Freeways,Not Applicable,Not Applicable,1,Traffic Citation
40.2102714,-76.752821,"Tuesday, April 14, 2026 11:24 AM",Maximum Speed Limits - Freeways,Not Applicable,Not Applicable,1,Traffic Citation
40.2102879,-75.914912,"Friday, May 22, 2026 3:36 PM",Maximum Speed Limits - Freeways,Not Applicable,Not Applicable,1,Traffic Citation
40.2102956,-76.04221,"Saturday, August 9, 2025 10:26 AM",Maximum Speed Limits - Freeways,Not Applicable,Not Applicable,1,Traffic Citation
40.2102975,-76.752979,"Tuesday, April 14, 2026 10:59 AM",Maximum Speed Limits - Freeways,Not Applicable,Not Applicable,1,Traffic Citation
40.2103024,-76.043203,"Tuesday, September 16, 2025 12:17 AM",Maximum Speed Limits - Freeways,Not Applicable,Not Applicable,1,Traffic Citation
40.2103079,-76.752975,"Tuesday, April 14, 2026 11:37 AM",Maximum Speed Limits - Freeways,Not Applicable,Not Applicable,1,Traffic Citation
40.2103083,-76.043252,"Friday, April 3, 2026 9:07 AM",Maximum Speed Limits - Freeways,Not Applicable,Not Applicable,1,Traffic Citation
40.2103614,-76.743233,"Saturday, September 13, 2025 9:43 PM",Maximum Speed Limits - Freeways,Not Applicable,Not Applicable,1,Traffic Citation
40.2103683,-77.227545,"Friday, October 3, 2025 10:02 AM",Maximum Speed Limits - Freeways,Not Applicable,Not Applicable,1,Traffic Citation
40.2103796,-76.743853,"Monday, July 14, 2025 8:51 PM",Maximum Speed Limits - Freeways,Not Applicable,Not Applicable,1,Traffic Citation
40.2104139,-75.914853,"Sunday, July 13, 2025 3:47 PM",Maximum Speed Limits - Freeways,Not Applicable,Not Applicable,1,Traffic Citation
40.2104775,-77.22702,"Sunday, October 26, 2025 9:23 AM",Maximum Speed Limits - Freeways,Not Applicable,Not Applicable,1,Traffic Citation
40.2105176,-76.752896,"Tuesday, April 21, 2026 12:07 PM",Maximum Speed Limits - Freeways,Not Applicable,Not Applicable,1,Traffic Citation
40.210584,-76.045211,"Tuesday, May 12, 2026 8:14 PM",Maximum Speed Limits - Freeways,Not Applicable,Not Applicable,1,Traffic Citation
40.2107713,-76.752816,"Tuesday, April 14, 2026 11:54 AM",Maximum Speed Limits - Freeways,Not Applicable,Not Applicable,1,Traffic Citation
40.2108577,-78.475851,"Saturday, January 10, 2026 10:39 AM",Maximum Speed Limits - Freeways,Not Applicable,Not Applicable,1,Traffic Citation
40.2108714,-78.475843,"Thursday, June 18, 2026 5:15 PM",Maximum Speed Limits - Freeways,Not Applicable,Not Applicable,1,Traffic Citation
40.2109606,-75.914593,"Thursday, November 27, 2025 8:29 AM",Maximum Speed Limits - Freeways,Not Applicable,Not Applicable,1,Traffic Citation
40.2110008,-75.914573,"Thursday, November 27, 2025 8:56 AM",Maximum Speed Limits - Freeways,Not Applicable,Not Applicable,1,Traffic Citation
40.2110634,-75.914543,"Tuesday, July 15, 2025 2:01 PM",Maximum Speed Limits - Freeways,Not Applicable,Not Applicable,1,Traffic Citation
40.2110812,-77.155037,"Friday, November 28, 2025 10:28 PM",Maximum Speed Limits - Freeways,Not Applicable,Not Applicable,1,Traffic Citation
40.2110918,-77.155034,"Friday, November 28, 2025 11:43 PM",Maximum Speed Limits - Freeways,Not Applicable,Not Applicable,1,Traffic Citation
40.2110948,-76.707308,"Friday, January 2, 2026 10:17 AM",Maximum Speed Limits - Freeways,Not Applicable,Not Applicable,1,Traffic Citation
40.2111031,-76.752723,"Thursday, February 12, 2026 10:33 AM",Maximum Speed Limits - Freeways,Not Applicable,Not Applicable,2,Traffic Citation
40.2111326,-77.155021,"Friday, July 4, 2025 3:36 PM",Maximum Speed Limits - Freeways,Not Applicable,Not Applicable,1,Traffic Citation
40.2111389,-77.068219,"Thursday, June 4, 2026 10:00 AM",Maximum Speed Limits - Freeways,Not Applicable,Not Applicable,1,Traffic Citation
40.2111415,-77.068155,"Saturday, January 10, 2026 10:37 AM",Maximum Speed Limits - Freeways,Not Applicable,Not Applicable,1,Traffic Citation
40.2111455,-76.756904,"Tuesday, December 9, 2025 7:16 PM",Maximum Speed Limits - Freeways,Not Applicable,Not Applicable,1,Traffic Citation
40.2111492,-77.068203,"Friday, July 4, 2025 5:03 PM",Maximum Speed Limits - Freeways,Not Applicable,Not Applicable,1,Traffic Citation
40.2111621,-76.752709,"Thursday, February 12, 2026 10:13 AM",Maximum Speed Limits - Freeways,Not Applicable,Not Applicable,1,Traffic Citation
40.2111762,-77.155007,"Friday, August 22, 2025 1:26 AM",Maximum Speed Limits - Freeways,Not Applicable,Not Applicable,1,Traffic Citation
40.211179,-77.068171,"Monday, March 2, 2026 10:20 AM",Maximum Speed Limits - Freeways,Not Applicable,Not Applicable,1,Traffic Citation
40.2111811,-77.068169,"Tuesday, April 21, 2026 6:40 PM",Maximum Speed Limits - Freeways,Not Applicable,Not Applicable,2,Traffic Citation
40.2111916,-77.068159,"Saturday, September 6, 2025 10:03 AM",Maximum Speed Limits - Freeways,Not Applicable,Not Applicable,1,Traffic Citation
40.2112149,-77.068137,"Thursday, October 2, 2025 5:29 PM",Maximum Speed Limits - Freeways,Not Applicable,Not Applicable,1,Traffic Citation
40.2112176,-77.068134,"Thursday, August 21, 2025 5:40 PM",Maximum Speed Limits - Freeways,Not Applicable,Not Applicable,1,Traffic Citation
40.2112241,-77.068412,"Saturday, October 4, 2025 6:53 PM",Maximum Speed Limits - Freeways,Not Applicable,Not Applicable,1,Traffic Citation
40.211248,-77.154984,"Saturday, November 29, 2025 12:03 AM",Maximum Speed Limits - Freeways,Not Applicable,Not Applicable,1,Traffic Citation
40.2112815,-76.707727,"Wednesday, December 3, 2025 5:47 PM",Maximum Speed Limits - Freeways,Not Applicable,Not Applicable,1,Traffic Citation
40.2112928,-77.068623,"Thursday, July 24, 2025 10:06 AM",Maximum Speed Limits - Freeways,Not Applicable,Not Applicable,1,Traffic Citation
40.2113103,-75.914425,"Monday, May 25, 2026 4:38 PM",Maximum Speed Limits - Freeways,Not Applicable,Not Applicable,2,Traffic Citation
40.2113385,-76.75267,"Thursday, February 12, 2026 10:45 AM",Maximum Speed Limits - Freeways,Not Applicable,Not Applicable,1,Traffic Citation
40.2113408,-77.154954,"Friday, July 4, 2025 5:29 PM",Maximum Speed Limits - Freeways,Not Applicable,Not Applicable,1,Traffic Citation
40.2113801,-77.154942,"Friday, November 28, 2025 10:44 PM",Maximum Speed Limits - Freeways,Not Applicable,Not Applicable,1,Traffic Citation
40.2114095,-79.984604,"Sunday, April 5, 2026 2:54 PM",Maximum Speed Limits - Freeways,Not Applicable,Not Applicable,1,Traffic Citation
40.2114258,-76.103666,"Tuesday, June 2, 2026 7:36 AM",Maximum Speed Limits - Freeways,Not Applicable,Not Applicable,1,Traffic Citation
40.2114351,-76.103643,"Friday, August 22, 2025 12:06 AM",Maximum Speed Limits - Freeways,Not Applicable,Not Applicable,1,Traffic Citation
40.2114422,-77.223147,"Friday, April 3, 2026 6:07 PM",Maximum Speed Limits - Freeways,Not Applicable,Not Applicable,1,Traffic Citation
40.211451,-76.870208,"Friday, November 14, 2025 1:50 PM",Maximum Speed Limits - Freeways,Not Applicable,Not Applicable,1,Traffic Citation
40.2114511,-76.759417,"Tuesday, December 9, 2025 6:15 AM",Maximum Speed Limits - Freeways,Not Applicable,Not Applicable,1,Traffic Citation
40.2115562,-76.87069,"Monday, September 1, 2025 8:19 AM",Maximum Speed Limits - Freeways,Not Applicable,Not Applicable,1,Traffic Citation
40.2115768,-76.759556,"Thursday, October 30, 2025 12:40 PM",Maximum Speed Limits - Freeways,Not Applicable,Not Applicable,1,Traffic Citation
40.2115866,-77.154878,"Thursday, November 27, 2025 1:08 AM",Maximum Speed Limits - Freeways,Not Applicable,Not Applicable,1,Traffic Citation
40.2115963,-77.222498,"Tuesday, April 21, 2026 8:40 AM",Maximum Speed Limits - Freeways,Not Applicable,Not Applicable,1,Traffic Citation
40.2116121,-75.914591,"Thursday, July 3, 2025 12:56 PM",Maximum Speed Limits - Freeways,Not Applicable,Not Applicable,1,Traffic Citation
40.2117017,-75.3245,"Sunday, July 6, 2025 9:35 AM",Maximum Speed Limits - Freeways,Not Applicable,Not Applicable,1,Traffic Citation
40.2117677,-75.914517,"Thursday, July 3, 2025 8:11 AM",Maximum Speed Limits - Freeways,Not Applicable,Not Applicable,1,Traffic Citation
40.2117704,-75.914515,"Tuesday, July 15, 2025 1:54 PM",Maximum Speed Limits - Freeways,Not Applicable,Not Applicable,2,Traffic Citation
40.2119126,-75.914137,"Friday, November 28, 2025 3:05 PM",Maximum Speed Limits - Freeways,Not Applicable,Not Applicable,1,Traffic Citation
40.2119302,-77.221168,"Friday, April 17, 2026 4:30 PM",Maximum Speed Limits - Freeways,Not Applicable,Not Applicable,1,Traffic Citation
40.2119385,-76.102413,"Sunday, February 15, 2026 11:33 AM",Maximum Speed Limits - Freeways,Not Applicable,Not Applicable,1,Traffic Citation
40.2120134,-76.872036,"Wednesday, August 6, 2025 2:15 PM",Maximum Speed Limits - Freeways,Not Applicable,Not Applicable,1,Traffic Citation
40.2120254,-76.102201,"Friday, November 14, 2025 11:39 AM",Maximum Speed Limits - Freeways,Not Applicable,Not Applicable,1,Traffic Citation
40.212132,-76.053376,"Monday, May 25, 2026 8:07 PM",Maximum Speed Limits - Freeways,Not Applicable,Not Applicable,1,Traffic Citation
40.2121921,-77.154369,"Monday, July 21, 2025 4:03 AM",Maximum Speed Limits - Freeways,Not Applicable,Not Applicable,1,Traffic Citation
40.2122275,-78.963053,"Saturday, August 30, 2025 7:55 AM",Maximum Speed Limits - Freeways,Not Applicable,Not Applicable,1,Traffic Citation
40.2124507,-75.913879,"Thursday, November 27, 2025 5:00 PM",Maximum Speed Limits - Freeways,Not Applicable,Not Applicable,1,Traffic Citation
40.2124908,-75.324961,"Thursday, June 4, 2026 9:08 AM",Maximum Speed Limits - Freeways,Not Applicable,Not Applicable,3,Traffic Citation
40.212505,-76.708253,"Wednesday, December 24, 2025 9:29 AM",Maximum Speed Limits - Freeways,Not Applicable,Not Applicable,1,Traffic Citation
40.2126462,-76.707986,"Thursday, January 1, 2026 9:15 AM",Maximum Speed Limits - Freeways,Not Applicable,Not Applicable,2,Traffic Citation
40.2126819,-76.056229,"Thursday, May 7, 2026 8:02 AM",Maximum Speed Limits - Freeways,Not Applicable,Not Applicable,4,Traffic Citation
40.2126832,-76.056236,"Thursday, June 18, 2026 11:38 AM",Maximum Speed Limits - Freeways,Not Applicable,Not Applicable,1,Traffic Citation
40.2126835,-76.056237,"Friday, May 22, 2026 2:28 PM",Maximum Speed Limits - Freeways,Not Applicable,Not Applicable,1,Traffic Citation
40.2126842,-76.056241,"Saturday, August 2, 2025 6:08 PM",Maximum Speed Limits - Freeways,Not Applicable,Not Applicable,3,Traffic Citation
40.2126983,-76.056315,"Saturday, February 14, 2026 5:55 PM",Maximum Speed Limits - Freeways,Not Applicable,Not Applicable,1,Traffic Citation
40.212703,-76.05634,"Sunday, May 10, 2026 11:49 AM",Maximum Speed Limits - Freeways,Not Applicable,Not Applicable,1,Traffic Citation
40.2127031,-76.05634,"Saturday, March 14, 2026 2:30 PM",Maximum Speed Limits - Freeways,Not Applicable,Not Applicable,1,Traffic Citation
40.2127041,-76.056346,"Saturday, May 9, 2026 5:32 PM",Maximum Speed Limits - Freeways,Not Applicable,Not Applicable,2,Traffic Citation
40.2127052,-76.056351,"Saturday, August 2, 2025 12:43 PM",Maximum Speed Limits - Freeways,Not Applicable,Not Applicable,1,Traffic Citation
40.2127081,-76.056366,"Wednesday, May 13, 2026 4:22 PM",Maximum Speed Limits - Freeways,Not Applicable,Not Applicable,1,Traffic Citation
40.2127088,-76.05637,"Wednesday, November 26, 2025 6:58 AM",Maximum Speed Limits - Freeways,Not Applicable,Not Applicable,3,Traffic Citation
40.2127127,-75.913753,"Thursday, July 3, 2025 11:36 AM",Maximum Speed Limits - Freeways,Not Applicable,Not Applicable,1,Traffic Citation
40.2127149,-76.056402,"Saturday, February 14, 2026 5:32 PM",Maximum Speed Limits - Freeways,Not Applicable,Not Applicable,1,Traffic Citation
40.2127295,-76.708022,"Saturday, February 28, 2026 12:43 PM",Maximum Speed Limits - Freeways,Not Applicable,Not Applicable,1,Traffic Citation
40.2127531,-77.217196,"Saturday, June 13, 2026 10:42 AM",Maximum Speed Limits - Freeways,Not Applicable,Not Applicable,1,Traffic Citation
40.2127731,-76.056247,"Tuesday, December 30, 2025 7:00 AM",Maximum Speed Limits - Freeways,Not Applicable,Not Applicable,1,Traffic Citation
40.2127886,-77.217196,"Sunday, June 7, 2026 11:05 AM",Maximum Speed Limits - Freeways,Not Applicable,Not Applicable,2,Traffic Citation
40.2127997,-76.056385,"Wednesday, January 21, 2026 11:33 AM",Maximum Speed Limits - Freeways,Not Applicable,Not Applicable,1,Traffic Citation
40.2128019,-78.960814,"Sunday, August 31, 2025 12:07 PM",Maximum Speed Limits - Freeways,Not Applicable,Not Applicable,1,Traffic Citation
40.2128058,-77.217199,"Wednesday, May 20, 2026 5:25 PM",Maximum Speed Limits - Freeways,Not Applicable,Not Applicable,1,Traffic Citation
40.2128099,-76.056438,"Tuesday, December 30, 2025 10:17 AM",Maximum Speed Limits - Freeways,Not Applicable,Not Applicable,2,Traffic Citation
40.2128148,-76.056464,"Thursday, November 27, 2025 9:53 AM",Maximum Speed Limits - Freeways,Not Applicable,Not Applicable,1,Traffic Citation
40.2128175,-76.056478,"Thursday, May 7, 2026 9:09 AM",Maximum Speed Limits - Freeways,Not Applicable,Not Applicable,2,Traffic Citation
40.2128195,-77.217202,"Friday, April 24, 2026 11:09 AM",Maximum Speed Limits - Freeways,Not Applicable,Not Applicable,1,Traffic Citation
40.2128213,-76.056498,"Wednesday, May 13, 2026 3:48 PM",Maximum Speed Limits - Freeways,Not Applicable,Not Applicable,3,Traffic Citation
40.2128231,-76.056507,"Thursday, October 16, 2025 5:38 PM",Maximum Speed Limits - Freeways,Not Applicable,Not Applicable,2,Traffic Citation
40.2128411,-77.217188,"Monday, May 25, 2026 5:07 PM",Maximum Speed Limits - Freeways,Not Applicable,Not Applicable,1,Traffic Citation
40.2128416,-77.217186,"Saturday, April 4, 2026 10:49 AM",Maximum Speed Limits - Freeways,Not Applicable,Not Applicable,1,Traffic Citation
40.2128553,-77.217205,"Sunday, April 26, 2026 11:34 AM",Maximum Speed Limits - Freeways,Not Applicable,Not Applicable,1,Traffic Citation
40.2128681,-77.217082,"Monday, March 9, 2026 4:48 PM",Maximum Speed Limits - Freeways,Not Applicable,Not Applicable,1,Traffic Citation
40.2128704,-77.217073,"Wednesday, February 25, 2026 4:48 PM",Maximum Speed Limits - Freeways,Not Applicable,Not Applicable,1,Traffic Citation
40.2129042,-75.913662,"Tuesday, September 23, 2025 9:03 AM",Maximum Speed Limits - Freeways,Not Applicable,Not Applicable,1,Traffic Citation
40.2129115,-77.217209,"Friday, October 17, 2025 1:18 PM",Maximum Speed Limits - Freeways,Not Applicable,Not Applicable,1,Traffic Citation
40.2129187,-78.960214,"Friday, August 29, 2025 10:25 AM",Maximum Speed Limits - Freeways,Not Applicable,Not Applicable,2,Traffic Citation
40.2129342,-77.216824,"Wednesday, April 1, 2026 11:55 AM",Maximum Speed Limits - Freeways,Not Applicable,Not Applicable,1,Traffic Citation
40.2129363,-77.216816,"Wednesday, July 2, 2025 10:31 AM",Maximum Speed Limits - Freeways,Not Applicable,Not Applicable,1,Traffic Citation
40.2129461,-77.217188,"Wednesday, April 22, 2026 4:23 PM",Maximum Speed Limits - Freeways,Not Applicable,Not Applicable,2,Traffic Citation
40.2129629,-75.541648,"Friday, August 29, 2025 7:43 AM",Maximum Speed Limits - Freeways,Not Applicable,Not Applicable,1,Traffic Citation
40.212975,-75.913628,"Thursday, July 3, 2025 6:26 PM",Maximum Speed Limits - Freeways,Not Applicable,Not Applicable,1,Traffic Citation
40.2129954,-75.913931,"Wednesday, October 1, 2025 7:50 AM",Maximum Speed Limits - Freeways,Not Applicable,Not Applicable,1,Traffic Citation
40.2130043,-76.057452,"Thursday, July 3, 2025 10:25 AM",Maximum Speed Limits - Freeways,Not Applicable,Not Applicable,1,Traffic Citation
40.2130132,-76.708146,"Tuesday, June 30, 2026 12:42 AM",Maximum Speed Limits - Freeways,Not Applicable,Not Applicable,1,Traffic Citation
40.2130162,-76.057514,"Wednesday, August 27, 2025 6:55 PM",Maximum Speed Limits - Freeways,Not Applicable,Not Applicable,1,Traffic Citation
40.2130472,-76.05813,"Monday, May 25, 2026 2:59 PM",Maximum Speed Limits - Freeways,Not Applicable,Not Applicable,1,Traffic Citation
40.2130475,-75.913906,"Saturday, August 30, 2025 2:46 PM",Maximum Speed Limits - Freeways,Not Applicable,Not Applicable,1,Traffic Citation
40.2131254,-75.913507,"Friday, November 28, 2025 6:03 PM",Maximum Speed Limits - Freeways,Not Applicable,Not Applicable,1,Traffic Citation
40.2131364,-76.058147,"Monday, May 25, 2026 3:28 PM",Maximum Speed Limits - Freeways,Not Applicable,Not Applicable,1,Traffic Citation
40.2131383,-75.913444,"Wednesday, August 27, 2025 6:39 AM",Maximum Speed Limits - Freeways,Not Applicable,Not Applicable,1,Traffic Citation
40.213144,-75.913547,"Sunday, November 2, 2025 2:55 PM",Maximum Speed Limits - Freeways,Not Applicable,Not Applicable,1,Traffic Citation
40.2131997,-75.91352,"Sunday, November 30, 2025 9:48 AM",Maximum Speed Limits - Freeways,Not Applicable,Not Applicable,1,Traffic Citation
40.2132427,-76.058693,"Monday, October 27, 2025 10:01 PM",Maximum Speed Limits - Freeways,Not Applicable,Not Applicable,1,Traffic Citation
40.2132435,-76.058698,"Sunday, May 24, 2026 2:36 PM",Maximum Speed Limits - Freeways,Not Applicable,Not Applicable,1,Traffic Citation
40.2132501,-76.058732,"Sunday, May 24, 2026 6:50 PM",Maximum Speed Limits - Freeways,Not Applicable,Not Applicable,1,Traffic Citation
40.2132548,-76.058756,"Saturday, December 27, 2025 8:53 PM",Maximum Speed Limits - Freeways,Not Applicable,Not Applicable,2,Traffic Citation
40.213291,-77.215433,"Sunday, May 24, 2026 5:00 PM",Maximum Speed Limits - Freeways,Not Applicable,Not Applicable,2,Traffic Citation
40.2133007,-77.215394,"Friday, September 5, 2025 10:50 AM",Maximum Speed Limits - Freeways,Not Applicable,Not Applicable,1,Traffic Citation
40.2133028,-76.708273,"Sunday, February 8, 2026 6:42 PM",Maximum Speed Limits - Freeways,Not Applicable,Not Applicable,1,Traffic Citation
40.2133051,-77.215377,"Saturday, July 5, 2025 10:40 AM",Maximum Speed Limits - Freeways,Not Applicable,Not Applicable,1,Traffic Citation
40.2133055,-77.215376,"Tuesday, June 30, 2026 4:08 PM",Maximum Speed Limits - Freeways,Not Applicable,Not Applicable,3,Traffic Citation
40.2133061,-77.215373,"Monday, October 6, 2025 11:10 AM",Maximum Speed Limits - Freeways,Not Applicable,Not Applicable,1,Traffic Citation
40.2133066,-77.215371,"Wednesday, October 1, 2025 5:05 PM",Maximum Speed Limits - Freeways,Not Applicable,Not Applicable,2,Traffic Citation
40.2133135,-77.215345,"Friday, August 22, 2025 4:43 PM",Maximum Speed Limits - Freeways,Not Applicable,Not Applicable,1,Traffic Citation
40.2133153,-77.215338,"Wednesday, April 8, 2026 4:47 PM",Maximum Speed Limits - Freeways,Not Applicable,Not Applicable,1,Traffic Citation
40.2133195,-77.215321,"Tuesday, March 10, 2026 4:11 PM",Maximum Speed Limits - Freeways,Not Applicable,Not Applicable,1,Traffic Citation
40.2133278,-77.215289,"Saturday, August 2, 2025 3:43 PM",Maximum Speed Limits - Freeways,Not Applicable,Not Applicable,1,Traffic Citation
40.2133283,-77.215287,"Monday, September 1, 2025 5:09 PM",Maximum Speed Limits - Freeways,Not Applicable,Not Applicable,1,Traffic Citation
40.2133291,-77.215284,"Sunday, July 27, 2025 11:21 AM",Maximum Speed Limits - Freeways,Not Applicable,Not Applicable,1,Traffic Citation
40.2133332,-77.215268,"Sunday, March 22, 2026 4:31 PM",Maximum Speed Limits - Freeways,Not Applicable,Not Applicable,1,Traffic Citation
40.213334,-77.215265,"Tuesday, November 25, 2025 10:15 AM",Maximum Speed Limits - Freeways,Not Applicable,Not Applicable,1,Traffic Citation
40.2133373,-77.215252,"Tuesday, July 1, 2025 10:49 AM",Maximum Speed Limits - Freeways,Not Applicable,Not Applicable,2,Traffic Citation
40.213338,-77.215249,"Monday, September 22, 2025 4:49 PM",Maximum Speed Limits - Freeways,Not Applicable,Not Applicable,1,Traffic Citation
40.2133422,-77.215232,"Wednesday, September 3, 2025 10:27 AM",Maximum Speed Limits - Freeways,Not Applicable,Not Applicable,1,Traffic Citation
40.2133437,-77.215226,"Tuesday, September 2, 2025 11:23 AM",Maximum Speed Limits - Freeways,Not Applicable,Not Applicable,1,Traffic Citation
40.2133482,-77.215209,"Tuesday, July 1, 2025 10:01 AM",Maximum Speed Limits - Freeways,Not Applicable,Not Applicable,1,Traffic Citation
40.2133489,-77.215206,"Friday, May 1, 2026 1:06 PM",Maximum Speed Limits - Freeways,Not Applicable,Not Applicable,1,Traffic Citation
40.2133496,-75.913449,"Thursday, July 3, 2025 8:33 AM",Maximum Speed Limits - Freeways,Not Applicable,Not Applicable,1,Traffic Citation
40.2133521,-77.215194,"Monday, August 25, 2025 11:40 AM",Maximum Speed Limits - Freeways,Not Applicable,Not Applicable,1,Traffic Citation
40.2133539,-76.059725,"Wednesday, February 11, 2026 8:47 AM",Maximum Speed Limits - Freeways,Not Applicable,Not Applicable,1,Traffic Citation
40.2133562,-77.215177,"Wednesday, December 17, 2025 11:26 AM",Maximum Speed Limits - Freeways,Not Applicable,Not Applicable,1,Traffic Citation
40.2133599,-77.215163,"Wednesday, August 20, 2025 10:01 AM",Maximum Speed Limits - Freeways,Not Applicable,Not Applicable,1,Traffic Citation
40.2133857,-77.075972,"Saturday, September 13, 2025 8:05 AM",Maximum Speed Limits - Freeways,Not Applicable,Not Applicable,1,Traffic Citation
40.213402,-76.059981,"Thursday, January 8, 2026 9:01 AM",Maximum Speed Limits - Freeways,Not Applicable,Not Applicable,2,Traffic Citation
40.2134028,-76.708635,"Friday, January 9, 2026 7:49 AM",Maximum Speed Limits - Freeways,Not Applicable,Not Applicable,1,Traffic Citation
40.2134029,-77.214994,"Friday, July 25, 2025 4:18 PM",Maximum Speed Limits - Freeways,Not Applicable,Not Applicable,1,Traffic Citation
40.2134412,-77.215239,"Thursday, April 9, 2026 1:53 PM",Maximum Speed Limits - Freeways,Not Applicable,Not Applicable,1,Traffic Citation
40.2134556,-77.214787,"Tuesday, October 28, 2025 12:01 PM",Maximum Speed Limits - Freeways,Not Applicable,Not Applicable,1,Traffic Citation
40.2134712,-76.060348,"Monday, June 8, 2026 7:55 AM",Maximum Speed Limits - Freeways,Not Applicable,Not Applicable,1,Traffic Citation
40.2134958,-76.060479,"Monday, August 11, 2025 3:56 PM",Maximum Speed Limits - Freeways,Not Applicable,Not Applicable,1,Traffic Citation
40.2135728,-76.060392,"Monday, May 25, 2026 7:23 PM",Maximum Speed Limits - Freeways,Not Applicable,Not Applicable,1,Traffic Citation
40.2135755,-76.060406,"Monday, February 23, 2026 6:06 PM",Maximum Speed Limits - Freeways,Not Applicable,Not Applicable,1,Traffic Citation
40.2135779,-76.060418,"Wednesday, February 25, 2026 9:57 AM",Maximum Speed Limits - Freeways,Not Applicable,Not Applicable,1,Traffic Citation
40.213578,-76.060419,"Saturday, August 30, 2025 2:18 PM",Maximum Speed Limits - Freeways,Not Applicable,Not Applicable,1,Traffic Citation
40.213585,-76.060455,"Tuesday, January 6, 2026 11:49 AM",Maximum Speed Limits - Freeways,Not Applicable,Not Applicable,2,Traffic Citation
40.2136809,-76.708753,"Wednesday, December 31, 2025 7:57 AM",Maximum Speed Limits - Freeways,Not Applicable,Not Applicable,1,Traffic Citation
40.2137139,-76.708453,"Friday, January 2, 2026 8:50 AM",Maximum Speed Limits - Freeways,Not Applicable,Not Applicable,1,Traffic Citation
40.2137261,-76.06166,"Saturday, July 5, 2025 2:01 PM",Maximum Speed Limits - Freeways,Not Applicable,Not Applicable,1,Traffic Citation
40.2137671,-76.097947,"Thursday, January 22, 2026 11:17 AM",Maximum Speed Limits - Freeways,Not Applicable,Not Applicable,1,Traffic Citation
40.2137945,-75.913237,"Thursday, November 27, 2025 10:48 AM",Maximum Speed Limits - Freeways,Not Applicable,Not Applicable,1,Traffic Citation
40.2138091,-75.91323,"Tuesday, July 15, 2025 4:05 PM",Maximum Speed Limits - Freeways,Not Applicable,Not Applicable,2,Traffic Citation
40.213846,-76.062276,"Wednesday, August 13, 2025 9:17 AM",Maximum Speed Limits - Freeways,Not Applicable,Not Applicable,1,Traffic Citation
40.2138629,-75.913204,"Monday, July 14, 2025 12:31 PM",Maximum Speed Limits - Freeways,Not Applicable,Not Applicable,1,Traffic Citation
40.2138662,-77.154164,"Friday, November 28, 2025 10:06 PM",Maximum Speed Limits - Freeways,Not Applicable,Not Applicable,1,Traffic Citation
40.2138751,-76.061948,"Wednesday, May 27, 2026 7:39 PM",Maximum Speed Limits - Freeways,Not Applicable,Not Applicable,1,Traffic Citation
40.2138985,-76.062069,"Tuesday, August 12, 2025 7:29 AM",Maximum Speed Limits - Freeways,Not Applicable,Not Applicable,1,Traffic Citation
40.2139283,-76.794754,"Tuesday, April 21, 2026 8:05 AM",Maximum Speed Limits - Freeways,Not Applicable,Not Applicable,1,Traffic Citation
40.2139498,-76.062333,"Tuesday, March 24, 2026 8:49 AM",Maximum Speed Limits - Freeways,Not Applicable,Not Applicable,1,Traffic Citation
40.2139686,-76.70846,"Sunday, December 28, 2025 8:07 AM",Maximum Speed Limits - Freeways,Not Applicable,Not Applicable,1,Traffic Citation
40.2140091,-75.913136,"Friday, August 29, 2025 9:54 AM",Maximum Speed Limits - Freeways,Not Applicable,Not Applicable,1,Traffic Citation
40.2140301,-78.474037,"Saturday, March 28, 2026 2:14 PM",Maximum Speed Limits - Freeways,Not Applicable,Not Applicable,1,Traffic Citation
40.2140348,-76.773918,"Thursday, August 14, 2025 12:00 PM",Maximum Speed Limits - Freeways,Not Applicable,Not Applicable,1,Traffic Citation
40.2140354,-76.708585,"Saturday, January 3, 2026 2:16 PM",Maximum Speed Limits - Freeways,Not Applicable,Not Applicable,1,Traffic Citation
40.2142846,-77.078772,"Friday, March 27, 2026 8:36 PM",Maximum Speed Limits - Freeways,Not Applicable,Not Applicable,1,Traffic Citation
40.2143149,-76.702219,"Sunday, December 28, 2025 9:52 AM",Maximum Speed Limits - Freeways,Not Applicable,Not Applicable,1,Traffic Citation
40.2143791,-76.70873,"Saturday, January 3, 2026 12:42 PM",Maximum Speed Limits - Freeways,Not Applicable,Not Applicable,1,Traffic Citation
40.2143841,-76.708732,"Sunday, August 10, 2025 6:53 PM",Maximum Speed Limits - Freeways,Not Applicable,Not Applicable,1,Traffic Citation
40.2143944,-78.952519,"Sunday, July 6, 2025 2:40 PM",Maximum Speed Limits - Freeways,Not Applicable,Not Applicable,2,Traffic Citation
40.2144189,-78.952423,"Thursday, June 18, 2026 5:34 PM",Maximum Speed Limits - Freeways,Not Applicable,Not Applicable,1,Traffic Citation
40.21442,-76.096345,"Tuesday, May 5, 2026 12:53 PM",Maximum Speed Limits - Freeways,Not Applicable,Not Applicable,1,Traffic Citation
40.214433,-75.913255,"Wednesday, October 22, 2025 12:06 PM",Maximum Speed Limits - Freeways,Not Applicable,Not Applicable,3,Traffic Citation
40.2144908,-76.065647,"Thursday, August 14, 2025 11:38 PM",Maximum Speed Limits - Freeways,Not Applicable,Not Applicable,1,Traffic Citation
40.2146115,-76.777327,"Sunday, September 7, 2025 11:20 AM",Maximum Speed Limits - Freeways,Not Applicable,Not Applicable,1,Traffic Citation
40.2146885,-76.095691,"Friday, February 27, 2026 9:30 AM",Maximum Speed Limits - Freeways,Not Applicable,Not Applicable,1,Traffic Citation
40.2147165,-76.708871,"Wednesday, December 24, 2025 7:37 AM",Maximum Speed Limits - Freeways,Not Applicable,Not Applicable,1,Traffic Citation
40.2147167,-75.912808,"Wednesday, July 30, 2025 3:39 PM",Maximum Speed Limits - Freeways,Not Applicable,Not Applicable,1,Traffic Citation
40.2147767,-75.32658,"Friday, July 4, 2025 8:49 PM",Maximum Speed Limits - Freeways,Not Applicable,Not Applicable,1,Traffic Citation
40.2148081,-78.950926,"Sunday, July 6, 2025 3:47 PM",Maximum Speed Limits - Freeways,Not Applicable,Not Applicable,2,Traffic Citation
40.2148137,-76.70891,"Wednesday, December 10, 2025 1:34 PM",Maximum Speed Limits - Freeways,Not Applicable,Not Applicable,1,Traffic Citation
40.2149055,-75.912725,"Monday, May 25, 2026 6:06 PM",Maximum Speed Limits - Freeways,Not Applicable,Not Applicable,1,Traffic Citation
40.2149721,-76.095006,"Wednesday, August 27, 2025 1:01 AM",Maximum Speed Limits - Freeways,Not Applicable,Not Applicable,1,Traffic Citation
40.2149735,-77.153811,"Friday, March 13, 2026 7:49 PM",Maximum Speed Limits - Freeways,Not Applicable,Not Applicable,1,Traffic Citation
40.2149841,-76.708979,"Friday, January 2, 2026 9:43 AM",Maximum Speed Limits - Freeways,Not Applicable,Not Applicable,1,Traffic Citation
40.2149883,-75.912688,"Sunday, December 28, 2025 9:19 AM",Maximum Speed Limits - Freeways,Not Applicable,Not Applicable,1,Traffic Citation
40.2149978,-76.708984,"Monday, December 22, 2025 10:17 AM",Maximum Speed Limits - Freeways,Not Applicable,Not Applicable,2,Traffic Citation
40.2150667,-76.709012,"Wednesday, December 24, 2025 8:04 AM",Maximum Speed Limits - Freeways,Not Applicable,Not Applicable,1,Traffic Citation
40.2151167,-78.950912,"Wednesday, September 3, 2025 9:26 AM",Maximum Speed Limits - Freeways,Not Applicable,Not Applicable,1,Traffic Citation
40.2151862,-77.153743,"Friday, March 13, 2026 8:05 PM",Maximum Speed Limits - Freeways,Not Applicable,Not Applicable,1,Traffic Citation
40.2152164,-75.912596,"Monday, May 25, 2026 7:05 PM",Maximum Speed Limits - Freeways,Not Applicable,Not Applicable,1,Traffic Citation
40.2152297,-76.09436,"Tuesday, August 12, 2025 1:16 AM",Maximum Speed Limits - Freeways,Not Applicable,Not Applicable,1,Traffic Citation
40.2152463,-76.094319,"Tuesday, August 26, 2025 10:40 PM",Maximum Speed Limits - Freeways,Not Applicable,Not Applicable,1,Traffic Citation
40.2152959,-76.069812,"Saturday, December 27, 2025 9:57 PM",Maximum Speed Limits - Freeways,Not Applicable,Not Applicable,1,Traffic Citation
40.2153089,-76.782837,"Saturday, August 30, 2025 6:43 PM",Maximum Speed Limits - Freeways,Not Applicable,Not Applicable,1,Traffic Citation
40.2154195,-79.984875,"Tuesday, December 16, 2025 2:16 PM",Maximum Speed Limits - Freeways,Not Applicable,Not Applicable,2,Traffic Citation
40.2154942,-75.326714,"Saturday, November 1, 2025 6:43 AM",Maximum Speed Limits - Freeways,Not Applicable,Not Applicable,1,Traffic Citation
40.2156015,-76.709239,"Wednesday, December 24, 2025 7:52 AM",Maximum Speed Limits - Freeways,Not Applicable,Not Applicable,1,Traffic Citation
40.2156299,-77.206271,"Tuesday, March 31, 2026 11:23 AM",Maximum Speed Limits - Freeways,Not Applicable,Not Applicable,1,Traffic Citation
40.2157318,-76.709296,"Sunday, May 24, 2026 7:53 PM",Maximum Speed Limits - Freeways,Not Applicable,Not Applicable,1,Traffic Citation
40.2157449,-78.947354,"Wednesday, June 24, 2026 3:59 PM",Maximum Speed Limits - Freeways,Not Applicable,Not Applicable,1,Traffic Citation
40.2157647,-77.206149,"Friday, July 4, 2025 2:19 PM",Maximum Speed Limits - Freeways,Not Applicable,Not Applicable,1,Traffic Citation
40.215789,-76.709322,"Saturday, December 20, 2025 11:38 AM",Maximum Speed Limits - Freeways,Not Applicable,Not Applicable,1,Traffic Citation
40.215824,-75.912675,"Tuesday, April 21, 2026 10:26 AM",Maximum Speed Limits - Freeways,Not Applicable,Not Applicable,1,Traffic Citation
40.2158417,-76.709345,"Wednesday, December 24, 2025 9:47 AM",Maximum Speed Limits - Freeways,Not Applicable,Not Applicable,1,Traffic Citation
40.2158734,-77.205723,"Saturday, October 25, 2025 4:14 PM",Maximum Speed Limits - Freeways,Not Applicable,Not Applicable,1,Traffic Citation
40.2159366,-77.084588,"Monday, December 1, 2025 6:49 PM",Maximum Speed Limits - Freeways,Not Applicable,Not Applicable,1,Traffic Citation
40.2160081,-76.709418,"Wednesday, December 24, 2025 7:21 AM",Maximum Speed Limits - Freeways,Not Applicable,Not Applicable,1,Traffic Citation
40.216128,-78.945884,"Sunday, July 6, 2025 4:03 PM",Maximum Speed Limits - Freeways,Not Applicable,Not Applicable,1,Traffic Citation
40.2161315,-76.709473,"Friday, February 27, 2026 2:34 PM",Maximum Speed Limits - Freeways,Not Applicable,Not Applicable,1,Traffic Citation
40.2161822,-75.912243,"Friday, August 29, 2025 9:29 AM",Maximum Speed Limits - Freeways,Not Applicable,Not Applicable,1,Traffic Citation
40.2162508,-75.91222,"Tuesday, March 10, 2026 6:24 AM",Maximum Speed Limits - Freeways,Not Applicable,Not Applicable,1,Traffic Citation
40.2163159,-78.945165,"Sunday, July 6, 2025 3:26 PM",Maximum Speed Limits - Freeways,Not Applicable,Not Applicable,1,Traffic Citation
40.2164029,-77.086601,"Sunday, July 13, 2025 4:16 PM",Maximum Speed Limits - Freeways,Not Applicable,Not Applicable,1,Traffic Citation
40.2164292,-77.086694,"Thursday, January 15, 2026 10:07 AM",Maximum Speed Limits - Freeways,Not Applicable,Not Applicable,1,Traffic Citation
40.2164446,-77.086748,"Saturday, October 4, 2025 4:50 PM",Maximum Speed Limits - Freeways,Not Applicable,Not Applicable,1,Traffic Citation
40.2164459,-77.086752,"Friday, April 3, 2026 12:16 PM",Maximum Speed Limits - Freeways,Not Applicable,Not Applicable,1,Traffic Citation
40.2164462,-77.086753,"Sunday, January 18, 2026 12:55 PM",Maximum Speed Limits - Freeways,Not Applicable,Not Applicable,1,Traffic Citation
40.2164486,-77.086762,"Thursday, February 5, 2026 1:39 PM",Maximum Speed Limits - Freeways,Not Applicable,Not Applicable,1,Traffic Citation
40.2164633,-77.086814,"Tuesday, February 17, 2026 11:30 AM",Maximum Speed Limits - Freeways,Not Applicable,Not Applicable,1,Traffic Citation
40.2164898,-77.086538,"Friday, September 19, 2025 6:52 PM",Maximum Speed Limits - Freeways,Not Applicable,Not Applicable,1,Traffic Citation
40.2165401,-77.202692,"Wednesday, July 2, 2025 11:09 AM",Maximum Speed Limits - Freeways,Not Applicable,Not Applicable,1,Traffic Citation
40.2165529,-77.202642,"Wednesday, June 3, 2026 6:18 PM",Maximum Speed Limits - Freeways,Not Applicable,Not Applicable,1,Traffic Citation
40.2166447,-77.202701,"Saturday, April 4, 2026 11:26 AM",Maximum Speed Limits - Freeways,Not Applicable,Not Applicable,1,Traffic Citation
40.2166465,-77.087459,"Monday, September 1, 2025 9:13 AM",Maximum Speed Limits - Freeways,Not Applicable,Not Applicable,1,Traffic Citation
40.2166631,-76.709703,"Friday, February 27, 2026 2:12 PM",Maximum Speed Limits - Freeways,Not Applicable,Not Applicable,1,Traffic Citation
40.2166693,-77.08754,"Saturday, April 11, 2026 12:44 PM",Maximum Speed Limits - Freeways,Not Applicable,Not Applicable,1,Traffic Citation
40.2166878,-77.202533,"Monday, June 15, 2026 11:36 AM",Maximum Speed Limits - Freeways,Not Applicable,Not Applicable,1,Traffic Citation
40.2166935,-77.20251,"Monday, May 4, 2026 9:22 AM",Maximum Speed Limits - Freeways,Not Applicable,Not Applicable,2,Traffic Citation
40.2167182,-76.709726,"Saturday, February 28, 2026 1:21 PM",Maximum Speed Limits - Freeways,Not Applicable,Not Applicable,1,Traffic Citation
40.2167445,-77.087804,"Friday, September 5, 2025 6:35 PM",Maximum Speed Limits - Freeways,Not Applicable,Not Applicable,1,Traffic Citation
40.2167885,-77.202138,"Saturday, July 5, 2025 3:01 PM",Maximum Speed Limits - Freeways,Not Applicable,Not Applicable,1,Traffic Citation
40.2167988,-77.087996,"Saturday, February 21, 2026 11:06 AM",Maximum Speed Limits - Freeways,Not Applicable,Not Applicable,1,Traffic Citation
40.216814,-77.088049,"Saturday, August 23, 2025 5:35 PM",Maximum Speed Limits - Freeways,Not Applicable,Not Applicable,1,Traffic Citation
40.2168152,-77.088053,"Sunday, August 24, 2025 6:36 PM",Maximum Speed Limits - Freeways,Not Applicable,Not Applicable,1,Traffic Citation
40.2168269,-75.912052,"Saturday, April 4, 2026 8:35 AM",Maximum Speed Limits - Freeways,Not Applicable,Not Applicable,1,Traffic Citation
40.2168291,-78.472497,"Tuesday, March 24, 2026 7:49 AM",Maximum Speed Limits - Freeways,Not Applicable,Not Applicable,1,Traffic Citation
40.2168395,-75.912049,"Wednesday, July 16, 2025 9:42 AM",Maximum Speed Limits - Freeways,Not Applicable,Not Applicable,1,Traffic Citation
40.2169455,-77.08802,"Sunday, August 3, 2025 6:10 PM",Maximum Speed Limits - Freeways,Not Applicable,Not Applicable,1,Traffic Citation
40.2169604,-77.088013,"Sunday, August 24, 2025 6:04 PM",Maximum Speed Limits - Freeways,Not Applicable,Not Applicable,1,Traffic Citation
40.2170109,-77.088376,"Wednesday, March 11, 2026 12:53 PM",Maximum Speed Limits - Freeways,Not Applicable,Not Applicable,1,Traffic Citation
40.2170945,-75.327954,"Friday, January 9, 2026 9:27 PM",Maximum Speed Limits - Freeways,Not Applicable,Not Applicable,1,Traffic Citation
40.2171126,-77.200439,"Thursday, November 13, 2025 10:52 AM",Maximum Speed Limits - Freeways,Not Applicable,Not Applicable,1,Traffic Citation
40.2171131,-76.709897,"Saturday, January 3, 2026 11:33 AM",Maximum Speed Limits - Freeways,Not Applicable,Not Applicable,1,Traffic Citation
40.2171419,-77.200757,"Friday, January 9, 2026 10:31 AM",Maximum Speed Limits - Freeways,Not Applicable,Not Applicable,1,Traffic Citation
40.2171446,-76.089316,"Tuesday, September 16, 2025 12:17 AM",Maximum Speed Limits - Freeways,Not Applicable,Not Applicable,1,Traffic Citation
40.2171706,-77.200645,"Tuesday, October 28, 2025 1:43 PM",Maximum Speed Limits - Freeways,Not Applicable,Not Applicable,1,Traffic Citation
40.2171798,-77.200609,"Wednesday, November 12, 2025 5:23 PM",Maximum Speed Limits - Freeways,Not Applicable,Not Applicable,1,Traffic Citation
40.2171866,-77.200582,"Thursday, December 18, 2025 10:58 AM",Maximum Speed Limits - Freeways,Not Applicable,Not Applicable,1,Traffic Citation
40.2171923,-76.709932,"Monday, June 29, 2026 10:49 PM",Maximum Speed Limits - Freeways,Not Applicable,Not Applicable,1,Traffic Citation
40.2171971,-77.200541,"Wednesday, September 3, 2025 11:24 AM",Maximum Speed Limits - Freeways,Not Applicable,Not Applicable,1,Traffic Citation
40.2171989,-77.200534,"Saturday, September 13, 2025 6:02 PM",Maximum Speed Limits - Freeways,Not Applicable,Not Applicable,1,Traffic Citation
40.2172032,-77.200517,"Friday, October 24, 2025 10:35 AM",Maximum Speed Limits - Freeways,Not Applicable,Not Applicable,1,Traffic Citation
40.217205,-77.20051,"Wednesday, June 17, 2026 12:40 PM",Maximum Speed Limits - Freeways,Not Applicable,Not Applicable,1,Traffic Citation
40.2172108,-77.200487,"Monday, September 1, 2025 6:04 PM",Maximum Speed Limits - Freeways,Not Applicable,Not Applicable,1,Traffic Citation
40.2172112,-77.200486,"Friday, September 5, 2025 9:32 AM",Maximum Speed Limits - Freeways,Not Applicable,Not Applicable,1,Traffic Citation
40.2172127,-77.20048,"Saturday, August 16, 2025 10:18 AM",Maximum Speed Limits - Freeways,Not Applicable,Not Applicable,1,Traffic Citation
40.2172136,-77.200476,"Wednesday, July 30, 2025 11:14 AM",Maximum Speed Limits - Freeways,Not Applicable,Not Applicable,1,Traffic Citation
40.2172143,-77.200473,"Saturday, July 5, 2025 11:19 AM",Maximum Speed Limits - Freeways,Not Applicable,Not Applicable,1,Traffic Citation
40.2172171,-77.200463,"Tuesday, November 25, 2025 11:33 AM",Maximum Speed Limits - Freeways,Not Applicable,Not Applicable,1,Traffic Citation
40.2172252,-77.200431,"Monday, October 6, 2025 11:45 AM",Maximum Speed Limits - Freeways,Not Applicable,Not Applicable,1,Traffic Citation
40.2172342,-77.200396,"Thursday, July 10, 2025 10:40 AM",Maximum Speed Limits - Freeways,Not Applicable,Not Applicable,1,Traffic Citation
40.2172391,-77.200377,"Thursday, July 31, 2025 9:36 AM",Maximum Speed Limits - Freeways,Not Applicable,Not Applicable,1,Traffic Citation
40.2172437,-77.200358,"Friday, August 22, 2025 5:43 PM",Maximum Speed Limits - Freeways,Not Applicable,Not Applicable,1,Traffic Citation
40.2172906,-76.709975,"Tuesday, December 16, 2025 5:07 PM",Maximum Speed Limits - Freeways,Not Applicable,Not Applicable,1,Traffic Citation
40.2172934,-75.911925,"Wednesday, August 13, 2025 6:59 AM",Maximum Speed Limits - Freeways,Not Applicable,Not Applicable,1,Traffic Citation
40.2173003,-75.911923,"Friday, January 2, 2026 10:44 AM",Maximum Speed Limits - Freeways,Not Applicable,Not Applicable,1,Traffic Citation
40.2173949,-78.940908,"Monday, September 1, 2025 10:31 AM",Maximum Speed Limits - Freeways,Not Applicable,Not Applicable,1,Traffic Citation
40.2175263,-76.710079,"Sunday, December 28, 2025 7:38 AM",Maximum Speed Limits - Freeways,Not Applicable,Not Applicable,1,Traffic Citation
40.2175587,-76.08908,"Wednesday, October 29, 2025 9:07 PM",Maximum Speed Limits - Freeways,Not Applicable,Not Applicable,1,Traffic Citation
40.2175676,-76.086854,"Tuesday, March 10, 2026 11:10 AM",Maximum Speed Limits - Freeways,Not Applicable,Not Applicable,1,Traffic Citation
40.2176023,-76.087815,"Friday, October 17, 2025 1:06 PM",Maximum Speed Limits - Freeways,Not Applicable,Not Applicable,1,Traffic Citation
40.2176487,-76.710133,"Monday, December 22, 2025 5:37 PM",Maximum Speed Limits - Freeways,Not Applicable,Not Applicable,3,Traffic Citation
40.2176762,-76.086696,"Friday, May 1, 2026 12:11 PM",Maximum Speed Limits - Freeways,Not Applicable,Not Applicable,1,Traffic Citation
40.2176782,-78.472032,"Sunday, May 17, 2026 4:52 PM",Maximum Speed Limits - Freeways,Not Applicable,Not Applicable,1,Traffic Citation
40.2177025,-76.710478,"Wednesday, December 24, 2025 9:37 AM",Maximum Speed Limits - Freeways,Not Applicable,Not Applicable,1,Traffic Citation
40.217706,-75.911821,"Tuesday, August 5, 2025 10:37 AM",Maximum Speed Limits - Freeways,Not Applicable,Not Applicable,2,Traffic Citation
40.2178586,-76.086081,"Tuesday, June 2, 2026 6:14 AM",Maximum Speed Limits - Freeways,Not Applicable,Not Applicable,1,Traffic Citation
40.2179956,-76.786988,"Friday, February 27, 2026 9:40 AM",Maximum Speed Limits - Freeways,Not Applicable,Not Applicable,1,Traffic Citation
40.2181196,-76.086435,"Wednesday, October 29, 2025 11:49 AM",Maximum Speed Limits - Freeways,Not Applicable,Not Applicable,1,Traffic Citation
40.2181331,-76.086376,"Friday, November 14, 2025 10:45 AM",Maximum Speed Limits - Freeways,Not Applicable,Not Applicable,1,Traffic Citation
40.2181516,-76.086297,"Friday, October 17, 2025 11:21 AM",Maximum Speed Limits - Freeways,Not Applicable,Not Applicable,1,Traffic Citation
40.2181632,-76.710364,"Sunday, December 28, 2025 11:00 AM",Maximum Speed Limits - Freeways,Not Applicable,Not Applicable,1,Traffic Citation
40.2182278,-76.71039,"Sunday, December 28, 2025 12:29 PM",Maximum Speed Limits - Freeways,Not Applicable,Not Applicable,1,Traffic Citation
40.2182542,-75.911693,"Wednesday, July 23, 2025 8:27 AM",Maximum Speed Limits - Freeways,Not Applicable,Not Applicable,1,Traffic Citation
40.2183382,-79.984792,"Friday, March 6, 2026 7:18 AM",Maximum Speed Limits - Freeways,Not Applicable,Not Applicable,1,Traffic Citation
40.2185587,-77.194773,"Tuesday, April 14, 2026 10:49 AM",Maximum Speed Limits - Freeways,Not Applicable,Not Applicable,1,Traffic Citation
40.2186004,-79.591753,"Wednesday, December 3, 2025 9:39 AM",Maximum Speed Limits - Freeways,Not Applicable,Not Applicable,1,Traffic Citation
40.2188128,-77.193776,"Saturday, October 11, 2025 12:00 PM",Maximum Speed Limits - Freeways,Not Applicable,Not Applicable,1,Traffic Citation
40.2188423,-76.710636,"Saturday, December 20, 2025 10:12 AM",Maximum Speed Limits - Freeways,Not Applicable,Not Applicable,1,Traffic Citation
40.2188436,-76.082663,"Tuesday, August 26, 2025 11:33 PM",Maximum Speed Limits - Freeways,Not Applicable,Not Applicable,1,Traffic Citation
40.2188847,-75.911583,"Friday, August 29, 2025 10:54 AM",Maximum Speed Limits - Freeways,Not Applicable,Not Applicable,2,Traffic Citation
40.2189253,-76.527201,"Friday, July 18, 2025 5:39 PM",Maximum Speed Limits - Freeways,Not Applicable,Not Applicable,1,Traffic Citation
40.2189963,-77.193596,"Wednesday, November 26, 2025 10:23 AM",Maximum Speed Limits - Freeways,Not Applicable,Not Applicable,1,Traffic Citation
40.2190442,-75.911845,"Sunday, May 24, 2026 2:05 PM",Maximum Speed Limits - Freeways,Not Applicable,Not Applicable,1,Traffic Citation
40.2191666,-75.32886,"Saturday, December 20, 2025 1:27 PM",Maximum Speed Limits - Freeways,Not Applicable,Not Applicable,2,Traffic Citation
40.2191713,-75.911534,"Sunday, November 30, 2025 9:24 PM",Maximum Speed Limits - Freeways,Not Applicable,Not Applicable,1,Traffic Citation
40.2192524,-76.082114,"Saturday, April 4, 2026 2:03 PM",Maximum Speed Limits - Freeways,Not Applicable,Not Applicable,1,Traffic Citation
40.2192938,-77.191891,"Thursday, August 28, 2025 9:00 PM",Maximum Speed Limits - Freeways,Not Applicable,Not Applicable,2,Traffic Citation
40.2193074,-77.191837,"Thursday, February 26, 2026 6:09 PM",Maximum Speed Limits - Freeways,Not Applicable,Not Applicable,1,Traffic Citation
40.2193076,-77.191836,"Friday, July 11, 2025 6:28 PM",Maximum Speed Limits - Freeways,Not Applicable,Not Applicable,1,Traffic Citation
40.2193197,-77.191789,"Wednesday, May 20, 2026 5:53 PM",Maximum Speed Limits - Freeways,Not Applicable,Not Applicable,1,Traffic Citation
40.21934,-77.191709,"Wednesday, June 3, 2026 5:41 PM",Maximum Speed Limits - Freeways,Not Applicable,Not Applicable,1,Traffic Citation
40.219374,-75.911511,"Friday, July 4, 2025 5:25 PM",Maximum Speed Limits - Freeways,Not Applicable,Not Applicable,1,Traffic Citation
40.2193764,-77.191567,"Friday, April 24, 2026 11:36 AM",Maximum Speed Limits - Freeways,Not Applicable,Not Applicable,1,Traffic Citation
40.2193797,-77.191554,"Wednesday, April 22, 2026 4:52 PM",Maximum Speed Limits - Freeways,Not Applicable,Not Applicable,1,Traffic Citation
40.2193973,-77.191487,"Monday, May 25, 2026 5:51 PM",Maximum Speed Limits - Freeways,Not Applicable,Not Applicable,1,Traffic Citation
40.2194,-77.191476,"Tuesday, May 12, 2026 4:21 PM",Maximum Speed Limits - Freeways,Not Applicable,Not Applicable,1,Traffic Citation
40.2194401,-77.191322,"Monday, June 29, 2026 6:40 PM",Maximum Speed Limits - Freeways,Not Applicable,Not Applicable,1,Traffic Citation
40.2194794,-77.191744,"Monday, June 29, 2026 11:12 AM",Maximum Speed Limits - Freeways,Not Applicable,Not Applicable,1,Traffic Citation
40.2194838,-77.191153,"Monday, February 2, 2026 4:27 PM",Maximum Speed Limits - Freeways,Not Applicable,Not Applicable,1,Traffic Citation
40.2195099,-77.19105,"Saturday, May 23, 2026 10:52 AM",Maximum Speed Limits - Freeways,Not Applicable,Not Applicable,1,Traffic Citation
40.2195332,-76.085778,"Friday, May 29, 2026 7:50 AM",Maximum Speed Limits - Freeways,Not Applicable,Not Applicable,1,Traffic Citation
40.2195405,-76.085494,"Friday, September 12, 2025 5:37 PM",Maximum Speed Limits - Freeways,Not Applicable,Not Applicable,1,Traffic Citation
40.2195898,-77.190732,"Tuesday, June 16, 2026 11:40 AM",Maximum Speed Limits - Freeways,Not Applicable,Not Applicable,1,Traffic Citation
40.2197221,-77.190209,"Wednesday, June 10, 2026 10:58 AM",Maximum Speed Limits - Freeways,Not Applicable,Not Applicable,1,Traffic Citation
40.2197247,-77.190199,"Monday, June 15, 2026 10:31 AM",Maximum Speed Limits - Freeways,Not Applicable,Not Applicable,1,Traffic Citation
40.2197378,-77.190149,"Thursday, June 11, 2026 1:17 PM",Maximum Speed Limits - Freeways,Not Applicable,Not Applicable,1,Traffic Citation
40.2197443,-77.189582,"Wednesday, April 22, 2026 6:11 PM",Maximum Speed Limits - Freeways,Not Applicable,Not Applicable,1,Traffic Citation
40.2197487,-77.190108,"Wednesday, March 25, 2026 12:58 PM",Maximum Speed Limits - Freeways,Not Applicable,Not Applicable,1,Traffic Citation
40.2197491,-77.190107,"Monday, February 9, 2026 4:26 PM",Maximum Speed Limits - Freeways,Not Applicable,Not Applicable,1,Traffic Citation
40.2197536,-77.19009,"Sunday, August 31, 2025 6:32 PM",Maximum Speed Limits - Freeways,Not Applicable,Not Applicable,1,Traffic Citation
40.2197619,-77.190058,"Monday, September 1, 2025 5:33 PM",Maximum Speed Limits - Freeways,Not Applicable,Not Applicable,1,Traffic Citation
40.2197694,-77.19003,"Saturday, August 2, 2025 4:17 PM",Maximum Speed Limits - Freeways,Not Applicable,Not Applicable,1,Traffic Citation
40.2197721,-77.189825,"Wednesday, October 1, 2025 5:41 PM",Maximum Speed Limits - Freeways,Not Applicable,Not Applicable,1,Traffic Citation
40.2197731,-77.189852,"Tuesday, May 12, 2026 12:55 PM",Maximum Speed Limits - Freeways,Not Applicable,Not Applicable,1,Traffic Citation
40.2197748,-77.189895,"Thursday, October 23, 2025 2:00 PM",Maximum Speed Limits - Freeways,Not Applicable,Not Applicable,1,Traffic Citation
40.2197749,-77.189899,"Wednesday, August 20, 2025 10:31 AM",Maximum Speed Limits - Freeways,Not Applicable,Not Applicable,1,Traffic Citation
40.2197756,-77.189916,"Friday, April 24, 2026 7:57 PM",Maximum Speed Limits - Freeways,Not Applicable,Not Applicable,1,Traffic Citation
40.2197757,-77.189921,"Friday, August 22, 2025 5:02 PM",Maximum Speed Limits - Freeways,Not Applicable,Not Applicable,1,Traffic Citation
40.2197757,-77.189919,"Wednesday, November 26, 2025 9:39 AM",Maximum Speed Limits - Freeways,Not Applicable,Not Applicable,1,Traffic Citation
40.219776,-77.189928,"Friday, September 5, 2025 11:14 AM",Maximum Speed Limits - Freeways,Not Applicable,Not Applicable,1,Traffic Citation
40.2197764,-77.189938,"Monday, August 25, 2025 12:09 PM",Maximum Speed Limits - Freeways,Not Applicable,Not Applicable,1,Traffic Citation
40.2197775,-77.189967,"Wednesday, February 11, 2026 10:49 AM",Maximum Speed Limits - Freeways,Not Applicable,Not Applicable,2,Traffic Citation
40.2197777,-77.189971,"Wednesday, February 18, 2026 10:47 AM",Maximum Speed Limits - Freeways,Not Applicable,Not Applicable,1,Traffic Citation
40.2197778,-77.189973,"Tuesday, March 10, 2026 5:54 PM",Maximum Speed Limits - Freeways,Not Applicable,Not Applicable,2,Traffic Citation
40.2197781,-77.189982,"Saturday, August 16, 2025 1:18 PM",Maximum Speed Limits - Freeways,Not Applicable,Not Applicable,1,Traffic Citation
40.2197786,-77.189995,"Tuesday, June 30, 2026 6:08 PM",Maximum Speed Limits - Freeways,Not Applicable,Not Applicable,1,Traffic Citation
40.2197994,-77.189911,"Monday, September 22, 2025 5:16 PM",Maximum Speed Limits - Freeways,Not Applicable,Not Applicable,1,Traffic Citation
40.2198038,-76.079362,"Thursday, July 3, 2025 11:59 AM",Maximum Speed Limits - Freeways,Not Applicable,Not Applicable,1,Traffic Citation
40.2198215,-77.189823,"Monday, February 16, 2026 5:24 PM",Maximum Speed Limits - Freeways,Not Applicable,Not Applicable,1,Traffic Citation
40.2198266,-77.189803,"Tuesday, January 27, 2026 4:50 PM",Maximum Speed Limits - Freeways,Not Applicable,Not Applicable,1,Traffic Citation
40.2199265,-75.329311,"Tuesday, June 30, 2026 2:16 PM",Maximum Speed Limits - Freeways,Not Applicable,Not Applicable,2,Traffic Citation
40.2199424,-77.189948,"Friday, August 1, 2025 8:25 PM",Maximum Speed Limits - Freeways,Not Applicable,Not Applicable,1,Traffic Citation
40.2199852,-77.189167,"Saturday, August 9, 2025 9:25 AM",Maximum Speed Limits - Freeways,Not Applicable,Not Applicable,1,Traffic Citation
40.2199956,-77.189124,"Monday, December 15, 2025 12:12 PM",Maximum Speed Limits - Freeways,Not Applicable,Not Applicable,1,Traffic Citation
40.2199981,-77.189115,"Friday, November 28, 2025 1:19 PM",Maximum Speed Limits - Freeways,Not Applicable,Not Applicable,4,Traffic Citation
40.2200142,-77.189052,"Thursday, July 3, 2025 5:00 PM",Maximum Speed Limits - Freeways,Not Applicable,Not Applicable,2,Traffic Citation
40.2200182,-77.189036,"Friday, July 25, 2025 12:44 PM",Maximum Speed Limits - Freeways,Not Applicable,Not Applicable,3,Traffic Citation
40.2200225,-77.189636,"Monday, September 8, 2025 9:12 AM",Maximum Speed Limits - Freeways,Not Applicable,Not Applicable,1,Traffic Citation
40.2200397,-77.188952,"Thursday, July 3, 2025 5:32 PM",Maximum Speed Limits - Freeways,Not Applicable,Not Applicable,2,Traffic Citation
40.2200468,-76.711144,"Sunday, December 28, 2025 10:09 AM",Maximum Speed Limits - Freeways,Not Applicable,Not Applicable,1,Traffic Citation
40.2200514,-77.188907,"Friday, July 11, 2025 11:30 AM",Maximum Speed Limits - Freeways,Not Applicable,Not Applicable,2,Traffic Citation
40.2200523,-77.188903,"Wednesday, July 2, 2025 11:00 AM",Maximum Speed Limits - Freeways,Not Applicable,Not Applicable,2,Traffic Citation
40.2200555,-77.188891,"Thursday, July 3, 2025 4:23 PM",Maximum Speed Limits - Freeways,Not Applicable,Not Applicable,2,Traffic Citation
40.2200642,-77.188857,"Monday, September 15, 2025 12:05 PM",Maximum Speed Limits - Freeways,Not Applicable,Not Applicable,1,Traffic Citation
40.2201692,-79.98524,"Thursday, September 18, 2025 9:11 AM",Maximum Speed Limits - Freeways,Not Applicable,Not Applicable,1,Traffic Citation
40.2201932,-75.32947,"Tuesday, June 2, 2026 5:32 PM",Maximum Speed Limits - Freeways,Not Applicable,Not Applicable,1,Traffic Citation
40.2203927,-77.149995,"Saturday, November 1, 2025 8:30 AM",Maximum Speed Limits - Freeways,Not Applicable,Not Applicable,1,Traffic Citation
40.2204515,-76.077968,"Sunday, March 1, 2026 7:58 PM",Maximum Speed Limits - Freeways,Not Applicable,Not Applicable,1,Traffic Citation
40.2207497,-76.711552,"Wednesday, December 10, 2025 10:59 AM",Maximum Speed Limits - Freeways,Not Applicable,Not Applicable,1,Traffic Citation
40.2207767,-76.075989,"Thursday, August 21, 2025 8:50 AM",Maximum Speed Limits - Freeways,Not Applicable,Not Applicable,1,Traffic Citation
40.2208366,-76.088614,"Thursday, July 3, 2025 10:32 AM",Maximum Speed Limits - Freeways,Not Applicable,Not Applicable,1,Traffic Citation
40.220869,-76.075669,"Friday, May 8, 2026 11:23 AM",Maximum Speed Limits - Freeways,Not Applicable,Not Applicable,1,Traffic Citation
40.220891,-75.911388,"Wednesday, July 23, 2025 8:06 AM",Maximum Speed Limits - Freeways,Not Applicable,Not Applicable,1,Traffic Citation
40.2209186,-77.185526,"Tuesday, December 16, 2025 12:05 PM",Maximum Speed Limits - Freeways,Not Applicable,Not Applicable,1,Traffic Citation
40.220941,-77.147862,"Monday, July 21, 2025 12:27 AM",Maximum Speed Limits - Freeways,Not Applicable,Not Applicable,1,Traffic Citation
40.2209441,-76.711686,"Wednesday, December 10, 2025 10:44 AM",Maximum Speed Limits - Freeways,Not Applicable,Not Applicable,1,Traffic Citation
40.2209901,-76.711719,"Friday, May 22, 2026 11:51 AM",Maximum Speed Limits - Freeways,Not Applicable,Not Applicable,1,Traffic Citation
40.2210112,-76.08895,"Wednesday, September 10, 2025 5:53 PM",Maximum Speed Limits - Freeways,Not Applicable,Not Applicable,1,Traffic Citation
40.2210552,-76.07587,"Tuesday, March 10, 2026 11:31 AM",Maximum Speed Limits - Freeways,Not Applicable,Not Applicable,2,Traffic Citation
40.2211687,-76.089664,"Tuesday, July 29, 2025 7:44 AM",Maximum Speed Limits - Freeways,Not Applicable,Not Applicable,1,Traffic Citation
40.2212178,-76.075304,"Sunday, February 15, 2026 10:31 AM",Maximum Speed Limits - Freeways,Not Applicable,Not Applicable,1,Traffic Citation
40.2212916,-76.074206,"Tuesday, April 14, 2026 8:07 AM",Maximum Speed Limits - Freeways,Not Applicable,Not Applicable,1,Traffic Citation
40.2213037,-76.075005,"Friday, October 10, 2025 9:56 AM",Maximum Speed Limits - Freeways,Not Applicable,Not Applicable,1,Traffic Citation
40.2213303,-76.089768,"Sunday, May 10, 2026 9:02 PM",Maximum Speed Limits - Freeways,Not Applicable,Not Applicable,1,Traffic Citation
40.2213742,-76.07476,"Thursday, October 9, 2025 3:04 AM",Maximum Speed Limits - Freeways,Not Applicable,Not Applicable,1,Traffic Citation
40.2215811,-76.712196,"Wednesday, December 10, 2025 11:26 AM",Maximum Speed Limits - Freeways,Not Applicable,Not Applicable,1,Traffic Citation
40.2216182,-76.712227,"Wednesday, December 24, 2025 8:45 AM",Maximum Speed Limits - Freeways,Not Applicable,Not Applicable,1,Traffic Citation
40.2216212,-75.911665,"Wednesday, November 26, 2025 8:22 PM",Maximum Speed Limits - Freeways,Not Applicable,Not Applicable,1,Traffic Citation
40.2216497,-76.712258,"Wednesday, December 24, 2025 6:37 AM",Maximum Speed Limits - Freeways,Not Applicable,Not Applicable,1,Traffic Citation
40.2217141,-76.090668,"Wednesday, January 7, 2026 10:30 AM",Maximum Speed Limits - Freeways,Not Applicable,Not Applicable,1,Traffic Citation
40.2217142,-76.712321,"Saturday, February 28, 2026 12:08 PM",Maximum Speed Limits - Freeways,Not Applicable,Not Applicable,1,Traffic Citation
40.2217448,-76.090497,"Friday, July 11, 2025 9:06 AM",Maximum Speed Limits - Freeways,Not Applicable,Not Applicable,1,Traffic Citation
40.2217553,-76.090764,"Monday, June 15, 2026 6:00 PM",Maximum Speed Limits - Freeways,Not Applicable,Not Applicable,1,Traffic Citation
40.2218192,-76.712424,"Monday, December 1, 2025 8:56 PM",Maximum Speed Limits - Freeways,Not Applicable,Not Applicable,1,Traffic Citation
40.2219871,-75.911391,"Saturday, July 5, 2025 10:00 AM",Maximum Speed Limits - Freeways,Not Applicable,Not Applicable,3,Traffic Citation
40.2219872,-75.911391,"Saturday, July 5, 2025 9:23 AM",Maximum Speed Limits - Freeways,Not Applicable,Not Applicable,1,Traffic Citation
40.2220974,-76.07225,"Friday, July 25, 2025 10:29 AM",Maximum Speed Limits - Freeways,Not Applicable,Not Applicable,1,Traffic Citation
40.2223996,-76.071206,"Tuesday, March 10, 2026 12:26 PM",Maximum Speed Limits - Freeways,Not Applicable,Not Applicable,1,Traffic Citation
40.2224131,-76.071159,"Saturday, April 4, 2026 3:24 PM",Maximum Speed Limits - Freeways,Not Applicable,Not Applicable,1,Traffic Citation
40.2224235,-76.071123,"Tuesday, May 12, 2026 7:26 PM",Maximum Speed Limits - Freeways,Not Applicable,Not Applicable,1,Traffic Citation
40.2224701,-77.107633,"Saturday, October 4, 2025 9:17 AM",Maximum Speed Limits - Freeways,Not Applicable,Not Applicable,1,Traffic Citation
40.2224732,-76.07095,"Friday, November 14, 2025 11:27 AM",Maximum Speed Limits - Freeways,Not Applicable,Not Applicable,1,Traffic Citation
40.2225232,-76.070776,"Wednesday, October 29, 2025 10:49 AM",Maximum Speed Limits - Freeways,Not Applicable,Not Applicable,1,Traffic Citation
40.2225289,-76.070756,"Friday, May 1, 2026 11:07 AM",Maximum Speed Limits - Freeways,Not Applicable,Not Applicable,1,Traffic Citation
40.2225419,-76.713336,"Saturday, April 4, 2026 6:33 PM",Maximum Speed Limits - Freeways,Not Applicable,Not Applicable,1,Traffic Citation
40.2226074,-76.713429,"Saturday, February 28, 2026 2:15 PM",Maximum Speed Limits - Freeways,Not Applicable,Not Applicable,1,Traffic Citation
40.2226217,-76.070434,"Tuesday, May 12, 2026 12:07 PM",Maximum Speed Limits - Freeways,Not Applicable,Not Applicable,1,Traffic Citation
40.2226248,-76.070423,"Tuesday, November 4, 2025 12:19 PM",Maximum Speed Limits - Freeways,Not Applicable,Not Applicable,1,Traffic Citation
40.222626,-76.070419,"Tuesday, July 15, 2025 10:10 AM",Maximum Speed Limits - Freeways,Not Applicable,Not Applicable,1,Traffic Citation
40.2226264,-76.069573,"Tuesday, April 14, 2026 6:55 AM",Maximum Speed Limits - Freeways,Not Applicable,Not Applicable,1,Traffic Citation
40.2226425,-76.070362,"Wednesday, August 27, 2025 12:10 PM",Maximum Speed Limits - Freeways,Not Applicable,Not Applicable,1,Traffic Citation
40.2226945,-76.069337,"Wednesday, December 17, 2025 11:56 AM",Maximum Speed Limits - Freeways,Not Applicable,Not Applicable,1,Traffic Citation
40.222725,-76.070075,"Monday, March 30, 2026 3:57 PM",Maximum Speed Limits - Freeways,Not Applicable,Not Applicable,1,Traffic Citation
40.2227603,-76.069953,"Tuesday, July 15, 2025 11:25 AM",Maximum Speed Limits - Freeways,Not Applicable,Not Applicable,1,Traffic Citation
40.2227713,-76.069914,"Friday, October 10, 2025 11:34 AM",Maximum Speed Limits - Freeways,Not Applicable,Not Applicable,1,Traffic Citation
40.2227734,-76.069907,"Friday, October 31, 2025 10:47 AM",Maximum Speed Limits - Freeways,Not Applicable,Not Applicable,1,Traffic Citation
40.2227755,-76.0699,"Friday, November 14, 2025 10:27 AM",Maximum Speed Limits - Freeways,Not Applicable,Not Applicable,1,Traffic Citation
40.2227897,-76.06985,"Thursday, August 21, 2025 10:14 AM",Maximum Speed Limits - Freeways,Not Applicable,Not Applicable,1,Traffic Citation
40.2227996,-76.069816,"Friday, October 17, 2025 12:52 PM",Maximum Speed Limits - Freeways,Not Applicable,Not Applicable,1,Traffic Citation
40.2228177,-76.069753,"Friday, February 27, 2026 9:21 AM",Maximum Speed Limits - Freeways,Not Applicable,Not Applicable,1,Traffic Citation
40.2228263,-76.069723,"Friday, July 25, 2025 11:28 AM",Maximum Speed Limits - Freeways,Not Applicable,Not Applicable,1,Traffic Citation
40.2228325,-76.069702,"Sunday, February 15, 2026 9:51 AM",Maximum Speed Limits - Freeways,Not Applicable,Not Applicable,1,Traffic Citation
40.2228336,-76.069698,"Monday, March 30, 2026 6:37 PM",Maximum Speed Limits - Freeways,Not Applicable,Not Applicable,1,Traffic Citation
40.2228373,-76.069685,"Tuesday, May 12, 2026 8:13 PM",Maximum Speed Limits - Freeways,Not Applicable,Not Applicable,1,Traffic Citation
40.2228378,-75.91173,"Friday, April 3, 2026 5:09 PM",Maximum Speed Limits - Freeways,Not Applicable,Not Applicable,2,Traffic Citation
40.2228455,-76.069657,"Thursday, August 21, 2025 9:23 AM",Maximum Speed Limits - Freeways,Not Applicable,Not Applicable,2,Traffic Citation
40.222862,-76.069599,"Tuesday, May 12, 2026 4:20 PM",Maximum Speed Limits - Freeways,Not Applicable,Not Applicable,1,Traffic Citation
40.2228673,-76.069581,"Tuesday, June 2, 2026 8:49 AM",Maximum Speed Limits - Freeways,Not Applicable,Not Applicable,2,Traffic Citation
40.2228839,-76.069523,"Wednesday, October 29, 2025 11:22 AM",Maximum Speed Limits - Freeways,Not Applicable,Not Applicable,1,Traffic Citation
40.2228852,-76.069518,"Wednesday, December 17, 2025 11:05 AM",Maximum Speed Limits - Freeways,Not Applicable,Not Applicable,1,Traffic Citation
40.2228927,-76.069492,"Tuesday, May 12, 2026 4:56 PM",Maximum Speed Limits - Freeways,Not Applicable,Not Applicable,1,Traffic Citation
40.2229313,-76.069359,"Thursday, January 22, 2026 1:03 PM",Maximum Speed Limits - Freeways,Not Applicable,Not Applicable,1,Traffic Citation
40.2229319,-78.46915,"Tuesday, June 9, 2026 12:21 PM",Maximum Speed Limits - Freeways,Not Applicable,Not Applicable,1,Traffic Citation
40.2229419,-76.069322,"Sunday, February 15, 2026 11:22 AM",Maximum Speed Limits - Freeways,Not Applicable,Not Applicable,1,Traffic Citation
40.2229711,-76.06922,"Friday, May 1, 2026 11:53 AM",Maximum Speed Limits - Freeways,Not Applicable,Not Applicable,1,Traffic Citation
40.2229801,-76.069189,"Friday, May 8, 2026 9:37 AM",Maximum Speed Limits - Freeways,Not Applicable,Not Applicable,1,Traffic Citation
40.2229906,-75.911455,"Wednesday, July 16, 2025 11:16 AM",Maximum Speed Limits - Freeways,Not Applicable,Not Applicable,2,Traffic Citation
40.2230415,-76.416642,"Friday, December 19, 2025 11:40 AM",Maximum Speed Limits - Freeways,Not Applicable,Not Applicable,1,Traffic Citation
40.2230473,-76.068955,"Tuesday, May 12, 2026 4:17 PM",Maximum Speed Limits - Freeways,Not Applicable,Not Applicable,1,Traffic Citation
40.2230634,-76.0689,"Saturday, April 4, 2026 2:21 PM",Maximum Speed Limits - Freeways,Not Applicable,Not Applicable,1,Traffic Citation
40.2231921,-76.068453,"Friday, September 12, 2025 1:27 AM",Maximum Speed Limits - Freeways,Not Applicable,Not Applicable,1,Traffic Citation
40.2231955,-76.067597,"Friday, May 1, 2026 10:36 AM",Maximum Speed Limits - Freeways,Not Applicable,Not Applicable,1,Traffic Citation
40.2232948,-76.067247,"Thursday, August 21, 2025 9:12 AM",Maximum Speed Limits - Freeways,Not Applicable,Not Applicable,1,Traffic Citation
40.2233529,-76.067894,"Sunday, May 24, 2026 10:40 AM",Maximum Speed Limits - Freeways,Not Applicable,Not Applicable,1,Traffic Citation
40.2233791,-77.111224,"Sunday, April 26, 2026 6:33 PM",Maximum Speed Limits - Freeways,Not Applicable,Not Applicable,1,Traffic Citation
40.2233919,-76.714618,"Wednesday, December 24, 2025 7:00 AM",Maximum Speed Limits - Freeways,Not Applicable,Not Applicable,1,Traffic Citation
40.2234359,-76.095127,"Friday, October 10, 2025 4:26 PM",Maximum Speed Limits - Freeways,Not Applicable,Not Applicable,1,Traffic Citation
40.223504,-76.06651,"Tuesday, April 14, 2026 10:09 AM",Maximum Speed Limits - Freeways,Not Applicable,Not Applicable,1,Traffic Citation
40.2238041,-78.468671,"Saturday, June 6, 2026 10:13 AM",Maximum Speed Limits - Freeways,Not Applicable,Not Applicable,1,Traffic Citation
40.2238186,-76.715783,"Friday, June 19, 2026 3:56 AM",Maximum Speed Limits - Freeways,Not Applicable,Not Applicable,1,Traffic Citation
40.223831,-76.715825,"Friday, August 29, 2025 12:32 PM",Maximum Speed Limits - Freeways,Not Applicable,Not Applicable,1,Traffic Citation
40.2238673,-79.985219,"Saturday, November 15, 2025 11:27 AM",Maximum Speed Limits - Freeways,Not Applicable,Not Applicable,1,Traffic Citation
40.2239486,-78.468592,"Saturday, June 20, 2026 5:18 PM",Maximum Speed Limits - Freeways,Not Applicable,Not Applicable,1,Traffic Citation
40.2239651,-76.716297,"Wednesday, December 31, 2025 9:47 AM",Maximum Speed Limits - Freeways,Not Applicable,Not Applicable,1,Traffic Citation
40.2239846,-76.064816,"Wednesday, August 27, 2025 11:00 AM",Maximum Speed Limits - Freeways,Not Applicable,Not Applicable,1,Traffic Citation
40.2240121,-76.716494,"Friday, April 10, 2026 12:19 PM",Maximum Speed Limits - Freeways,Not Applicable,Not Applicable,1,Traffic Citation
40.2240453,-75.911595,"Wednesday, August 13, 2025 7:08 AM",Maximum Speed Limits - Freeways,Not Applicable,Not Applicable,1,Traffic Citation
40.2240698,-76.064515,"Friday, October 31, 2025 10:14 AM",Maximum Speed Limits - Freeways,Not Applicable,Not Applicable,2,Traffic Citation
40.2240902,-76.716852,"Monday, June 29, 2026 10:20 PM",Maximum Speed Limits - Freeways,Not Applicable,Not Applicable,2,Traffic Citation
40.2242222,-76.407515,"Monday, June 1, 2026 9:09 PM",Maximum Speed Limits - Freeways,Not Applicable,Not Applicable,1,Traffic Citation
40.2242295,-76.063967,"Tuesday, May 12, 2026 3:57 PM",Maximum Speed Limits - Freeways,Not Applicable,Not Applicable,1,Traffic Citation
40.224252,-76.063891,"Monday, August 11, 2025 11:54 AM",Maximum Speed Limits - Freeways,Not Applicable,Not Applicable,1,Traffic Citation
40.2242825,-76.771485,"Sunday, May 17, 2026 5:29 AM",Maximum Speed Limits - Freeways,Not Applicable,Not Applicable,1,Traffic Citation
40.2244008,-76.063385,"Monday, March 30, 2026 4:25 PM",Maximum Speed Limits - Freeways,Not Applicable,Not Applicable,1,Traffic Citation
40.2245133,-75.911679,"Tuesday, May 19, 2026 5:09 PM",Maximum Speed Limits - Freeways,Not Applicable,Not Applicable,2,Traffic Citation
40.2245173,-76.769446,"Saturday, December 13, 2025 6:56 AM",Maximum Speed Limits - Freeways,Not Applicable,Not Applicable,1,Traffic Citation
40.224539,-76.063741,"Tuesday, March 10, 2026 11:00 AM",Maximum Speed Limits - Freeways,Not Applicable,Not Applicable,1,Traffic Citation
40.2245418,-76.769237,"Friday, January 2, 2026 10:08 PM",Maximum Speed Limits - Freeways,Not Applicable,Not Applicable,1,Traffic Citation
40.2245439,-76.062899,"Thursday, January 22, 2026 10:35 AM",Maximum Speed Limits - Freeways,Not Applicable,Not Applicable,1,Traffic Citation
40.224545,-76.405363,"Thursday, July 10, 2025 9:39 AM",Maximum Speed Limits - Freeways,Not Applicable,Not Applicable,1,Traffic Citation
40.2245637,-76.063658,"Wednesday, March 25, 2026 2:06 PM",Maximum Speed Limits - Freeways,Not Applicable,Not Applicable,1,Traffic Citation
40.2245864,-76.405732,"Friday, February 13, 2026 10:39 AM",Maximum Speed Limits - Freeways,Not Applicable,Not Applicable,1,Traffic Citation
40.224603,-76.062698,"Monday, March 30, 2026 3:43 PM",Maximum Speed Limits - Freeways,Not Applicable,Not Applicable,1,Traffic Citation
40.2246232,-75.911702,"Monday, December 1, 2025 9:47 AM",Maximum Speed Limits - Freeways,Not Applicable,Not Applicable,1,Traffic Citation
40.2246319,-75.911704,"Friday, January 2, 2026 11:20 AM",Maximum Speed Limits - Freeways,Not Applicable,Not Applicable,1,Traffic Citation
40.2246323,-75.911704,"Wednesday, August 13, 2025 7:52 AM",Maximum Speed Limits - Freeways,Not Applicable,Not Applicable,1,Traffic Citation
40.2246764,-76.063277,"Tuesday, March 10, 2026 12:17 PM",Maximum Speed Limits - Freeways,Not Applicable,Not Applicable,1,Traffic Citation
40.2246876,-76.062411,"Friday, November 14, 2025 10:58 AM",Maximum Speed Limits - Freeways,Not Applicable,Not Applicable,1,Traffic Citation
40.2247376,-77.170533,"Thursday, June 11, 2026 2:00 PM",Maximum Speed Limits - Freeways,Not Applicable,Not Applicable,1,Traffic Citation
40.2247568,-75.91173,"Friday, August 29, 2025 8:39 AM",Maximum Speed Limits - Freeways,Not Applicable,Not Applicable,1,Traffic Citation
40.2247757,-76.062112,"Wednesday, October 29, 2025 10:33 AM",Maximum Speed Limits - Freeways,Not Applicable,Not Applicable,1,Traffic Citation
40.224791,-76.721662,"Monday, December 8, 2025 12:09 PM",Maximum Speed Limits - Freeways,Not Applicable,Not Applicable,1,Traffic Citation
40.2251041,-75.911808,"Tuesday, October 21, 2025 8:47 AM",Maximum Speed Limits - Freeways,Not Applicable,Not Applicable,1,Traffic Citation
40.2251457,-76.762158,"Saturday, December 27, 2025 4:46 PM",Maximum Speed Limits - Freeways,Not Applicable,Not Applicable,1,Traffic Citation
40.2251507,-76.060838,"Sunday, February 15, 2026 10:07 AM",Maximum Speed Limits - Freeways,Not Applicable,Not Applicable,1,Traffic Citation
40.2251508,-76.060838,"Tuesday, July 15, 2025 9:29 AM",Maximum Speed Limits - Freeways,Not Applicable,Not Applicable,1,Traffic Citation
40.2251549,-76.722408,"Thursday, July 10, 2025 8:46 PM",Maximum Speed Limits - Freeways,Not Applicable,Not Applicable,1,Traffic Citation
40.22521,-76.722692,"Friday, May 15, 2026 4:12 AM",Maximum Speed Limits - Freeways,Not Applicable,Not Applicable,2,Traffic Citation
40.2252134,-75.911833,"Tuesday, September 23, 2025 9:35 AM",Maximum Speed Limits - Freeways,Not Applicable,Not Applicable,1,Traffic Citation
40.2252431,-76.722862,"Thursday, May 21, 2026 2:57 AM",Maximum Speed Limits - Freeways,Not Applicable,Not Applicable,1,Traffic Citation
40.2252507,-76.722901,"Monday, December 22, 2025 9:32 AM",Maximum Speed Limits - Freeways,Not Applicable,Not Applicable,1,Traffic Citation
40.2252715,-75.911847,"Sunday, July 13, 2025 6:35 PM",Maximum Speed Limits - Freeways,Not Applicable,Not Applicable,1,Traffic Citation
40.2252826,-76.76045,"Friday, May 15, 2026 5:16 AM",Maximum Speed Limits - Freeways,Not Applicable,Not Applicable,2,Traffic Citation
40.225321,-76.723256,"Saturday, April 4, 2026 9:24 PM",Maximum Speed Limits - Freeways,Not Applicable,Not Applicable,1,Traffic Citation
40.2253465,-75.33243,"Wednesday, February 25, 2026 6:13 PM",Maximum Speed Limits - Freeways,Not Applicable,Not Applicable,1,Traffic Citation
40.2254938,-76.059693,"Monday, August 11, 2025 11:10 AM",Maximum Speed Limits - Freeways,Not Applicable,Not Applicable,1,Traffic Citation
40.2255696,-76.756971,"Wednesday, December 24, 2025 9:48 AM",Maximum Speed Limits - Freeways,Not Applicable,Not Applicable,1,Traffic Citation
40.2255742,-76.756912,"Friday, August 1, 2025 8:41 PM",Maximum Speed Limits - Freeways,Not Applicable,Not Applicable,1,Traffic Citation
40.2257664,-76.751627,"Wednesday, December 10, 2025 10:07 AM",Maximum Speed Limits - Freeways,Not Applicable,Not Applicable,1,Traffic Citation
40.2258126,-75.912278,"Monday, May 25, 2026 4:24 PM",Maximum Speed Limits - Freeways,Not Applicable,Not Applicable,1,Traffic Citation
40.2258286,-76.753797,"Wednesday, March 25, 2026 9:51 PM",Maximum Speed Limits - Freeways,Not Applicable,Not Applicable,1,Traffic Citation
40.2258287,-76.105177,"Saturday, August 30, 2025 2:44 PM",Maximum Speed Limits - Freeways,Not Applicable,Not Applicable,2,Traffic Citation
40.2258498,-76.75355,"Wednesday, December 3, 2025 12:28 AM",Maximum Speed Limits - Freeways,Not Applicable,Not Applicable,1,Traffic Citation
40.226119,-76.395528,"Tuesday, June 2, 2026 8:10 AM",Maximum Speed Limits - Freeways,Not Applicable,Not Applicable,1,Traffic Citation
40.2261468,-76.057859,"Tuesday, May 12, 2026 7:42 PM",Maximum Speed Limits - Freeways,Not Applicable,Not Applicable,2,Traffic Citation
40.226157,-79.985396,"Monday, May 18, 2026 7:01 AM",Maximum Speed Limits - Freeways,Not Applicable,Not Applicable,2,Traffic Citation
40.22632,-75.912425,"Friday, August 29, 2025 8:58 AM",Maximum Speed Limits - Freeways,Not Applicable,Not Applicable,2,Traffic Citation
40.2263408,-75.912432,"Saturday, August 30, 2025 2:22 PM",Maximum Speed Limits - Freeways,Not Applicable,Not Applicable,1,Traffic Citation
40.2263921,-76.508698,"Monday, June 1, 2026 8:19 PM",Maximum Speed Limits - Freeways,Not Applicable,Not Applicable,1,Traffic Citation
40.2264185,-76.393523,"Monday, August 4, 2025 6:50 PM",Maximum Speed Limits - Freeways,Not Applicable,Not Applicable,1,Traffic Citation
40.2265428,-75.912109,"Tuesday, October 7, 2025 9:47 AM",Maximum Speed Limits - Freeways,Not Applicable,Not Applicable,1,Traffic Citation
40.226617,-76.481558,"Saturday, March 7, 2026 8:18 PM",Maximum Speed Limits - Freeways,Not Applicable,Not Applicable,1,Traffic Citation
40.2266724,-76.506759,"Wednesday, February 11, 2026 11:13 AM",Maximum Speed Limits - Freeways,Not Applicable,Not Applicable,1,Traffic Citation
40.2267062,-76.729912,"Monday, October 13, 2025 6:00 AM",Maximum Speed Limits - Freeways,Not Applicable,Not Applicable,1,Traffic Citation
40.2267173,-76.506286,"Wednesday, July 9, 2025 9:27 AM",Maximum Speed Limits - Freeways,Not Applicable,Not Applicable,1,Traffic Citation
40.2268201,-76.732179,"Friday, August 22, 2025 4:40 PM",Maximum Speed Limits - Freeways,Not Applicable,Not Applicable,1,Traffic Citation
40.226945,-76.739978,"Saturday, January 3, 2026 1:04 PM",Maximum Speed Limits - Freeways,Not Applicable,Not Applicable,1,Traffic Citation
40.2270006,-76.385808,"Wednesday, November 5, 2025 12:51 PM",Maximum Speed Limits - Freeways,Not Applicable,Not Applicable,1,Traffic Citation
40.2270227,-76.735721,"Monday, February 9, 2026 7:52 PM",Maximum Speed Limits - Freeways,Not Applicable,Not Applicable,1,Traffic Citation
40.227096,-76.502252,"Sunday, February 8, 2026 5:47 PM",Maximum Speed Limits - Freeways,Not Applicable,Not Applicable,1,Traffic Citation
40.2271583,-76.383008,"Sunday, February 8, 2026 9:36 PM",Maximum Speed Limits - Freeways,Not Applicable,Not Applicable,2,Traffic Citation
40.2271759,-76.382703,"Thursday, July 10, 2025 2:31 PM",Maximum Speed Limits - Freeways,Not Applicable,Not Applicable,1,Traffic Citation
40.2272963,-76.499095,"Wednesday, June 10, 2026 7:54 AM",Maximum Speed Limits - Freeways,Not Applicable,Not Applicable,1,Traffic Citation
40.2272991,-75.912727,"Thursday, July 3, 2025 1:57 PM",Maximum Speed Limits - Freeways,Not Applicable,Not Applicable,2,Traffic Citation
40.2273413,-76.379811,"Wednesday, October 29, 2025 7:31 PM",Maximum Speed Limits - Freeways,Not Applicable,Not Applicable,1,Traffic Citation
40.227482,-76.055083,"Wednesday, March 25, 2026 1:53 PM",Maximum Speed Limits - Freeways,Not Applicable,Not Applicable,1,Traffic Citation
40.2275048,-77.127554,"Thursday, October 30, 2025 10:47 AM",Maximum Speed Limits - Freeways,Not Applicable,Not Applicable,1,Traffic Citation
40.2275212,-76.37661,"Monday, May 25, 2026 11:30 AM",Maximum Speed Limits - Freeways,Not Applicable,Not Applicable,2,Traffic Citation
40.2275338,-76.376385,"Sunday, July 13, 2025 8:34 PM",Maximum Speed Limits - Freeways,Not Applicable,Not Applicable,2,Traffic Citation
40.2275465,-76.055476,"Tuesday, March 24, 2026 8:01 AM",Maximum Speed Limits - Freeways,Not Applicable,Not Applicable,1,Traffic Citation
40.2275803,-76.055417,"Tuesday, March 24, 2026 9:45 AM",Maximum Speed Limits - Freeways,Not Applicable,Not Applicable,1,Traffic Citation
40.2276141,-76.055358,"Wednesday, August 27, 2025 6:35 AM",Maximum Speed Limits - Freeways,Not Applicable,Not Applicable,1,Traffic Citation
40.2276226,-76.055344,"Wednesday, November 26, 2025 3:02 PM",Maximum Speed Limits - Freeways,Not Applicable,Not Applicable,1,Traffic Citation
40.2276671,-76.37575,"Tuesday, July 29, 2025 6:24 PM",Maximum Speed Limits - Freeways,Not Applicable,Not Applicable,1,Traffic Citation
40.2276904,-76.055225,"Wednesday, November 26, 2025 1:51 PM",Maximum Speed Limits - Freeways,Not Applicable,Not Applicable,1,Traffic Citation
40.2277241,-76.055167,"Tuesday, May 12, 2026 6:03 PM",Maximum Speed Limits - Freeways,Not Applicable,Not Applicable,1,Traffic Citation
40.2278069,-76.055034,"Wednesday, November 26, 2025 11:52 AM",Maximum Speed Limits - Freeways,Not Applicable,Not Applicable,2,Traffic Citation
40.2278147,-75.912593,"Thursday, April 16, 2026 8:00 PM",Maximum Speed Limits - Freeways,Not Applicable,Not Applicable,1,Traffic Citation
40.2278247,-76.054817,"Wednesday, June 3, 2026 8:52 AM",Maximum Speed Limits - Freeways,Not Applicable,Not Applicable,3,Traffic Citation
40.2278264,-76.055003,"Wednesday, April 8, 2026 12:08 PM",Maximum Speed Limits - Freeways,Not Applicable,Not Applicable,1,Traffic Citation
40.2278279,-75.912596,"Tuesday, February 24, 2026 8:08 AM",Maximum Speed Limits - Freeways,Not Applicable,Not Applicable,2,Traffic Citation
40.2278318,-76.494346,"Thursday, May 28, 2026 7:29 PM",Maximum Speed Limits - Freeways,Not Applicable,Not Applicable,1,Traffic Citation
40.227862,-76.054946,"Monday, March 9, 2026 10:49 AM",Maximum Speed Limits - Freeways,Not Applicable,Not Applicable,1,Traffic Citation
40.2278962,-75.333931,"Tuesday, August 19, 2025 3:35 PM",Maximum Speed Limits - Freeways,Not Applicable,Not Applicable,1,Traffic Citation
40.2282486,-76.054327,"Thursday, May 7, 2026 7:41 PM",Maximum Speed Limits - Freeways,Not Applicable,Not Applicable,1,Traffic Citation
40.2282706,-76.455338,"Sunday, January 4, 2026 12:05 PM",Maximum Speed Limits - Freeways,Not Applicable,Not Applicable,1,Traffic Citation
40.2282707,-76.455316,"Sunday, July 6, 2025 3:30 PM",Maximum Speed Limits - Freeways,Not Applicable,Not Applicable,1,Traffic Citation
40.2283563,-75.912754,"Wednesday, May 27, 2026 8:30 AM",Maximum Speed Limits - Freeways,Not Applicable,Not Applicable,1,Traffic Citation
40.228359,-76.054156,"Saturday, August 9, 2025 7:26 PM",Maximum Speed Limits - Freeways,Not Applicable,Not Applicable,1,Traffic Citation
40.2283755,-76.455279,"Wednesday, April 1, 2026 1:54 AM",Maximum Speed Limits - Freeways,Not Applicable,Not Applicable,1,Traffic Citation
40.2283758,-76.455163,"Thursday, August 28, 2025 10:41 AM",Maximum Speed Limits - Freeways,Not Applicable,Not Applicable,1,Traffic Citation
40.2283777,-76.454802,"Friday, April 10, 2026 6:48 AM",Maximum Speed Limits - Freeways,Not Applicable,Not Applicable,1,Traffic Citation
40.2283852,-77.143221,"Monday, March 9, 2026 9:20 AM",Maximum Speed Limits - Freeways,Not Applicable,Not Applicable,1,Traffic Citation
40.2283952,-75.912766,"Wednesday, May 27, 2026 8:13 AM",Maximum Speed Limits - Freeways,Not Applicable,Not Applicable,1,Traffic Citation
40.2284753,-75.912791,"Tuesday, February 24, 2026 7:29 AM",Maximum Speed Limits - Freeways,Not Applicable,Not Applicable,2,Traffic Citation
40.2284997,-75.912799,"Monday, April 6, 2026 11:46 AM",Maximum Speed Limits - Freeways,Not Applicable,Not Applicable,1,Traffic Citation
40.2285057,-76.053947,"Monday, March 9, 2026 11:34 AM",Maximum Speed Limits - Freeways,Not Applicable,Not Applicable,1,Traffic Citation
40.2285066,-75.912801,"Tuesday, April 28, 2026 10:06 AM",Maximum Speed Limits - Freeways,Not Applicable,Not Applicable,1,Traffic Citation
40.2285603,-76.053869,"Thursday, May 7, 2026 8:00 PM",Maximum Speed Limits - Freeways,Not Applicable,Not Applicable,1,Traffic Citation
40.2286231,-76.053779,"Monday, March 9, 2026 12:03 PM",Maximum Speed Limits - Freeways,Not Applicable,Not Applicable,1,Traffic Citation
40.2286329,-75.912841,"Saturday, January 24, 2026 7:24 AM",Maximum Speed Limits - Freeways,Not Applicable,Not Applicable,1,Traffic Citation
40.2286331,-75.912842,"Tuesday, July 15, 2025 3:46 PM",Maximum Speed Limits - Freeways,Not Applicable,Not Applicable,1,Traffic Citation
40.2286747,-76.053284,"Friday, May 1, 2026 11:31 AM",Maximum Speed Limits - Freeways,Not Applicable,Not Applicable,1,Traffic Citation
40.2287075,-76.053239,"Friday, May 8, 2026 10:10 AM",Maximum Speed Limits - Freeways,Not Applicable,Not Applicable,1,Traffic Citation
40.2287921,-75.912892,"Tuesday, April 21, 2026 7:11 AM",Maximum Speed Limits - Freeways,Not Applicable,Not Applicable,1,Traffic Citation
40.228809,-76.053524,"Wednesday, May 20, 2026 5:05 PM",Maximum Speed Limits - Freeways,Not Applicable,Not Applicable,1,Traffic Citation
40.2288766,-76.053431,"Wednesday, May 20, 2026 5:29 PM",Maximum Speed Limits - Freeways,Not Applicable,Not Applicable,1,Traffic Citation
40.2289362,-75.912938,"Saturday, April 4, 2026 10:22 AM",Maximum Speed Limits - Freeways,Not Applicable,Not Applicable,1,Traffic Citation
40.2289787,-76.053295,"Saturday, August 9, 2025 8:02 PM",Maximum Speed Limits - Freeways,Not Applicable,Not Applicable,1,Traffic Citation
40.2290204,-75.913257,"Sunday, May 24, 2026 2:54 PM",Maximum Speed Limits - Freeways,Not Applicable,Not Applicable,1,Traffic Citation
40.2290609,-76.053188,"Saturday, August 9, 2025 7:46 PM",Maximum Speed Limits - Freeways,Not Applicable,Not Applicable,1,Traffic Citation
40.2290746,-75.912982,"Wednesday, January 28, 2026 7:43 AM",Maximum Speed Limits - Freeways,Not Applicable,Not Applicable,1,Traffic Citation
40.22909,-75.912986,"Saturday, April 4, 2026 8:50 AM",Maximum Speed Limits - Freeways,Not Applicable,Not Applicable,1,Traffic Citation
40.2291152,-76.053116,"Saturday, August 9, 2025 7:54 PM",Maximum Speed Limits - Freeways,Not Applicable,Not Applicable,1,Traffic Citation
40.2291237,-76.053105,"Monday, March 9, 2026 11:50 AM",Maximum Speed Limits - Freeways,Not Applicable,Not Applicable,1,Traffic Citation
40.2291735,-75.913013,"Wednesday, April 29, 2026 7:24 AM",Maximum Speed Limits - Freeways,Not Applicable,Not Applicable,1,Traffic Citation
40.2291802,-75.335058,"Saturday, April 4, 2026 10:56 AM",Maximum Speed Limits - Freeways,Not Applicable,Not Applicable,1,Traffic Citation
40.2292038,-76.053003,"Saturday, August 9, 2025 7:40 PM",Maximum Speed Limits - Freeways,Not Applicable,Not Applicable,1,Traffic Citation
40.229379,-76.052781,"Tuesday, April 14, 2026 9:06 AM",Maximum Speed Limits - Freeways,Not Applicable,Not Applicable,1,Traffic Citation
40.2293878,-76.052367,"Tuesday, July 15, 2025 10:28 AM",Maximum Speed Limits - Freeways,Not Applicable,Not Applicable,1,Traffic Citation
40.2294001,-76.052756,"Tuesday, April 14, 2026 8:36 AM",Maximum Speed Limits - Freeways,Not Applicable,Not Applicable,1,Traffic Citation
40.2297513,-76.051937,"Wednesday, October 29, 2025 12:08 PM",Maximum Speed Limits - Freeways,Not Applicable,Not Applicable,2,Traffic Citation
40.2298538,-75.913222,"Friday, January 2, 2026 3:12 PM",Maximum Speed Limits - Freeways,Not Applicable,Not Applicable,4,Traffic Citation
40.2298609,-76.442307,"Sunday, April 12, 2026 2:24 PM",Maximum Speed Limits - Freeways,Not Applicable,Not Applicable,1,Traffic Citation
40.2298764,-75.913228,"Monday, March 9, 2026 9:35 AM",Maximum Speed Limits - Freeways,Not Applicable,Not Applicable,1,Traffic Citation
40.2299194,-75.913242,"Wednesday, August 27, 2025 7:02 AM",Maximum Speed Limits - Freeways,Not Applicable,Not Applicable,1,Traffic Citation
40.2299555,-75.913546,"Tuesday, June 30, 2026 7:31 AM",Maximum Speed Limits - Freeways,Not Applicable,Not Applicable,1,Traffic Citation
40.2301695,-75.913612,"Sunday, May 24, 2026 1:50 PM",Maximum Speed Limits - Freeways,Not Applicable,Not Applicable,1,Traffic Citation
40.2303412,-76.347366,"Tuesday, April 21, 2026 10:59 AM",Maximum Speed Limits - Freeways,Not Applicable,Not Applicable,1,Traffic Citation
40.2303446,-75.913372,"Tuesday, April 21, 2026 8:00 AM",Maximum Speed Limits - Freeways,Not Applicable,Not Applicable,1,Traffic Citation
40.2303759,-75.913381,"Saturday, January 24, 2026 7:48 AM",Maximum Speed Limits - Freeways,Not Applicable,Not Applicable,1,Traffic Citation
40.2304144,-75.913688,"Sunday, August 31, 2025 4:44 PM",Maximum Speed Limits - Freeways,Not Applicable,Not Applicable,1,Traffic Citation
40.2305518,-75.913731,"Tuesday, April 21, 2026 6:55 AM",Maximum Speed Limits - Freeways,Not Applicable,Not Applicable,1,Traffic Citation
40.2306129,-76.051399,"Monday, March 9, 2026 12:16 PM",Maximum Speed Limits - Freeways,Not Applicable,Not Applicable,1,Traffic Citation
40.230626,-76.795449,"Friday, June 19, 2026 7:19 AM",Maximum Speed Limits - Freeways,Not Applicable,Not Applicable,1,Traffic Citation
40.2310345,-78.46471,"Saturday, June 6, 2026 12:34 PM",Maximum Speed Limits - Freeways,Not Applicable,Not Applicable,1,Traffic Citation
40.2311171,-76.124329,"Wednesday, August 27, 2025 7:10 PM",Maximum Speed Limits - Freeways,Not Applicable,Not Applicable,2,Traffic Citation
40.2311887,-76.050424,"Friday, October 10, 2025 10:08 AM",Maximum Speed Limits - Freeways,Not Applicable,Not Applicable,1,Traffic Citation
40.2312775,-75.913659,"Tuesday, July 15, 2025 2:18 PM",Maximum Speed Limits - Freeways,Not Applicable,Not Applicable,1,Traffic Citation
40.2312972,-75.913959,"Sunday, May 24, 2026 1:06 PM",Maximum Speed Limits - Freeways,Not Applicable,Not Applicable,1,Traffic Citation
40.2317907,-76.332451,"Wednesday, December 3, 2025 7:10 AM",Maximum Speed Limits - Freeways,Not Applicable,Not Applicable,2,Traffic Citation
40.2318834,-76.049707,"Wednesday, December 17, 2025 11:16 AM",Maximum Speed Limits - Freeways,Not Applicable,Not Applicable,1,Traffic Citation
40.2319807,-76.331248,"Wednesday, June 3, 2026 6:52 AM",Maximum Speed Limits - Freeways,Not Applicable,Not Applicable,1,Traffic Citation
40.2319846,-76.331203,"Wednesday, January 7, 2026 12:59 PM",Maximum Speed Limits - Freeways,Not Applicable,Not Applicable,1,Traffic Citation
40.232205,-75.913945,"Sunday, July 6, 2025 6:18 PM",Maximum Speed Limits - Freeways,Not Applicable,Not Applicable,1,Traffic Citation
40.2322582,-76.049697,"Wednesday, August 13, 2025 7:08 PM",Maximum Speed Limits - Freeways,Not Applicable,Not Applicable,1,Traffic Citation
40.2323214,-75.336536,"Thursday, August 28, 2025 2:46 PM",Maximum Speed Limits - Freeways,Not Applicable,Not Applicable,3,Traffic Citation
40.2324211,-75.914301,"Friday, January 2, 2026 8:04 AM",Maximum Speed Limits - Freeways,Not Applicable,Not Applicable,3,Traffic Citation
40.2324931,-75.914033,"Tuesday, July 15, 2025 1:44 PM",Maximum Speed Limits - Freeways,Not Applicable,Not Applicable,1,Traffic Citation
40.232593,-76.04898,"Friday, November 14, 2025 10:09 AM",Maximum Speed Limits - Freeways,Not Applicable,Not Applicable,1,Traffic Citation
40.2326098,-75.914069,"Wednesday, January 28, 2026 7:05 AM",Maximum Speed Limits - Freeways,Not Applicable,Not Applicable,1,Traffic Citation
40.2327724,-75.914411,"Sunday, May 24, 2026 2:28 PM",Maximum Speed Limits - Freeways,Not Applicable,Not Applicable,1,Traffic Citation
40.2327829,-76.048786,"Friday, July 25, 2025 10:43 AM",Maximum Speed Limits - Freeways,Not Applicable,Not Applicable,1,Traffic Citation
40.2328585,-75.914146,"Saturday, April 18, 2026 7:49 PM",Maximum Speed Limits - Freeways,Not Applicable,Not Applicable,1,Traffic Citation
40.2329569,-76.324069,"Saturday, March 14, 2026 6:42 AM",Maximum Speed Limits - Freeways,Not Applicable,Not Applicable,1,Traffic Citation
40.2330477,-75.914204,"Wednesday, August 27, 2025 6:50 AM",Maximum Speed Limits - Freeways,Not Applicable,Not Applicable,1,Traffic Citation
40.2330483,-75.914204,"Friday, June 12, 2026 8:14 PM",Maximum Speed Limits - Freeways,Not Applicable,Not Applicable,1,Traffic Citation
40.2330674,-75.914501,"Wednesday, July 16, 2025 9:28 AM",Maximum Speed Limits - Freeways,Not Applicable,Not Applicable,1,Traffic Citation
40.2331048,-76.323112,"Friday, April 10, 2026 7:03 AM",Maximum Speed Limits - Freeways,Not Applicable,Not Applicable,1,Traffic Citation
40.2331328,-76.048427,"Friday, May 8, 2026 8:55 AM",Maximum Speed Limits - Freeways,Not Applicable,Not Applicable,1,Traffic Citation
40.2331592,-76.322158,"Friday, April 3, 2026 9:53 AM",Maximum Speed Limits - Freeways,Not Applicable,Not Applicable,1,Traffic Citation
40.2332968,-76.321869,"Monday, July 7, 2025 5:10 PM",Maximum Speed Limits - Freeways,Not Applicable,Not Applicable,1,Traffic Citation
40.2333112,-76.321173,"Saturday, November 29, 2025 8:22 PM",Maximum Speed Limits - Freeways,Not Applicable,Not Applicable,1,Traffic Citation
40.2333515,-76.320915,"Monday, June 15, 2026 8:05 PM",Maximum Speed Limits - Freeways,Not Applicable,Not Applicable,1,Traffic Citation
40.2334304,-76.321009,"Tuesday, July 29, 2025 8:30 PM",Maximum Speed Limits - Freeways,Not Applicable,Not Applicable,1,Traffic Citation
40.2334399,-76.320354,"Monday, December 1, 2025 6:31 AM",Maximum Speed Limits - Freeways,Not Applicable,Not Applicable,1,Traffic Citation
40.2335517,-76.320228,"Wednesday, February 25, 2026 9:24 AM",Maximum Speed Limits - Freeways,Not Applicable,Not Applicable,1,Traffic Citation
40.2335556,-76.320204,"Thursday, June 25, 2026 9:39 AM",Maximum Speed Limits - Freeways,Not Applicable,Not Applicable,1,Traffic Citation
40.2335748,-76.320079,"Monday, April 27, 2026 9:21 AM",Maximum Speed Limits - Freeways,Not Applicable,Not Applicable,1,Traffic Citation
40.2337485,-76.318386,"Tuesday, October 14, 2025 7:32 PM",Maximum Speed Limits - Freeways,Not Applicable,Not Applicable,1,Traffic Citation
40.2338306,-76.317863,"Wednesday, September 3, 2025 7:07 PM",Maximum Speed Limits - Freeways,Not Applicable,Not Applicable,1,Traffic Citation
40.2338466,-76.318329,"Monday, May 18, 2026 6:44 AM",Maximum Speed Limits - Freeways,Not Applicable,Not Applicable,1,Traffic Citation
40.2338738,-75.914453,"Friday, January 2, 2026 5:31 PM",Maximum Speed Limits - Freeways,Not Applicable,Not Applicable,1,Traffic Citation
40.2341085,-76.316081,"Tuesday, October 21, 2025 11:21 AM",Maximum Speed Limits - Freeways,Not Applicable,Not Applicable,1,Traffic Citation
40.2341673,-78.463967,"Saturday, March 14, 2026 6:44 PM",Maximum Speed Limits - Freeways,Not Applicable,Not Applicable,1,Traffic Citation
40.234217,-75.914554,"Wednesday, August 13, 2025 8:07 AM",Maximum Speed Limits - Freeways,Not Applicable,Not Applicable,1,Traffic Citation
40.2342346,-75.914848,"Wednesday, April 22, 2026 7:08 AM",Maximum Speed Limits - Freeways,Not Applicable,Not Applicable,2,Traffic Citation
40.2343079,-76.314801,"Wednesday, June 24, 2026 8:57 AM",Maximum Speed Limits - Freeways,Not Applicable,Not Applicable,1,Traffic Citation
40.2344746,-76.047038,"Wednesday, November 26, 2025 2:08 PM",Maximum Speed Limits - Freeways,Not Applicable,Not Applicable,1,Traffic Citation
40.2344975,-76.313548,"Wednesday, February 25, 2026 10:15 AM",Maximum Speed Limits - Freeways,Not Applicable,Not Applicable,1,Traffic Citation
40.2346854,-75.914965,"Thursday, July 3, 2025 9:54 AM",Maximum Speed Limits - Freeways,Not Applicable,Not Applicable,2,Traffic Citation
40.2347044,-75.337931,"Monday, March 23, 2026 8:21 AM",Maximum Speed Limits - Freeways,Not Applicable,Not Applicable,1,Traffic Citation
40.2347475,-76.046754,"Friday, October 10, 2025 9:32 AM",Maximum Speed Limits - Freeways,Not Applicable,Not Applicable,1,Traffic Citation
40.2349738,-75.338088,"Tuesday, September 23, 2025 10:51 PM",Maximum Speed Limits - Freeways,Not Applicable,Not Applicable,1,Traffic Citation
40.2351281,-76.301865,"Thursday, November 6, 2025 6:47 PM",Maximum Speed Limits - Freeways,Not Applicable,Not Applicable,1,Traffic Citation
40.235137,-75.915077,"Saturday, December 27, 2025 11:58 AM",Maximum Speed Limits - Freeways,Not Applicable,Not Applicable,1,Traffic Citation
40.2352042,-76.303277,"Saturday, August 30, 2025 4:31 PM",Maximum Speed Limits - Freeways,Not Applicable,Not Applicable,1,Traffic Citation
40.2352254,-76.301407,"Thursday, August 21, 2025 7:08 PM",Maximum Speed Limits - Freeways,Not Applicable,Not Applicable,1,Traffic Citation
40.2352465,-76.291452,"Friday, April 10, 2026 6:37 AM",Maximum Speed Limits - Freeways,Not Applicable,Not Applicable,1,Traffic Citation
40.2352648,-76.297848,"Sunday, March 29, 2026 9:34 PM",Maximum Speed Limits - Freeways,Not Applicable,Not Applicable,2,Traffic Citation
40.2353249,-75.915122,"Sunday, August 31, 2025 5:08 PM",Maximum Speed Limits - Freeways,Not Applicable,Not Applicable,1,Traffic Citation
40.2353713,-76.289667,"Sunday, August 31, 2025 5:05 PM",Maximum Speed Limits - Freeways,Not Applicable,Not Applicable,1,Traffic Citation
40.2353837,-75.338327,"Friday, September 5, 2025 6:40 PM",Maximum Speed Limits - Freeways,Not Applicable,Not Applicable,1,Traffic Citation
40.2354334,-78.46261,"Sunday, May 17, 2026 5:35 PM",Maximum Speed Limits - Freeways,Not Applicable,Not Applicable,1,Traffic Citation
40.2356343,-76.285986,"Monday, December 1, 2025 8:54 AM",Maximum Speed Limits - Freeways,Not Applicable,Not Applicable,1,Traffic Citation
40.2358808,-75.915245,"Wednesday, November 26, 2025 10:18 PM",Maximum Speed Limits - Freeways,Not Applicable,Not Applicable,1,Traffic Citation
40.2360549,-75.915281,"Tuesday, October 21, 2025 8:31 AM",Maximum Speed Limits - Freeways,Not Applicable,Not Applicable,1,Traffic Citation
40.2362458,-75.915319,"Wednesday, April 22, 2026 6:54 AM",Maximum Speed Limits - Freeways,Not Applicable,Not Applicable,1,Traffic Citation
40.2363304,-75.91505,"Tuesday, May 19, 2026 8:32 AM",Maximum Speed Limits - Freeways,Not Applicable,Not Applicable,1,Traffic Citation
40.2364211,-75.91535,"Tuesday, June 30, 2026 6:52 AM",Maximum Speed Limits - Freeways,Not Applicable,Not Applicable,1,Traffic Citation
40.2364777,-76.279409,"Thursday, November 27, 2025 10:05 AM",Maximum Speed Limits - Freeways,Not Applicable,Not Applicable,1,Traffic Citation
40.2364911,-76.044963,"Monday, March 30, 2026 6:27 PM",Maximum Speed Limits - Freeways,Not Applicable,Not Applicable,1,Traffic Citation
40.2365303,-77.12581,"Saturday, November 1, 2025 8:56 AM",Maximum Speed Limits - Freeways,Not Applicable,Not Applicable,2,Traffic Citation
40.2366509,-75.915392,"Wednesday, July 16, 2025 6:15 AM",Maximum Speed Limits - Freeways,Not Applicable,Not Applicable,1,Traffic Citation
40.236657,-76.277326,"Wednesday, June 10, 2026 8:16 AM",Maximum Speed Limits - Freeways,Not Applicable,Not Applicable,1,Traffic Citation
40.2369983,-76.275493,"Saturday, August 30, 2025 4:07 PM",Maximum Speed Limits - Freeways,Not Applicable,Not Applicable,3,Traffic Citation
40.2370929,-75.915466,"Wednesday, April 22, 2026 7:31 AM",Maximum Speed Limits - Freeways,Not Applicable,Not Applicable,1,Traffic Citation
40.2371288,-75.915472,"Thursday, January 29, 2026 9:21 AM",Maximum Speed Limits - Freeways,Not Applicable,Not Applicable,1,Traffic Citation
40.2374617,-75.91524,"Wednesday, November 26, 2025 6:45 PM",Maximum Speed Limits - Freeways,Not Applicable,Not Applicable,1,Traffic Citation
40.2375163,-75.915531,"Sunday, August 31, 2025 4:15 PM",Maximum Speed Limits - Freeways,Not Applicable,Not Applicable,1,Traffic Citation
40.2376143,-75.339631,"Tuesday, August 12, 2025 1:17 PM",Maximum Speed Limits - Freeways,Not Applicable,Not Applicable,1,Traffic Citation
40.2376784,-78.461888,"Saturday, August 30, 2025 7:53 AM",Maximum Speed Limits - Freeways,Not Applicable,Not Applicable,1,Traffic Citation
40.2377524,-75.915281,"Wednesday, December 31, 2025 8:47 AM",Maximum Speed Limits - Freeways,Not Applicable,Not Applicable,1,Traffic Citation
40.2378298,-75.915568,"Tuesday, October 21, 2025 7:53 PM",Maximum Speed Limits - Freeways,Not Applicable,Not Applicable,1,Traffic Citation
40.2379134,-75.915578,"Thursday, July 3, 2025 4:06 PM",Maximum Speed Limits - Freeways,Not Applicable,Not Applicable,1,Traffic Citation
40.2379903,-76.267186,"Sunday, May 10, 2026 2:45 PM",Maximum Speed Limits - Freeways,Not Applicable,Not Applicable,1,Traffic Citation
40.2382165,-75.915333,"Wednesday, August 27, 2025 7:11 AM",Maximum Speed Limits - Freeways,Not Applicable,Not Applicable,1,Traffic Citation
40.2383341,-76.043064,"Friday, October 17, 2025 10:43 AM",Maximum Speed Limits - Freeways,Not Applicable,Not Applicable,1,Traffic Citation
40.2385584,-75.915647,"Sunday, May 24, 2026 12:42 PM",Maximum Speed Limits - Freeways,Not Applicable,Not Applicable,1,Traffic Citation
40.2386085,-75.915371,"Tuesday, October 21, 2025 6:45 AM",Maximum Speed Limits - Freeways,Not Applicable,Not Applicable,1,Traffic Citation
40.2386439,-75.915655,"Tuesday, April 14, 2026 9:24 AM",Maximum Speed Limits - Freeways,Not Applicable,Not Applicable,2,Traffic Citation
40.2391979,-76.042173,"Wednesday, February 4, 2026 12:11 PM",Maximum Speed Limits - Freeways,Not Applicable,Not Applicable,1,Traffic Citation
40.239257,-75.915709,"Wednesday, December 31, 2025 9:05 AM",Maximum Speed Limits - Freeways,Not Applicable,Not Applicable,1,Traffic Citation
40.2392609,-77.121753,"Thursday, February 12, 2026 3:11 PM",Maximum Speed Limits - Freeways,Not Applicable,Not Applicable,1,Traffic Citation
40.2394467,-76.041916,"Tuesday, November 4, 2025 10:33 AM",Maximum Speed Limits - Freeways,Not Applicable,Not Applicable,1,Traffic Citation
40.2396483,-77.121652,"Friday, October 3, 2025 2:17 AM",Maximum Speed Limits - Freeways,Not Applicable,Not Applicable,1,Traffic Citation
40.2396619,-76.256747,"Monday, September 1, 2025 2:03 PM",Maximum Speed Limits - Freeways,Not Applicable,Not Applicable,1,Traffic Citation
40.2396648,-76.042068,"Tuesday, December 9, 2025 1:52 PM",Maximum Speed Limits - Freeways,Not Applicable,Not Applicable,1,Traffic Citation
40.2397295,-76.25643,"Friday, April 3, 2026 9:38 AM",Maximum Speed Limits - Freeways,Not Applicable,Not Applicable,1,Traffic Citation
40.2398613,-76.041864,"Tuesday, December 9, 2025 12:54 PM",Maximum Speed Limits - Freeways,Not Applicable,Not Applicable,1,Traffic Citation
40.2398917,-76.041833,"Tuesday, December 9, 2025 11:19 AM",Maximum Speed Limits - Freeways,Not Applicable,Not Applicable,2,Traffic Citation
40.2401512,-76.254489,"Friday, September 5, 2025 9:25 AM",Maximum Speed Limits - Freeways,Not Applicable,Not Applicable,1,Traffic Citation
40.2401603,-75.915457,"Friday, July 11, 2025 12:50 PM",Maximum Speed Limits - Freeways,Not Applicable,Not Applicable,1,Traffic Citation
40.2401718,-76.041544,"Tuesday, December 9, 2025 12:21 PM",Maximum Speed Limits - Freeways,Not Applicable,Not Applicable,1,Traffic Citation
40.2401811,-76.041534,"Tuesday, December 9, 2025 12:01 PM",Maximum Speed Limits - Freeways,Not Applicable,Not Applicable,1,Traffic Citation
40.2401856,-76.041151,"Wednesday, March 11, 2026 11:17 AM",Maximum Speed Limits - Freeways,Not Applicable,Not Applicable,1,Traffic Citation
40.2402046,-76.04151,"Monday, January 5, 2026 4:16 PM",Maximum Speed Limits - Freeways,Not Applicable,Not Applicable,1,Traffic Citation
40.2402581,-76.041455,"Monday, January 5, 2026 5:40 PM",Maximum Speed Limits - Freeways,Not Applicable,Not Applicable,1,Traffic Citation
40.2403144,-76.041017,"Tuesday, November 4, 2025 10:57 AM",Maximum Speed Limits - Freeways,Not Applicable,Not Applicable,1,Traffic Citation
40.2405624,-76.138615,"Tuesday, March 31, 2026 10:55 AM",Maximum Speed Limits - Freeways,Not Applicable,Not Applicable,1,Traffic Citation
40.2408145,-76.040499,"Friday, May 8, 2026 9:09 AM",Maximum Speed Limits - Freeways,Not Applicable,Not Applicable,1,Traffic Citation
40.240957,-76.040353,"Tuesday, November 4, 2025 9:59 AM",Maximum Speed Limits - Freeways,Not Applicable,Not Applicable,1,Traffic Citation
40.2409802,-79.63271,"Wednesday, September 17, 2025 6:05 PM",Maximum Speed Limits - Freeways,Not Applicable,Not Applicable,1,Traffic Citation
40.2411309,-76.040174,"Sunday, February 15, 2026 11:00 AM",Maximum Speed Limits - Freeways,Not Applicable,Not Applicable,1,Traffic Citation
40.2412184,-76.142156,"Friday, February 13, 2026 11:25 AM",Maximum Speed Limits - Freeways,Not Applicable,Not Applicable,1,Traffic Citation
40.2413686,-76.039933,"Monday, March 30, 2026 6:56 PM",Maximum Speed Limits - Freeways,Not Applicable,Not Applicable,1,Traffic Citation
40.2414643,-76.03984,"Friday, October 17, 2025 12:13 PM",Maximum Speed Limits - Freeways,Not Applicable,Not Applicable,1,Traffic Citation
40.2414904,-77.116597,"Saturday, August 16, 2025 11:12 PM",Maximum Speed Limits - Freeways,Not Applicable,Not Applicable,1,Traffic Citation
40.2414967,-76.039809,"Thursday, January 22, 2026 12:20 PM",Maximum Speed Limits - Freeways,Not Applicable,Not Applicable,1,Traffic Citation
40.2415063,-76.0398,"Tuesday, July 15, 2025 11:43 AM",Maximum Speed Limits - Freeways,Not Applicable,Not Applicable,1,Traffic Citation
40.2415275,-76.039779,"Wednesday, October 29, 2025 12:43 PM",Maximum Speed Limits - Freeways,Not Applicable,Not Applicable,1,Traffic Citation
40.2415572,-76.03975,"Friday, May 8, 2026 10:24 AM",Maximum Speed Limits - Freeways,Not Applicable,Not Applicable,4,Traffic Citation
40.2415871,-75.915746,"Tuesday, August 5, 2025 8:12 AM",Maximum Speed Limits - Freeways,Not Applicable,Not Applicable,1,Traffic Citation
40.2416885,-76.040016,"Thursday, September 11, 2025 11:09 PM",Maximum Speed Limits - Freeways,Not Applicable,Not Applicable,3,Traffic Citation
40.2416995,-76.040005,"Thursday, July 3, 2025 11:38 AM",Maximum Speed Limits - Freeways,Not Applicable,Not Applicable,1,Traffic Citation
40.2417283,-76.039591,"Tuesday, July 15, 2025 9:50 AM",Maximum Speed Limits - Freeways,Not Applicable,Not Applicable,1,Traffic Citation
40.2417512,-76.039951,"Thursday, July 3, 2025 12:24 PM",Maximum Speed Limits - Freeways,Not Applicable,Not Applicable,1,Traffic Citation
40.2418238,-76.039506,"Tuesday, November 4, 2025 11:35 AM",Maximum Speed Limits - Freeways,Not Applicable,Not Applicable,1,Traffic Citation
40.2418885,-75.915452,"Friday, January 2, 2026 3:39 PM",Maximum Speed Limits - Freeways,Not Applicable,Not Applicable,1,Traffic Citation
40.2419065,-76.039433,"Monday, August 25, 2025 10:55 AM",Maximum Speed Limits - Freeways,Not Applicable,Not Applicable,2,Traffic Citation
40.2420443,-76.039322,"Tuesday, July 15, 2025 12:38 PM",Maximum Speed Limits - Freeways,Not Applicable,Not Applicable,1,Traffic Citation
40.2420661,-76.039645,"Tuesday, July 15, 2025 11:53 AM",Maximum Speed Limits - Freeways,Not Applicable,Not Applicable,1,Traffic Citation
40.242091,-76.039284,"Monday, March 30, 2026 5:05 PM",Maximum Speed Limits - Freeways,Not Applicable,Not Applicable,1,Traffic Citation
40.2421451,-76.039573,"Thursday, September 11, 2025 11:53 PM",Maximum Speed Limits - Freeways,Not Applicable,Not Applicable,1,Traffic Citation
40.242247,-75.915432,"Tuesday, May 19, 2026 8:44 AM",Maximum Speed Limits - Freeways,Not Applicable,Not Applicable,1,Traffic Citation
40.2424004,-75.91542,"Friday, May 22, 2026 12:22 PM",Maximum Speed Limits - Freeways,Not Applicable,Not Applicable,2,Traffic Citation
40.242433,-77.113919,"Tuesday, June 30, 2026 12:47 AM",Maximum Speed Limits - Freeways,Not Applicable,Not Applicable,2,Traffic Citation
40.2425032,-76.038947,"Tuesday, July 15, 2025 1:03 PM",Maximum Speed Limits - Freeways,Not Applicable,Not Applicable,1,Traffic Citation
40.2425713,-77.104036,"Thursday, December 18, 2025 6:58 AM",Maximum Speed Limits - Freeways,Not Applicable,Not Applicable,2,Traffic Citation
40.2425982,-76.149588,"Thursday, January 15, 2026 9:10 AM",Maximum Speed Limits - Freeways,Not Applicable,Not Applicable,1,Traffic Citation
40.2426093,-77.112833,"Sunday, January 11, 2026 10:00 AM",Maximum Speed Limits - Freeways,Not Applicable,Not Applicable,1,Traffic Citation
40.2426112,-75.915402,"Friday, August 29, 2025 9:00 PM",Maximum Speed Limits - Freeways,Not Applicable,Not Applicable,1,Traffic Citation
40.2426575,-77.112468,"Saturday, January 3, 2026 1:14 AM",Maximum Speed Limits - Freeways,Not Applicable,Not Applicable,1,Traffic Citation
40.2427293,-77.097783,"Friday, March 13, 2026 3:38 PM",Maximum Speed Limits - Freeways,Not Applicable,Not Applicable,1,Traffic Citation
40.2427541,-77.097491,"Friday, December 26, 2025 9:35 AM",Maximum Speed Limits - Freeways,Not Applicable,Not Applicable,1,Traffic Citation
40.2428486,-76.0387,"Friday, October 10, 2025 10:46 AM",Maximum Speed Limits - Freeways,Not Applicable,Not Applicable,1,Traffic Citation
40.2428742,-77.101734,"Tuesday, May 19, 2026 1:46 AM",Maximum Speed Limits - Freeways,Not Applicable,Not Applicable,1,Traffic Citation
40.2429018,-76.038662,"Tuesday, July 15, 2025 12:06 PM",Maximum Speed Limits - Freeways,Not Applicable,Not Applicable,1,Traffic Citation
40.2429056,-77.095923,"Monday, January 19, 2026 1:19 AM",Maximum Speed Limits - Freeways,Not Applicable,Not Applicable,1,Traffic Citation
40.2429062,-75.915377,"Friday, December 26, 2025 8:30 AM",Maximum Speed Limits - Freeways,Not Applicable,Not Applicable,1,Traffic Citation
40.2432649,-76.038413,"Friday, July 25, 2025 10:55 AM",Maximum Speed Limits - Freeways,Not Applicable,Not Applicable,1,Traffic Citation
40.2433136,-77.095076,"Saturday, August 30, 2025 7:01 AM",Maximum Speed Limits - Freeways,Not Applicable,Not Applicable,2,Traffic Citation
40.2433392,-76.236338,"Sunday, November 2, 2025 9:20 AM",Maximum Speed Limits - Freeways,Not Applicable,Not Applicable,2,Traffic Citation
40.2434298,-75.915625,"Friday, May 22, 2026 2:27 PM",Maximum Speed Limits - Freeways,Not Applicable,Not Applicable,2,Traffic Citation
40.2435237,-75.915318,"Friday, August 29, 2025 9:28 PM",Maximum Speed Limits - Freeways,Not Applicable,Not Applicable,1,Traffic Citation
40.2436561,-75.915599,"Sunday, April 12, 2026 11:14 AM",Maximum Speed Limits - Freeways,Not Applicable,Not Applicable,6,Traffic Citation
40.243778,-76.234175,"Friday, August 29, 2025 5:13 PM",Maximum Speed Limits - Freeways,Not Applicable,Not Applicable,1,Traffic Citation
40.243788,-75.915581,"Tuesday, July 15, 2025 3:34 PM",Maximum Speed Limits - Freeways,Not Applicable,Not Applicable,1,Traffic Citation
40.2440704,-75.915247,"Wednesday, August 13, 2025 7:15 AM",Maximum Speed Limits - Freeways,Not Applicable,Not Applicable,1,Traffic Citation
40.2441372,-75.915238,"Wednesday, June 10, 2026 12:02 PM",Maximum Speed Limits - Freeways,Not Applicable,Not Applicable,1,Traffic Citation
40.244229,-76.038219,"Tuesday, May 12, 2026 5:43 PM",Maximum Speed Limits - Freeways,Not Applicable,Not Applicable,1,Traffic Citation
40.2442783,-76.160759,"Saturday, September 13, 2025 7:09 PM",Maximum Speed Limits - Freeways,Not Applicable,Not Applicable,1,Traffic Citation
40.244323,-76.230091,"Wednesday, June 3, 2026 7:17 AM",Maximum Speed Limits - Freeways,Not Applicable,Not Applicable,1,Traffic Citation
40.2444265,-75.91549,"Tuesday, September 23, 2025 11:23 AM",Maximum Speed Limits - Freeways,Not Applicable,Not Applicable,1,Traffic Citation
40.24446,-76.162949,"Wednesday, November 26, 2025 11:48 AM",Maximum Speed Limits - Freeways,Not Applicable,Not Applicable,1,Traffic Citation
40.244489,-75.91548,"Tuesday, October 21, 2025 7:05 AM",Maximum Speed Limits - Freeways,Not Applicable,Not Applicable,1,Traffic Citation
40.2445204,-75.915183,"Friday, May 22, 2026 11:21 AM",Maximum Speed Limits - Freeways,Not Applicable,Not Applicable,1,Traffic Citation
40.2445788,-75.915465,"Friday, May 22, 2026 3:19 PM",Maximum Speed Limits - Freeways,Not Applicable,Not Applicable,1,Traffic Citation
40.2446298,-75.915165,"Saturday, April 4, 2026 2:36 PM",Maximum Speed Limits - Freeways,Not Applicable,Not Applicable,1,Traffic Citation
40.2448017,-76.168318,"Saturday, March 14, 2026 7:55 PM",Maximum Speed Limits - Freeways,Not Applicable,Not Applicable,3,Traffic Citation
40.2448622,-76.167868,"Saturday, March 14, 2026 7:55 PM",Maximum Speed Limits - Freeways,Not Applicable,Not Applicable,4,Traffic Citation
40.2449951,-75.915104,"Friday, August 29, 2025 5:22 PM",Maximum Speed Limits - Freeways,Not Applicable,Not Applicable,1,Traffic Citation
40.2450069,-76.22671,"Tuesday, August 19, 2025 8:02 PM",Maximum Speed Limits - Freeways,Not Applicable,Not Applicable,1,Traffic Citation
40.245015,-75.9151,"Saturday, April 4, 2026 2:03 PM",Maximum Speed Limits - Freeways,Not Applicable,Not Applicable,1,Traffic Citation
40.2450625,-75.915379,"Monday, March 2, 2026 11:27 AM",Maximum Speed Limits - Freeways,Not Applicable,Not Applicable,1,Traffic Citation
40.24511,-76.172504,"Saturday, March 14, 2026 8:44 AM",Maximum Speed Limits - Freeways,Not Applicable,Not Applicable,1,Traffic Citation
40.2452935,-75.915337,"Wednesday, August 13, 2025 11:31 AM",Maximum Speed Limits - Freeways,Not Applicable,Not Applicable,1,Traffic Citation
40.2453142,-75.915041,"Friday, May 22, 2026 12:54 PM",Maximum Speed Limits - Freeways,Not Applicable,Not Applicable,1,Traffic Citation
40.2454232,-75.915019,"Wednesday, November 26, 2025 2:42 PM",Maximum Speed Limits - Freeways,Not Applicable,Not Applicable,1,Traffic Citation
40.2454309,-76.177625,"Sunday, July 13, 2025 9:26 AM",Maximum Speed Limits - Freeways,Not Applicable,Not Applicable,2,Traffic Citation
40.2455479,-75.915287,"Wednesday, January 28, 2026 11:49 AM",Maximum Speed Limits - Freeways,Not Applicable,Not Applicable,1,Traffic Citation
40.2456556,-75.915264,"Thursday, July 3, 2025 11:38 AM",Maximum Speed Limits - Freeways,Not Applicable,Not Applicable,1,Traffic Citation
40.2456612,-76.18705,"Monday, October 20, 2025 11:12 AM",Maximum Speed Limits - Freeways,Not Applicable,Not Applicable,1,Traffic Citation
40.2456648,-76.187286,"Tuesday, October 14, 2025 7:10 PM",Maximum Speed Limits - Freeways,Not Applicable,Not Applicable,2,Traffic Citation
40.2456652,-76.187309,"Monday, July 21, 2025 8:33 PM",Maximum Speed Limits - Freeways,Not Applicable,Not Applicable,1,Traffic Citation
40.2456653,-76.187317,"Wednesday, September 3, 2025 6:40 PM",Maximum Speed Limits - Freeways,Not Applicable,Not Applicable,1,Traffic Citation
40.245666,-76.187363,"Thursday, June 25, 2026 9:02 AM",Maximum Speed Limits - Freeways,Not Applicable,Not Applicable,2,Traffic Citation
40.2456662,-76.187377,"Wednesday, June 24, 2026 8:00 AM",Maximum Speed Limits - Freeways,Not Applicable,Not Applicable,1,Traffic Citation
40.2456665,-76.187394,"Monday, November 3, 2025 6:52 AM",Maximum Speed Limits - Freeways,Not Applicable,Not Applicable,1,Traffic Citation
40.2456666,-76.187401,"Monday, May 18, 2026 6:30 AM",Maximum Speed Limits - Freeways,Not Applicable,Not Applicable,1,Traffic Citation
40.2456697,-75.914969,"Monday, June 1, 2026 6:40 AM",Maximum Speed Limits - Freeways,Not Applicable,Not Applicable,1,Traffic Citation
40.2456905,-76.188989,"Tuesday, November 18, 2025 11:20 AM",Maximum Speed Limits - Freeways,Not Applicable,Not Applicable,1,Traffic Citation
40.2456952,-76.196555,"Tuesday, December 30, 2025 8:50 PM",Maximum Speed Limits - Freeways,Not Applicable,Not Applicable,1,Traffic Citation
40.2456967,-76.189463,"Monday, December 8, 2025 6:00 PM",Maximum Speed Limits - Freeways,Not Applicable,Not Applicable,1,Traffic Citation
40.2457352,-77.084849,"Sunday, October 19, 2025 8:27 AM",Maximum Speed Limits - Freeways,Not Applicable,Not Applicable,1,Traffic Citation
40.2457588,-76.194205,"Tuesday, August 12, 2025 8:03 AM",Maximum Speed Limits - Freeways,Not Applicable,Not Applicable,1,Traffic Citation
40.2457666,-76.194796,"Friday, July 11, 2025 12:04 PM",Maximum Speed Limits - Freeways,Not Applicable,Not Applicable,1,Traffic Citation
40.2457702,-76.195077,"Saturday, July 5, 2025 2:20 PM",Maximum Speed Limits - Freeways,Not Applicable,Not Applicable,1,Traffic Citation
40.2457704,-76.195091,"Friday, July 4, 2025 7:30 PM",Maximum Speed Limits - Freeways,Not Applicable,Not Applicable,1,Traffic Citation
40.2457711,-76.195142,"Thursday, July 10, 2025 8:04 AM",Maximum Speed Limits - Freeways,Not Applicable,Not Applicable,1,Traffic Citation
40.2457965,-76.196979,"Wednesday, November 12, 2025 10:42 AM",Maximum Speed Limits - Freeways,Not Applicable,Not Applicable,1,Traffic Citation
40.2458177,-76.198409,"Wednesday, December 3, 2025 6:39 AM",Maximum Speed Limits - Freeways,Not Applicable,Not Applicable,1,Traffic Citation
40.2458239,-76.198813,"Monday, July 21, 2025 8:23 PM",Maximum Speed Limits - Freeways,Not Applicable,Not Applicable,1,Traffic Citation
40.2458823,-75.915217,"Wednesday, January 28, 2026 11:18 AM",Maximum Speed Limits - Freeways,Not Applicable,Not Applicable,1,Traffic Citation
40.2461113,-75.914875,"Wednesday, November 26, 2025 8:36 PM",Maximum Speed Limits - Freeways,Not Applicable,Not Applicable,1,Traffic Citation
40.2461211,-75.914873,"Sunday, March 15, 2026 5:55 PM",Maximum Speed Limits - Freeways,Not Applicable,Not Applicable,1,Traffic Citation
40.2462061,-77.082729,"Sunday, March 29, 2026 3:04 AM",Maximum Speed Limits - Freeways,Not Applicable,Not Applicable,1,Traffic Citation
40.2463597,-77.083187,"Sunday, January 11, 2026 9:08 AM",Maximum Speed Limits - Freeways,Not Applicable,Not Applicable,1,Traffic Citation
40.2464073,-75.915103,"Thursday, July 3, 2025 2:40 PM",Maximum Speed Limits - Freeways,Not Applicable,Not Applicable,1,Traffic Citation
40.2464076,-75.915103,"Thursday, July 3, 2025 3:44 PM",Maximum Speed Limits - Freeways,Not Applicable,Not Applicable,1,Traffic Citation
40.2465317,-75.915074,"Wednesday, November 26, 2025 1:44 PM",Maximum Speed Limits - Freeways,Not Applicable,Not Applicable,1,Traffic Citation
40.2465905,-75.91506,"Tuesday, October 21, 2025 9:25 AM",Maximum Speed Limits - Freeways,Not Applicable,Not Applicable,1,Traffic Citation
40.246608,-77.082568,"Saturday, December 27, 2025 10:36 AM",Maximum Speed Limits - Freeways,Not Applicable,Not Applicable,1,Traffic Citation
40.2469609,-77.080958,"Friday, November 21, 2025 2:00 AM",Maximum Speed Limits - Freeways,Not Applicable,Not Applicable,1,Traffic Citation
40.2470969,-77.081428,"Sunday, August 31, 2025 10:10 PM",Maximum Speed Limits - Freeways,Not Applicable,Not Applicable,1,Traffic Citation
40.2471207,-75.914927,"Tuesday, October 21, 2025 7:55 AM",Maximum Speed Limits - Freeways,Not Applicable,Not Applicable,1,Traffic Citation
40.247287,-75.914594,"Sunday, December 28, 2025 12:06 PM",Maximum Speed Limits - Freeways,Not Applicable,Not Applicable,1,Traffic Citation
40.2472941,-79.982039,"Tuesday, March 24, 2026 7:10 AM",Maximum Speed Limits - Freeways,Not Applicable,Not Applicable,1,Traffic Citation
40.2473937,-75.345543,"Wednesday, May 13, 2026 1:36 PM",Maximum Speed Limits - Freeways,Not Applicable,Not Applicable,1,Traffic Citation
40.2474836,-78.895233,"Saturday, November 22, 2025 2:02 PM",Maximum Speed Limits - Freeways,Not Applicable,Not Applicable,2,Traffic Citation
40.2476109,-75.914797,"Tuesday, July 15, 2025 4:38 PM",Maximum Speed Limits - Freeways,Not Applicable,Not Applicable,1,Traffic Citation
40.2476499,-77.080223,"Monday, April 20, 2026 9:40 PM",Maximum Speed Limits - Freeways,Not Applicable,Not Applicable,1,Traffic Citation
40.2476844,-75.914494,"Saturday, February 7, 2026 1:00 PM",Maximum Speed Limits - Freeways,Not Applicable,Not Applicable,1,Traffic Citation
40.2477513,-75.91476,"Tuesday, September 23, 2025 11:01 AM",Maximum Speed Limits - Freeways,Not Applicable,Not Applicable,1,Traffic Citation
40.2478,-75.914747,"Friday, May 22, 2026 10:50 AM",Maximum Speed Limits - Freeways,Not Applicable,Not Applicable,1,Traffic Citation
40.2478355,-75.914738,"Saturday, April 4, 2026 7:07 PM",Maximum Speed Limits - Freeways,Not Applicable,Not Applicable,1,Traffic Citation
40.2478614,-77.079078,"Saturday, November 29, 2025 4:11 PM",Maximum Speed Limits - Freeways,Not Applicable,Not Applicable,1,Traffic Citation
40.2478795,-75.914726,"Saturday, April 4, 2026 3:40 PM",Maximum Speed Limits - Freeways,Not Applicable,Not Applicable,1,Traffic Citation
40.2478915,-75.914723,"Tuesday, July 15, 2025 3:58 PM",Maximum Speed Limits - Freeways,Not Applicable,Not Applicable,1,Traffic Citation
40.2478938,-75.914722,"Saturday, April 4, 2026 6:20 PM",Maximum Speed Limits - Freeways,Not Applicable,Not Applicable,1,Traffic Citation
40.2479146,-75.914717,"Tuesday, July 15, 2025 2:20 PM",Maximum Speed Limits - Freeways,Not Applicable,Not Applicable,1,Traffic Citation
40.2479745,-75.914701,"Friday, August 29, 2025 8:16 PM",Maximum Speed Limits - Freeways,Not Applicable,Not Applicable,1,Traffic Citation
40.2480091,-75.914691,"Tuesday, July 22, 2025 9:00 AM",Maximum Speed Limits - Freeways,Not Applicable,Not Applicable,1,Traffic Citation
40.2480217,-75.914688,"Friday, August 29, 2025 10:03 PM",Maximum Speed Limits - Freeways,Not Applicable,Not Applicable,1,Traffic Citation
40.2480302,-75.914686,"Saturday, December 27, 2025 12:30 PM",Maximum Speed Limits - Freeways,Not Applicable,Not Applicable,1,Traffic Citation
40.2480895,-75.91467,"Thursday, October 2, 2025 8:13 AM",Maximum Speed Limits - Freeways,Not Applicable,Not Applicable,1,Traffic Citation
40.248105,-75.914666,"Friday, December 26, 2025 9:40 AM",Maximum Speed Limits - Freeways,Not Applicable,Not Applicable,1,Traffic Citation
40.2481066,-77.079304,"Saturday, January 3, 2026 3:34 PM",Maximum Speed Limits - Freeways,Not Applicable,Not Applicable,1,Traffic Citation
40.2481425,-75.914656,"Wednesday, October 1, 2025 9:23 AM",Maximum Speed Limits - Freeways,Not Applicable,Not Applicable,1,Traffic Citation
40.248195,-75.914643,"Friday, November 28, 2025 12:11 PM",Maximum Speed Limits - Freeways,Not Applicable,Not Applicable,1,Traffic Citation
40.2482395,-75.914631,"Friday, December 26, 2025 11:13 AM",Maximum Speed Limits - Freeways,Not Applicable,Not Applicable,1,Traffic Citation
40.248246,-75.91463,"Wednesday, February 25, 2026 10:31 AM",Maximum Speed Limits - Freeways,Not Applicable,Not Applicable,2,Traffic Citation
40.2482593,-77.079008,"Tuesday, July 1, 2025 10:25 PM",Maximum Speed Limits - Freeways,Not Applicable,Not Applicable,1,Traffic Citation
40.2482713,-75.914623,"Friday, August 22, 2025 3:04 PM",Maximum Speed Limits - Freeways,Not Applicable,Not Applicable,1,Traffic Citation
40.2483037,-75.914615,"Saturday, December 27, 2025 11:42 AM",Maximum Speed Limits - Freeways,Not Applicable,Not Applicable,1,Traffic Citation
40.248382,-75.914596,"Friday, December 26, 2025 10:00 AM",Maximum Speed Limits - Freeways,Not Applicable,Not Applicable,1,Traffic Citation
40.24842,-75.914586,"Wednesday, February 18, 2026 12:41 PM",Maximum Speed Limits - Freeways,Not Applicable,Not Applicable,1,Traffic Citation
40.2484644,-75.914575,"Friday, July 11, 2025 11:39 AM",Maximum Speed Limits - Freeways,Not Applicable,Not Applicable,1,Traffic Citation
40.248501,-75.914566,"Wednesday, October 1, 2025 8:44 AM",Maximum Speed Limits - Freeways,Not Applicable,Not Applicable,1,Traffic Citation
40.2485044,-75.914565,"Wednesday, October 1, 2025 10:53 AM",Maximum Speed Limits - Freeways,Not Applicable,Not Applicable,1,Traffic Citation
40.2485531,-75.914553,"Friday, August 29, 2025 4:33 PM",Maximum Speed Limits - Freeways,Not Applicable,Not Applicable,3,Traffic Citation
40.2486154,-78.458988,"Monday, April 13, 2026 7:53 PM",Maximum Speed Limits - Freeways,Not Applicable,Not Applicable,1,Traffic Citation
40.2487307,-75.914509,"Tuesday, October 21, 2025 6:31 AM",Maximum Speed Limits - Freeways,Not Applicable,Not Applicable,1,Traffic Citation
40.2487898,-75.914495,"Tuesday, April 21, 2026 7:57 AM",Maximum Speed Limits - Freeways,Not Applicable,Not Applicable,1,Traffic Citation
40.2487962,-78.893542,"Sunday, November 30, 2025 12:44 PM",Maximum Speed Limits - Freeways,Not Applicable,Not Applicable,1,Traffic Citation
40.2489489,-75.346015,"Friday, September 12, 2025 6:51 PM",Maximum Speed Limits - Freeways,Not Applicable,Not Applicable,2,Traffic Citation
40.2491454,-75.346428,"Friday, July 4, 2025 11:53 AM",Maximum Speed Limits - Freeways,Not Applicable,Not Applicable,3,Traffic Citation
40.2493112,-77.077112,"Sunday, January 11, 2026 9:33 AM",Maximum Speed Limits - Freeways,Not Applicable,Not Applicable,1,Traffic Citation
40.2493447,-78.892725,"Sunday, November 30, 2025 12:26 PM",Maximum Speed Limits - Freeways,Not Applicable,Not Applicable,1,Traffic Citation
40.2493702,-77.077013,"Sunday, October 19, 2025 8:06 AM",Maximum Speed Limits - Freeways,Not Applicable,Not Applicable,1,Traffic Citation
40.2494904,-78.892509,"Sunday, November 30, 2025 11:25 AM",Maximum Speed Limits - Freeways,Not Applicable,Not Applicable,1,Traffic Citation
40.2496288,-75.913995,"Thursday, March 12, 2026 2:51 PM",Maximum Speed Limits - Freeways,Not Applicable,Not Applicable,1,Traffic Citation
40.249629,-75.913995,"Friday, August 29, 2025 9:59 AM",Maximum Speed Limits - Freeways,Not Applicable,Not Applicable,2,Traffic Citation
40.2496993,-78.458703,"Tuesday, June 9, 2026 9:20 AM",Maximum Speed Limits - Freeways,Not Applicable,Not Applicable,1,Traffic Citation
40.2497638,-77.076357,"Sunday, November 2, 2025 10:05 AM",Maximum Speed Limits - Freeways,Not Applicable,Not Applicable,1,Traffic Citation
40.2501226,-75.913874,"Friday, June 12, 2026 7:33 PM",Maximum Speed Limits - Freeways,Not Applicable,Not Applicable,1,Traffic Citation
40.2501422,-75.913869,"Wednesday, July 16, 2025 8:22 AM",Maximum Speed Limits - Freeways,Not Applicable,Not Applicable,1,Traffic Citation
40.2502717,-75.914128,"Saturday, November 29, 2025 3:00 PM",Maximum Speed Limits - Freeways,Not Applicable,Not Applicable,1,Traffic Citation
40.2502944,-77.075514,"Sunday, November 2, 2025 8:50 AM",Maximum Speed Limits - Freeways,Not Applicable,Not Applicable,1,Traffic Citation
40.2504492,-79.982734,"Monday, March 23, 2026 7:26 AM",Maximum Speed Limits - Freeways,Not Applicable,Not Applicable,1,Traffic Citation
40.2504832,-78.45932,"Friday, May 29, 2026 10:27 PM",Maximum Speed Limits - Freeways,Not Applicable,Not Applicable,1,Traffic Citation
40.2505002,-75.914071,"Tuesday, April 14, 2026 9:07 AM",Maximum Speed Limits - Freeways,Not Applicable,Not Applicable,2,Traffic Citation
40.2505632,-75.913765,"Friday, August 29, 2025 7:02 AM",Maximum Speed Limits - Freeways,Not Applicable,Not Applicable,1,Traffic Citation
40.2510819,-78.458337,"Saturday, August 30, 2025 6:57 AM",Maximum Speed Limits - Freeways,Not Applicable,Not Applicable,1,Traffic Citation
40.2511132,-75.91393,"Friday, November 28, 2025 2:49 PM",Maximum Speed Limits - Freeways,Not Applicable,Not Applicable,1,Traffic Citation
40.2511359,-75.913633,"Saturday, November 29, 2025 5:39 PM",Maximum Speed Limits - Freeways,Not Applicable,Not Applicable,1,Traffic Citation
40.2514277,-78.459069,"Wednesday, February 4, 2026 9:36 PM",Maximum Speed Limits - Freeways,Not Applicable,Not Applicable,2,Traffic Citation
40.2514784,-78.459056,"Saturday, January 17, 2026 1:06 PM",Maximum Speed Limits - Freeways,Not Applicable,Not Applicable,1,Traffic Citation
40.2515471,-77.0737,"Sunday, March 29, 2026 8:19 AM",Maximum Speed Limits - Freeways,Not Applicable,Not Applicable,1,Traffic Citation
40.2515934,-77.073636,"Saturday, October 18, 2025 8:36 AM",Maximum Speed Limits - Freeways,Not Applicable,Not Applicable,1,Traffic Citation
40.2516718,-75.91382,"Friday, May 8, 2026 5:52 AM",Maximum Speed Limits - Freeways,Not Applicable,Not Applicable,1,Traffic Citation
40.2518051,-75.913505,"Wednesday, April 22, 2026 6:45 AM",Maximum Speed Limits - Freeways,Not Applicable,Not Applicable,1,Traffic Citation
40.2518074,-77.07334,"Friday, December 26, 2025 7:13 AM",Maximum Speed Limits - Freeways,Not Applicable,Not Applicable,1,Traffic Citation
40.2518261,-78.458969,"Wednesday, November 26, 2025 6:13 AM",Maximum Speed Limits - Freeways,Not Applicable,Not Applicable,1,Traffic Citation
40.2519122,-77.072645,"Saturday, March 14, 2026 9:55 PM",Maximum Speed Limits - Freeways,Not Applicable,Not Applicable,1,Traffic Citation
40.2519583,-79.642318,"Monday, May 11, 2026 8:33 PM",Maximum Speed Limits - Freeways,Not Applicable,Not Applicable,1,Traffic Citation
40.2528563,-78.457859,"Monday, September 22, 2025 1:56 PM",Maximum Speed Limits - Freeways,Not Applicable,Not Applicable,1,Traffic Citation
40.2529378,-75.348,"Thursday, September 18, 2025 8:21 AM",Maximum Speed Limits - Freeways,Not Applicable,Not Applicable,1,Traffic Citation
40.2529957,-75.913647,"Friday, August 29, 2025 12:00 PM",Maximum Speed Limits - Freeways,Not Applicable,Not Applicable,1,Traffic Citation
40.2530077,-76.035202,"Tuesday, June 9, 2026 5:47 PM",Maximum Speed Limits - Freeways,Not Applicable,Not Applicable,3,Traffic Citation
40.2530398,-75.3484,"Tuesday, November 4, 2025 11:03 AM",Maximum Speed Limits - Freeways,Not Applicable,Not Applicable,1,Traffic Citation
40.253139,-75.913346,"Thursday, July 3, 2025 12:13 PM",Maximum Speed Limits - Freeways,Not Applicable,Not Applicable,1,Traffic Citation
40.2535029,-75.913618,"Tuesday, January 20, 2026 9:41 AM",Maximum Speed Limits - Freeways,Not Applicable,Not Applicable,1,Traffic Citation
40.2537016,-75.913609,"Friday, August 29, 2025 9:45 AM",Maximum Speed Limits - Freeways,Not Applicable,Not Applicable,3,Traffic Citation
40.2538786,-75.9136,"Tuesday, August 19, 2025 2:39 PM",Maximum Speed Limits - Freeways,Not Applicable,Not Applicable,1,Traffic Citation
40.2548779,-75.913596,"Sunday, August 31, 2025 12:28 PM",Maximum Speed Limits - Freeways,Not Applicable,Not Applicable,1,Traffic Citation
40.2549099,-75.913597,"Tuesday, September 23, 2025 12:19 PM",Maximum Speed Limits - Freeways,Not Applicable,Not Applicable,1,Traffic Citation
40.2555222,-77.068353,"Wednesday, October 22, 2025 5:26 AM",Maximum Speed Limits - Freeways,Not Applicable,Not Applicable,2,Traffic Citation
40.255584,-75.349329,"Wednesday, November 26, 2025 3:42 PM",Maximum Speed Limits - Freeways,Not Applicable,Not Applicable,1,Traffic Citation
40.2556766,-77.068145,"Thursday, November 20, 2025 6:48 AM",Maximum Speed Limits - Freeways,Not Applicable,Not Applicable,2,Traffic Citation
40.2560639,-75.913668,"Friday, August 29, 2025 6:48 AM",Maximum Speed Limits - Freeways,Not Applicable,Not Applicable,1,Traffic Citation
40.2563528,-75.913399,"Friday, August 29, 2025 11:49 AM",Maximum Speed Limits - Freeways,Not Applicable,Not Applicable,1,Traffic Citation
40.2564202,-75.91371,"Monday, June 22, 2026 8:34 AM",Maximum Speed Limits - Freeways,Not Applicable,Not Applicable,1,Traffic Citation
40.2564925,-75.91342,"Wednesday, April 29, 2026 8:52 AM",Maximum Speed Limits - Freeways,Not Applicable,Not Applicable,1,Traffic Citation
40.2567314,-75.913753,"Saturday, January 24, 2026 7:07 AM",Maximum Speed Limits - Freeways,Not Applicable,Not Applicable,1,Traffic Citation
40.2570014,-75.913494,"Monday, March 9, 2026 12:32 PM",Maximum Speed Limits - Freeways,Not Applicable,Not Applicable,1,Traffic Citation
40.2570154,-75.913497,"Wednesday, January 28, 2026 8:28 AM",Maximum Speed Limits - Freeways,Not Applicable,Not Applicable,2,Traffic Citation
40.2570932,-79.642423,"Wednesday, August 20, 2025 12:57 PM",Maximum Speed Limits - Freeways,Not Applicable,Not Applicable,1,Traffic Citation
40.2570979,-75.913815,"Saturday, January 24, 2026 7:32 AM",Maximum Speed Limits - Freeways,Not Applicable,Not Applicable,1,Traffic Citation
40.2574812,-78.457464,"Tuesday, May 26, 2026 7:53 AM",Maximum Speed Limits - Freeways,Not Applicable,Not Applicable,1,Traffic Citation
40.2577516,-75.913632,"Saturday, November 29, 2025 2:44 PM",Maximum Speed Limits - Freeways,Not Applicable,Not Applicable,1,Traffic Citation
40.2578614,-75.913956,"Friday, August 29, 2025 7:23 AM",Maximum Speed Limits - Freeways,Not Applicable,Not Applicable,2,Traffic Citation
40.2587761,-75.914175,"Friday, January 2, 2026 7:27 AM",Maximum Speed Limits - Freeways,Not Applicable,Not Applicable,1,Traffic Citation
40.2592663,-75.351594,"Sunday, February 1, 2026 10:55 AM",Maximum Speed Limits - Freeways,Not Applicable,Not Applicable,1,Traffic Citation
40.2592723,-79.981443,"Thursday, October 2, 2025 8:40 AM",Maximum Speed Limits - Freeways,Not Applicable,Not Applicable,1,Traffic Citation
40.259327,-75.914351,"Friday, August 22, 2025 5:21 PM",Maximum Speed Limits - Freeways,Not Applicable,Not Applicable,1,Traffic Citation
40.2596304,-75.914445,"Friday, December 26, 2025 11:22 AM",Maximum Speed Limits - Freeways,Not Applicable,Not Applicable,1,Traffic Citation
40.2596724,-75.914458,"Wednesday, November 26, 2025 2:22 PM",Maximum Speed Limits - Freeways,Not Applicable,Not Applicable,1,Traffic Citation
40.2596861,-75.914462,"Friday, November 28, 2025 5:16 PM",Maximum Speed Limits - Freeways,Not Applicable,Not Applicable,1,Traffic Citation
40.2596869,-75.914463,"Sunday, November 2, 2025 2:33 PM",Maximum Speed Limits - Freeways,Not Applicable,Not Applicable,1,Traffic Citation
40.2597364,-75.914478,"Saturday, April 4, 2026 2:48 PM",Maximum Speed Limits - Freeways,Not Applicable,Not Applicable,1,Traffic Citation
40.2597581,-75.914484,"Saturday, April 4, 2026 5:13 PM",Maximum Speed Limits - Freeways,Not Applicable,Not Applicable,1,Traffic Citation
40.2598119,-75.914501,"Friday, May 22, 2026 12:38 PM",Maximum Speed Limits - Freeways,Not Applicable,Not Applicable,1,Traffic Citation
40.2598676,-77.0619,"Saturday, June 20, 2026 10:23 PM",Maximum Speed Limits - Freeways,Not Applicable,Not Applicable,1,Traffic Citation
40.2598804,-75.914522,"Thursday, October 2, 2025 11:07 AM",Maximum Speed Limits - Freeways,Not Applicable,Not Applicable,1,Traffic Citation
40.2598832,-75.914523,"Friday, August 29, 2025 5:35 PM",Maximum Speed Limits - Freeways,Not Applicable,Not Applicable,1,Traffic Citation
40.2599006,-75.914217,"Sunday, November 16, 2025 8:40 PM",Maximum Speed Limits - Freeways,Not Applicable,Not Applicable,1,Traffic Citation
40.2599189,-75.914534,"Sunday, November 30, 2025 12:58 PM",Maximum Speed Limits - Freeways,Not Applicable,Not Applicable,1,Traffic Citation
40.2599215,-75.914534,"Sunday, November 30, 2025 7:41 AM",Maximum Speed Limits - Freeways,Not Applicable,Not Applicable,1,Traffic Citation
40.2599492,-75.914543,"Wednesday, August 13, 2025 7:33 AM",Maximum Speed Limits - Freeways,Not Applicable,Not Applicable,1,Traffic Citation
40.2600074,-75.914587,"Friday, August 29, 2025 4:51 PM",Maximum Speed Limits - Freeways,Not Applicable,Not Applicable,1,Traffic Citation
40.2601749,-75.91462,"Friday, November 28, 2025 5:42 PM",Maximum Speed Limits - Freeways,Not Applicable,Not Applicable,1,Traffic Citation
40.2602636,-75.914647,"Saturday, April 4, 2026 2:26 PM",Maximum Speed Limits - Freeways,Not Applicable,Not Applicable,1,Traffic Citation
40.2603068,-75.914661,"Friday, May 22, 2026 11:35 AM",Maximum Speed Limits - Freeways,Not Applicable,Not Applicable,1,Traffic Citation
40.2604289,-75.914698,"Wednesday, November 26, 2025 8:53 PM",Maximum Speed Limits - Freeways,Not Applicable,Not Applicable,1,Traffic Citation
40.2604647,-75.914709,"Wednesday, January 21, 2026 8:38 AM",Maximum Speed Limits - Freeways,Not Applicable,Not Applicable,2,Traffic Citation
40.2614975,-77.059328,"Saturday, June 6, 2026 12:02 AM",Maximum Speed Limits - Freeways,Not Applicable,Not Applicable,1,Traffic Citation
40.2616529,-78.456364,"Tuesday, April 14, 2026 8:02 AM",Maximum Speed Limits - Freeways,Not Applicable,Not Applicable,1,Traffic Citation
40.2616547,-75.914793,"Friday, August 29, 2025 12:12 PM",Maximum Speed Limits - Freeways,Not Applicable,Not Applicable,3,Traffic Citation
40.2618358,-77.059384,"Saturday, May 30, 2026 5:11 PM",Maximum Speed Limits - Freeways,Not Applicable,Not Applicable,1,Traffic Citation
40.2619383,-75.914887,"Wednesday, February 25, 2026 1:03 PM",Maximum Speed Limits - Freeways,Not Applicable,Not Applicable,1,Traffic Citation
40.2622039,-75.914971,"Saturday, November 29, 2025 12:50 PM",Maximum Speed Limits - Freeways,Not Applicable,Not Applicable,1,Traffic Citation
40.2624137,-77.058346,"Wednesday, March 25, 2026 9:49 AM",Maximum Speed Limits - Freeways,Not Applicable,Not Applicable,1,Traffic Citation
40.2629083,-75.915495,"Sunday, August 31, 2025 12:18 PM",Maximum Speed Limits - Freeways,Not Applicable,Not Applicable,1,Traffic Citation
40.2629432,-77.05733,"Friday, February 6, 2026 2:09 AM",Maximum Speed Limits - Freeways,Not Applicable,Not Applicable,5,Traffic Citation
40.263272,-79.654003,"Saturday, July 5, 2025 10:10 AM",Maximum Speed Limits - Freeways,Not Applicable,Not Applicable,3,Traffic Citation
40.2634453,-78.455048,"Friday, May 22, 2026 12:52 PM",Maximum Speed Limits - Freeways,Not Applicable,Not Applicable,1,Traffic Citation
40.2638679,-77.054625,"Saturday, March 14, 2026 12:33 PM",Maximum Speed Limits - Freeways,Not Applicable,Not Applicable,1,Traffic Citation
40.2641299,-77.054809,"Friday, November 28, 2025 3:16 PM",Maximum Speed Limits - Freeways,Not Applicable,Not Applicable,1,Traffic Citation
40.2641886,-75.915803,"Thursday, February 26, 2026 2:42 PM",Maximum Speed Limits - Freeways,Not Applicable,Not Applicable,1,Traffic Citation
40.2646818,-75.915883,"Friday, July 4, 2025 1:12 PM",Maximum Speed Limits - Freeways,Not Applicable,Not Applicable,1,Traffic Citation
40.264783,-75.915897,"Saturday, August 30, 2025 8:43 AM",Maximum Speed Limits - Freeways,Not Applicable,Not Applicable,1,Traffic Citation
40.2650118,-75.354154,"Friday, May 1, 2026 2:36 PM",Maximum Speed Limits - Freeways,Not Applicable,Not Applicable,1,Traffic Citation
40.2654293,-77.051204,"Wednesday, August 6, 2025 6:14 PM",Maximum Speed Limits - Freeways,Not Applicable,Not Applicable,1,Traffic Citation
40.2656004,-75.35444,"Monday, August 4, 2025 12:17 PM",Maximum Speed Limits - Freeways,Not Applicable,Not Applicable,1,Traffic Citation
40.2657879,-75.91599,"Wednesday, June 17, 2026 6:03 AM",Maximum Speed Limits - Freeways,Not Applicable,Not Applicable,2,Traffic Citation
40.2659258,-79.97489,"Thursday, March 5, 2026 7:42 AM",Maximum Speed Limits - Freeways,Not Applicable,Not Applicable,2,Traffic Citation
40.2661046,-75.354389,"Tuesday, February 10, 2026 10:12 AM",Maximum Speed Limits - Freeways,Not Applicable,Not Applicable,3,Traffic Citation
40.2669798,-75.354806,"Tuesday, May 5, 2026 6:48 PM",Maximum Speed Limits - Freeways,Not Applicable,Not Applicable,2,Traffic Citation
40.2671738,-79.97222,"Sunday, November 30, 2025 7:33 AM",Maximum Speed Limits - Freeways,Not Applicable,Not Applicable,1,Traffic Citation
40.2675634,-75.355082,"Saturday, September 13, 2025 9:28 AM",Maximum Speed Limits - Freeways,Not Applicable,Not Applicable,1,Traffic Citation
40.2678389,-75.915633,"Monday, December 1, 2025 6:54 AM",Maximum Speed Limits - Freeways,Not Applicable,Not Applicable,1,Traffic Citation
40.2679034,-77.045784,"Tuesday, July 29, 2025 8:03 AM",Maximum Speed Limits - Freeways,Not Applicable,Not Applicable,1,Traffic Citation
40.2681117,-75.355563,"Thursday, January 1, 2026 12:34 PM",Maximum Speed Limits - Freeways,Not Applicable,Not Applicable,1,Traffic Citation
40.2684987,-77.044474,"Sunday, January 11, 2026 8:51 AM",Maximum Speed Limits - Freeways,Not Applicable,Not Applicable,1,Traffic Citation
40.2687603,-77.044579,"Thursday, June 18, 2026 6:49 AM",Maximum Speed Limits - Freeways,Not Applicable,Not Applicable,1,Traffic Citation
40.269293,-79.96728,"Tuesday, December 16, 2025 1:52 PM",Maximum Speed Limits - Freeways,Not Applicable,Not Applicable,1,Traffic Citation
40.2694425,-75.915621,"Thursday, February 26, 2026 2:33 PM",Maximum Speed Limits - Freeways,Not Applicable,Not Applicable,1,Traffic Citation
40.2697419,-77.042418,"Wednesday, July 2, 2025 6:30 AM",Maximum Speed Limits - Freeways,Not Applicable,Not Applicable,1,Traffic Citation
40.2701678,-77.040777,"Friday, February 20, 2026 9:41 PM",Maximum Speed Limits - Freeways,Not Applicable,Not Applicable,1,Traffic Citation
40.2701756,-75.356507,"Tuesday, April 21, 2026 4:50 PM",Maximum Speed Limits - Freeways,Not Applicable,Not Applicable,1,Traffic Citation
40.2706105,-75.915268,"Friday, August 29, 2025 6:19 AM",Maximum Speed Limits - Freeways,Not Applicable,Not Applicable,1,Traffic Citation
40.2706239,-75.356725,"Sunday, February 1, 2026 10:40 AM",Maximum Speed Limits - Freeways,Not Applicable,Not Applicable,2,Traffic Citation
40.2706492,-75.35674,"Thursday, September 18, 2025 10:35 AM",Maximum Speed Limits - Freeways,Not Applicable,Not Applicable,1,Traffic Citation
40.2707728,-75.356481,"Monday, March 2, 2026 8:47 AM",Maximum Speed Limits - Freeways,Not Applicable,Not Applicable,1,Traffic Citation
40.2708569,-77.040394,"Saturday, July 5, 2025 10:18 PM",Maximum Speed Limits - Freeways,Not Applicable,Not Applicable,1,Traffic Citation
40.2710108,-75.356935,"Thursday, January 1, 2026 3:08 PM",Maximum Speed Limits - Freeways,Not Applicable,Not Applicable,1,Traffic Citation
40.2712652,-78.453219,"Thursday, July 3, 2025 1:14 PM",Maximum Speed Limits - Freeways,Not Applicable,Not Applicable,1,Traffic Citation
40.2713042,-75.357074,"Friday, September 12, 2025 7:24 PM",Maximum Speed Limits - Freeways,Not Applicable,Not Applicable,1,Traffic Citation
40.2714987,-75.357165,"Sunday, May 10, 2026 10:31 PM",Maximum Speed Limits - Freeways,Not Applicable,Not Applicable,1,Traffic Citation
40.2716498,-77.032432,"Friday, May 15, 2026 2:02 AM",Maximum Speed Limits - Freeways,Not Applicable,Not Applicable,2,Traffic Citation
40.2716827,-77.026952,"Saturday, July 5, 2025 8:35 PM",Maximum Speed Limits - Freeways,Not Applicable,Not Applicable,1,Traffic Citation
40.2718254,-77.025309,"Monday, November 10, 2025 1:05 PM",Maximum Speed Limits - Freeways,Not Applicable,Not Applicable,1,Traffic Citation
40.271841,-77.035894,"Thursday, May 7, 2026 6:47 AM",Maximum Speed Limits - Freeways,Not Applicable,Not Applicable,1,Traffic Citation
40.2718968,-77.033753,"Saturday, February 28, 2026 11:21 PM",Maximum Speed Limits - Freeways,Not Applicable,Not Applicable,1,Traffic Citation
40.2719004,-77.033258,"Sunday, August 31, 2025 4:07 PM",Maximum Speed Limits - Freeways,Not Applicable,Not Applicable,1,Traffic Citation
40.2719061,-77.032985,"Tuesday, August 19, 2025 6:42 AM",Maximum Speed Limits - Freeways,Not Applicable,Not Applicable,1,Traffic Citation
40.2719413,-75.357176,"Thursday, January 1, 2026 1:00 PM",Maximum Speed Limits - Freeways,Not Applicable,Not Applicable,1,Traffic Citation
40.2720094,-77.001289,"Sunday, January 4, 2026 6:26 PM",Maximum Speed Limits - Freeways,Not Applicable,Not Applicable,1,Traffic Citation
40.2723093,-77.023937,"Tuesday, March 24, 2026 12:14 AM",Maximum Speed Limits - Freeways,Not Applicable,Not Applicable,1,Traffic Citation
40.2724885,-75.914425,"Monday, December 15, 2025 7:46 PM",Maximum Speed Limits - Freeways,Not Applicable,Not Applicable,1,Traffic Citation
40.2724968,-77.019256,"Friday, December 19, 2025 9:30 AM",Maximum Speed Limits - Freeways,Not Applicable,Not Applicable,2,Traffic Citation
40.2725253,-77.022065,"Wednesday, March 25, 2026 9:23 AM",Maximum Speed Limits - Freeways,Not Applicable,Not Applicable,1,Traffic Citation
40.2725369,-77.022297,"Sunday, August 31, 2025 2:42 PM",Maximum Speed Limits - Freeways,Not Applicable,Not Applicable,1,Traffic Citation
40.2725815,-77.022003,"Sunday, August 31, 2025 5:20 PM",Maximum Speed Limits - Freeways,Not Applicable,Not Applicable,1,Traffic Citation
40.2725961,-77.021905,"Sunday, August 31, 2025 3:07 PM",Maximum Speed Limits - Freeways,Not Applicable,Not Applicable,1,Traffic Citation
40.2726013,-77.02187,"Tuesday, November 18, 2025 10:15 AM",Maximum Speed Limits - Freeways,Not Applicable,Not Applicable,1,Traffic Citation
40.2726051,-77.021845,"Monday, September 1, 2025 1:48 PM",Maximum Speed Limits - Freeways,Not Applicable,Not Applicable,1,Traffic Citation
40.2726085,-77.021822,"Sunday, August 31, 2025 4:11 PM",Maximum Speed Limits - Freeways,Not Applicable,Not Applicable,1,Traffic Citation
40.2727744,-75.914258,"Monday, March 30, 2026 8:12 AM",Maximum Speed Limits - Freeways,Not Applicable,Not Applicable,1,Traffic Citation
40.2728259,-77.016298,"Friday, March 13, 2026 8:14 PM",Maximum Speed Limits - Freeways,Not Applicable,Not Applicable,1,Traffic Citation
40.2732726,-77.01754,"Sunday, April 5, 2026 9:47 PM",Maximum Speed Limits - Freeways,Not Applicable,Not Applicable,1,Traffic Citation
40.2733178,-75.357969,"Tuesday, April 21, 2026 12:38 PM",Maximum Speed Limits - Freeways,Not Applicable,Not Applicable,2,Traffic Citation
40.2734524,-75.358027,"Saturday, December 13, 2025 8:15 AM",Maximum Speed Limits - Freeways,Not Applicable,Not Applicable,1,Traffic Citation
40.2734932,-77.010285,"Wednesday, February 11, 2026 8:21 PM",Maximum Speed Limits - Freeways,Not Applicable,Not Applicable,2,Traffic Citation
40.2735481,-75.913787,"Thursday, February 26, 2026 2:22 PM",Maximum Speed Limits - Freeways,Not Applicable,Not Applicable,1,Traffic Citation
40.2741759,-75.913356,"Wednesday, April 1, 2026 5:04 PM",Maximum Speed Limits - Freeways,Not Applicable,Not Applicable,1,Traffic Citation
40.2742229,-77.003741,"Thursday, October 2, 2025 1:38 PM",Maximum Speed Limits - Freeways,Not Applicable,Not Applicable,1,Traffic Citation
40.2748095,-79.956184,"Tuesday, June 16, 2026 5:00 PM",Maximum Speed Limits - Freeways,Not Applicable,Not Applicable,1,Traffic Citation
40.2748723,-75.912439,"Friday, August 29, 2025 6:33 AM",Maximum Speed Limits - Freeways,Not Applicable,Not Applicable,1,Traffic Citation
40.2756052,-76.991249,"Sunday, August 3, 2025 6:58 PM",Maximum Speed Limits - Freeways,Not Applicable,Not Applicable,1,Traffic Citation
40.2756089,-76.991217,"Wednesday, July 23, 2025 6:32 PM",Maximum Speed Limits - Freeways,Not Applicable,Not Applicable,1,Traffic Citation
40.275888,-78.451553,"Thursday, July 3, 2025 1:55 PM",Maximum Speed Limits - Freeways,Not Applicable,Not Applicable,1,Traffic Citation
40.2762642,-76.987578,"Tuesday, February 10, 2026 1:32 PM",Maximum Speed Limits - Freeways,Not Applicable,Not Applicable,1,Traffic Citation
40.2762741,-75.359327,"Wednesday, May 13, 2026 8:55 PM",Maximum Speed Limits - Freeways,Not Applicable,Not Applicable,1,Traffic Citation
40.276303,-76.987461,"Monday, April 27, 2026 6:01 AM",Maximum Speed Limits - Freeways,Not Applicable,Not Applicable,1,Traffic Citation
40.2763269,-75.359353,"Saturday, May 2, 2026 1:21 PM",Maximum Speed Limits - Freeways,Not Applicable,Not Applicable,1,Traffic Citation
40.2763926,-75.359384,"Wednesday, August 6, 2025 12:22 PM",Maximum Speed Limits - Freeways,Not Applicable,Not Applicable,2,Traffic Citation
40.2764689,-75.91139,"Friday, August 29, 2025 9:23 AM",Maximum Speed Limits - Freeways,Not Applicable,Not Applicable,2,Traffic Citation
40.2768153,-75.910711,"Tuesday, May 5, 2026 10:22 AM",Maximum Speed Limits - Freeways,Not Applicable,Not Applicable,1,Traffic Citation
40.2769117,-79.950671,"Friday, February 13, 2026 7:29 PM",Maximum Speed Limits - Freeways,Not Applicable,Not Applicable,3,Traffic Citation
40.2777476,-75.360007,"Saturday, September 13, 2025 11:31 AM",Maximum Speed Limits - Freeways,Not Applicable,Not Applicable,1,Traffic Citation
40.2781353,-75.909886,"Thursday, August 28, 2025 8:07 AM",Maximum Speed Limits - Freeways,Not Applicable,Not Applicable,1,Traffic Citation
40.2791322,-75.908631,"Friday, April 3, 2026 5:12 PM",Maximum Speed Limits - Freeways,Not Applicable,Not Applicable,1,Traffic Citation
40.2799559,-76.98464,"Friday, November 14, 2025 1:00 PM",Maximum Speed Limits - Freeways,Not Applicable,Not Applicable,1,Traffic Citation
40.2807767,-75.361373,"Monday, May 4, 2026 11:51 AM",Maximum Speed Limits - Freeways,Not Applicable,Not Applicable,1,Traffic Citation
40.2808792,-75.90742,"Friday, August 29, 2025 11:30 AM",Maximum Speed Limits - Freeways,Not Applicable,Not Applicable,1,Traffic Citation
40.2816846,-78.449462,"Thursday, October 16, 2025 6:59 AM",Maximum Speed Limits - Freeways,Not Applicable,Not Applicable,1,Traffic Citation
40.2818678,-76.983676,"Thursday, May 21, 2026 8:45 PM",Maximum Speed Limits - Freeways,Not Applicable,Not Applicable,1,Traffic Citation
40.2821315,-76.983601,"Wednesday, March 25, 2026 12:39 PM",Maximum Speed Limits - Freeways,Not Applicable,Not Applicable,1,Traffic Citation
40.2835985,-75.362604,"Saturday, August 30, 2025 9:33 AM",Maximum Speed Limits - Freeways,Not Applicable,Not Applicable,1,Traffic Citation
40.2838504,-76.820362,"Friday, May 22, 2026 11:41 PM",Maximum Speed Limits - Freeways,Not Applicable,Not Applicable,1,Traffic Citation
40.2841404,-75.362858,"Tuesday, August 5, 2025 1:56 PM",Maximum Speed Limits - Freeways,Not Applicable,Not Applicable,1,Traffic Citation
40.2842408,-78.448542,"Thursday, July 3, 2025 3:49 PM",Maximum Speed Limits - Freeways,Not Applicable,Not Applicable,1,Traffic Citation
40.2850859,-75.363287,"Friday, June 5, 2026 7:43 PM",Maximum Speed Limits - Freeways,Not Applicable,Not Applicable,1,Traffic Citation
40.2865533,-75.363939,"Friday, May 22, 2026 7:25 AM",Maximum Speed Limits - Freeways,Not Applicable,Not Applicable,1,Traffic Citation
40.2866352,-75.363979,"Monday, September 1, 2025 9:01 AM",Maximum Speed Limits - Freeways,Not Applicable,Not Applicable,2,Traffic Citation
40.2866729,-75.903409,"Thursday, June 25, 2026 6:54 AM",Maximum Speed Limits - Freeways,Not Applicable,Not Applicable,1,Traffic Citation
40.2866957,-75.364008,"Monday, March 2, 2026 1:03 PM",Maximum Speed Limits - Freeways,Not Applicable,Not Applicable,1,Traffic Citation
40.2869155,-76.821703,"Tuesday, December 23, 2025 12:02 PM",Maximum Speed Limits - Freeways,Not Applicable,Not Applicable,2,Traffic Citation
40.2869308,-75.363795,"Monday, April 20, 2026 11:47 PM",Maximum Speed Limits - Freeways,Not Applicable,Not Applicable,1,Traffic Citation
40.2871139,-75.364225,"Saturday, June 13, 2026 3:32 PM",Maximum Speed Limits - Freeways,Not Applicable,Not Applicable,2,Traffic Citation
40.2873211,-75.364336,"Friday, September 19, 2025 6:36 PM",Maximum Speed Limits - Freeways,Not Applicable,Not Applicable,2,Traffic Citation
40.2879329,-76.982619,"Wednesday, March 11, 2026 8:01 AM",Maximum Speed Limits - Freeways,Not Applicable,Not Applicable,1,Traffic Citation
40.2879839,-75.364684,"Thursday, February 12, 2026 4:02 PM",Maximum Speed Limits - Freeways,Not Applicable,Not Applicable,1,Traffic Citation
40.2881092,-75.364749,"Friday, July 4, 2025 11:18 PM",Maximum Speed Limits - Freeways,Not Applicable,Not Applicable,3,Traffic Citation
40.2881203,-76.982154,"Saturday, March 28, 2026 1:56 PM",Maximum Speed Limits - Freeways,Not Applicable,Not Applicable,1,Traffic Citation
40.2884497,-76.982121,"Tuesday, April 28, 2026 11:40 PM",Maximum Speed Limits - Freeways,Not Applicable,Not Applicable,1,Traffic Citation
40.2887077,-78.446932,"Friday, May 15, 2026 12:16 PM",Maximum Speed Limits - Freeways,Not Applicable,Not Applicable,1,Traffic Citation
40.2888774,-75.365175,"Friday, February 27, 2026 12:51 PM",Maximum Speed Limits - Freeways,Not Applicable,Not Applicable,1,Traffic Citation
40.2889191,-76.982058,"Saturday, July 5, 2025 9:48 PM",Maximum Speed Limits - Freeways,Not Applicable,Not Applicable,1,Traffic Citation
40.2898676,-75.365558,"Friday, June 12, 2026 6:29 PM",Maximum Speed Limits - Freeways,Not Applicable,Not Applicable,1,Traffic Citation
40.2898979,-75.365572,"Thursday, September 18, 2025 10:17 AM",Maximum Speed Limits - Freeways,Not Applicable,Not Applicable,1,Traffic Citation
40.289933,-75.36564,"Wednesday, February 25, 2026 7:27 AM",Maximum Speed Limits - Freeways,Not Applicable,Not Applicable,1,Traffic Citation
40.2899416,-75.365619,"Saturday, February 28, 2026 3:22 PM",Maximum Speed Limits - Freeways,Not Applicable,Not Applicable,2,Traffic Citation
40.2900225,-76.982242,"Friday, April 3, 2026 7:28 PM",Maximum Speed Limits - Freeways,Not Applicable,Not Applicable,1,Traffic Citation
40.2902975,-76.981749,"Friday, March 13, 2026 12:58 PM",Maximum Speed Limits - Freeways,Not Applicable,Not Applicable,1,Traffic Citation
40.290355,-76.982154,"Wednesday, February 11, 2026 12:06 PM",Maximum Speed Limits - Freeways,Not Applicable,Not Applicable,1,Traffic Citation
40.2920096,-76.009081,"Saturday, November 29, 2025 11:53 PM",Maximum Speed Limits - Freeways,Not Applicable,Not Applicable,1,Traffic Citation
40.2920751,-75.902226,"Thursday, February 26, 2026 2:55 PM",Maximum Speed Limits - Freeways,Not Applicable,Not Applicable,1,Traffic Citation
40.292326,-75.366684,"Tuesday, May 12, 2026 2:07 PM",Maximum Speed Limits - Freeways,Not Applicable,Not Applicable,1,Traffic Citation
40.292543,-76.981505,"Friday, April 24, 2026 2:16 PM",Maximum Speed Limits - Freeways,Not Applicable,Not Applicable,28,Traffic Citation
40.293897,-75.367066,"Sunday, May 24, 2026 1:26 PM",Maximum Speed Limits - Freeways,Not Applicable,Not Applicable,1,Traffic Citation
40.294211,-75.367543,"Saturday, January 3, 2026 10:20 AM",Maximum Speed Limits - Freeways,Not Applicable,Not Applicable,1,Traffic Citation
40.2942905,-75.367579,"Friday, June 5, 2026 7:39 PM",Maximum Speed Limits - Freeways,Not Applicable,Not Applicable,1,Traffic Citation
40.2943392,-76.980328,"Monday, September 29, 2025 12:25 PM",Maximum Speed Limits - Freeways,Not Applicable,Not Applicable,2,Traffic Citation
40.2945641,-75.902193,"Monday, October 27, 2025 4:10 PM",Maximum Speed Limits - Freeways,Not Applicable,Not Applicable,1,Traffic Citation
40.2952406,-75.368012,"Sunday, May 3, 2026 6:28 PM",Maximum Speed Limits - Freeways,Not Applicable,Not Applicable,1,Traffic Citation
40.2954119,-76.979556,"Saturday, January 3, 2026 12:28 AM",Maximum Speed Limits - Freeways,Not Applicable,Not Applicable,1,Traffic Citation
40.2958969,-76.978634,"Wednesday, May 6, 2026 8:27 PM",Maximum Speed Limits - Freeways,Not Applicable,Not Applicable,1,Traffic Citation
40.2958998,-76.978632,"Wednesday, May 6, 2026 9:32 PM",Maximum Speed Limits - Freeways,Not Applicable,Not Applicable,1,Traffic Citation
40.2959157,-76.978617,"Wednesday, May 6, 2026 10:08 PM",Maximum Speed Limits - Freeways,Not Applicable,Not Applicable,1,Traffic Citation
40.2966071,-76.977965,"Saturday, November 22, 2025 1:48 PM",Maximum Speed Limits - Freeways,Not Applicable,Not Applicable,1,Traffic Citation
40.2968712,-76.977689,"Monday, October 27, 2025 12:37 PM",Maximum Speed Limits - Freeways,Not Applicable,Not Applicable,1,Traffic Citation
40.297027,-76.978082,"Friday, April 3, 2026 6:27 PM",Maximum Speed Limits - Freeways,Not Applicable,Not Applicable,1,Traffic Citation
40.2970867,-76.977454,"Sunday, March 15, 2026 11:37 AM",Maximum Speed Limits - Freeways,Not Applicable,Not Applicable,2,Traffic Citation
40.2971537,-76.977379,"Wednesday, April 29, 2026 1:28 AM",Maximum Speed Limits - Freeways,Not Applicable,Not Applicable,1,Traffic Citation
40.297293,-76.977797,"Tuesday, August 5, 2025 11:04 AM",Maximum Speed Limits - Freeways,Not Applicable,Not Applicable,1,Traffic Citation
40.2975646,-76.977491,"Monday, March 9, 2026 5:54 PM",Maximum Speed Limits - Freeways,Not Applicable,Not Applicable,1,Traffic Citation
40.2975698,-76.977485,"Friday, March 13, 2026 12:48 PM",Maximum Speed Limits - Freeways,Not Applicable,Not Applicable,1,Traffic Citation
40.2976503,-76.977391,"Sunday, August 3, 2025 6:35 PM",Maximum Speed Limits - Freeways,Not Applicable,Not Applicable,1,Traffic Citation
40.2977491,-76.977275,"Saturday, December 20, 2025 11:55 AM",Maximum Speed Limits - Freeways,Not Applicable,Not Applicable,1,Traffic Citation
40.2978559,-76.977148,"Thursday, August 21, 2025 6:33 PM",Maximum Speed Limits - Freeways,Not Applicable,Not Applicable,1,Traffic Citation
40.2979399,-76.977046,"Monday, January 12, 2026 7:15 PM",Maximum Speed Limits - Freeways,Not Applicable,Not Applicable,1,Traffic Citation
40.2980493,-76.976912,"Monday, December 22, 2025 11:54 AM",Maximum Speed Limits - Freeways,Not Applicable,Not Applicable,1,Traffic Citation
40.2980877,-76.976865,"Monday, September 15, 2025 7:58 AM",Maximum Speed Limits - Freeways,Not Applicable,Not Applicable,1,Traffic Citation
40.2986696,-76.976099,"Sunday, October 26, 2025 6:10 PM",Maximum Speed Limits - Freeways,Not Applicable,Not Applicable,1,Traffic Citation
40.2992076,-76.826777,"Sunday, May 24, 2026 9:14 PM",Maximum Speed Limits - Freeways,Not Applicable,Not Applicable,1,Traffic Citation
40.2996214,-78.442695,"Friday, May 22, 2026 1:19 PM",Maximum Speed Limits - Freeways,Not Applicable,Not Applicable,1,Traffic Citation
40.2996313,-78.442693,"Tuesday, April 14, 2026 8:03 AM",Maximum Speed Limits - Freeways,Not Applicable,Not Applicable,3,Traffic Citation
40.2999042,-78.442636,"Friday, September 19, 2025 12:20 PM",Maximum Speed Limits - Freeways,Not Applicable,Not Applicable,1,Traffic Citation
40.2999047,-76.973438,"Wednesday, December 17, 2025 3:56 PM",Maximum Speed Limits - Freeways,Not Applicable,Not Applicable,1,Traffic Citation
40.3000196,-76.973957,"Friday, May 22, 2026 10:23 PM",Maximum Speed Limits - Freeways,Not Applicable,Not Applicable,1,Traffic Citation
40.3000335,-75.369693,"Sunday, October 5, 2025 8:16 PM",Maximum Speed Limits - Freeways,Not Applicable,Not Applicable,2,Traffic Citation
40.3000533,-76.973896,"Thursday, April 23, 2026 1:17 PM",Maximum Speed Limits - Freeways,Not Applicable,Not Applicable,2,Traffic Citation
40.3011759,-76.861276,"Wednesday, December 24, 2025 8:14 AM",Maximum Speed Limits - Freeways,Not Applicable,Not Applicable,1,Traffic Citation
40.301302,-75.370466,"Thursday, December 25, 2025 10:45 AM",Maximum Speed Limits - Freeways,Not Applicable,Not Applicable,1,Traffic Citation
40.3013607,-76.97106,"Wednesday, December 17, 2025 8:35 AM",Maximum Speed Limits - Freeways,Not Applicable,Not Applicable,1,Traffic Citation
40.3013618,-79.672053,"Sunday, July 6, 2025 10:45 AM",Maximum Speed Limits - Freeways,Not Applicable,Not Applicable,1,Traffic Citation
40.301492,-76.871591,"Monday, July 28, 2025 2:19 AM",Maximum Speed Limits - Freeways,Not Applicable,Not Applicable,1,Traffic Citation
40.3015011,-76.862529,"Monday, May 25, 2026 7:04 PM",Maximum Speed Limits - Freeways,Not Applicable,Not Applicable,1,Traffic Citation
40.3018799,-76.968358,"Wednesday, April 29, 2026 12:45 AM",Maximum Speed Limits - Freeways,Not Applicable,Not Applicable,1,Traffic Citation
40.3019738,-76.967994,"Tuesday, April 28, 2026 11:44 PM",Maximum Speed Limits - Freeways,Not Applicable,Not Applicable,1,Traffic Citation
40.3020048,-76.967862,"Monday, June 29, 2026 8:12 PM",Maximum Speed Limits - Freeways,Not Applicable,Not Applicable,1,Traffic Citation
40.302377,-75.370544,"Saturday, May 16, 2026 7:43 PM",Maximum Speed Limits - Freeways,Not Applicable,Not Applicable,1,Traffic Citation
40.302487,-76.968268,"Wednesday, December 24, 2025 10:59 AM",Maximum Speed Limits - Freeways,Not Applicable,Not Applicable,2,Traffic Citation
40.3025039,-75.370589,"Sunday, May 24, 2026 5:52 PM",Maximum Speed Limits - Freeways,Not Applicable,Not Applicable,1,Traffic Citation
40.3025604,-75.370925,"Friday, May 22, 2026 10:38 AM",Maximum Speed Limits - Freeways,Not Applicable,Not Applicable,1,Traffic Citation
40.3026866,-76.96497,"Tuesday, April 28, 2026 11:28 PM",Maximum Speed Limits - Freeways,Not Applicable,Not Applicable,1,Traffic Citation
40.3028277,-75.371023,"Monday, May 4, 2026 11:30 AM",Maximum Speed Limits - Freeways,Not Applicable,Not Applicable,2,Traffic Citation
40.3030596,-76.963404,"Wednesday, April 29, 2026 1:00 AM",Maximum Speed Limits - Freeways,Not Applicable,Not Applicable,1,Traffic Citation
40.3032148,-75.371162,"Wednesday, August 6, 2025 10:21 PM",Maximum Speed Limits - Freeways,Not Applicable,Not Applicable,3,Traffic Citation
40.3035986,-76.9612,"Monday, February 9, 2026 9:05 AM",Maximum Speed Limits - Freeways,Not Applicable,Not Applicable,1,Traffic Citation
40.3036006,-76.881216,"Friday, May 22, 2026 10:36 AM",Maximum Speed Limits - Freeways,Not Applicable,Not Applicable,1,Traffic Citation
40.3043152,-76.963754,"Sunday, January 4, 2026 8:38 PM",Maximum Speed Limits - Freeways,Not Applicable,Not Applicable,1,Traffic Citation
40.3043964,-76.96355,"Friday, June 19, 2026 9:20 AM",Maximum Speed Limits - Freeways,Not Applicable,Not Applicable,1,Traffic Citation
40.3046802,-76.957776,"Saturday, January 3, 2026 12:10 PM",Maximum Speed Limits - Freeways,Not Applicable,Not Applicable,1,Traffic Citation
40.3048623,-76.957242,"Wednesday, June 17, 2026 10:41 AM",Maximum Speed Limits - Freeways,Not Applicable,Not Applicable,1,Traffic Citation
40.3048661,-76.957231,"Monday, March 9, 2026 10:00 AM",Maximum Speed Limits - Freeways,Not Applicable,Not Applicable,1,Traffic Citation
40.3051959,-75.371565,"Wednesday, July 23, 2025 3:46 PM",Maximum Speed Limits - Freeways,Not Applicable,Not Applicable,1,Traffic Citation
40.3052907,-76.960943,"Friday, July 4, 2025 4:50 PM",Maximum Speed Limits - Freeways,Not Applicable,Not Applicable,1,Traffic Citation
40.3054009,-76.883955,"Sunday, September 7, 2025 3:56 PM",Maximum Speed Limits - Freeways,Not Applicable,Not Applicable,1,Traffic Citation
40.3054179,-76.960495,"Tuesday, July 1, 2025 8:58 PM",Maximum Speed Limits - Freeways,Not Applicable,Not Applicable,1,Traffic Citation
40.305423,-76.955598,"Friday, February 27, 2026 11:28 AM",Maximum Speed Limits - Freeways,Not Applicable,Not Applicable,1,Traffic Citation
40.3056814,-76.959492,"Tuesday, December 9, 2025 1:10 PM",Maximum Speed Limits - Freeways,Not Applicable,Not Applicable,1,Traffic Citation
40.306002,-76.958096,"Wednesday, December 31, 2025 9:07 PM",Maximum Speed Limits - Freeways,Not Applicable,Not Applicable,1,Traffic Citation
40.3061037,-76.953576,"Tuesday, June 9, 2026 10:20 PM",Maximum Speed Limits - Freeways,Not Applicable,Not Applicable,1,Traffic Citation
40.3065642,-76.955523,"Saturday, November 8, 2025 1:08 PM",Maximum Speed Limits - Freeways,Not Applicable,Not Applicable,1,Traffic Citation
40.3066497,-76.951954,"Tuesday, July 8, 2025 9:16 PM",Maximum Speed Limits - Freeways,Not Applicable,Not Applicable,1,Traffic Citation
40.306754,-76.885983,"Wednesday, December 24, 2025 9:32 AM",Maximum Speed Limits - Freeways,Not Applicable,Not Applicable,1,Traffic Citation
40.3068084,-79.674329,"Monday, May 11, 2026 7:47 PM",Maximum Speed Limits - Freeways,Not Applicable,Not Applicable,1,Traffic Citation
40.307161,-76.952772,"Saturday, May 23, 2026 6:02 PM",Maximum Speed Limits - Freeways,Not Applicable,Not Applicable,1,Traffic Citation
40.3073605,-75.372646,"Sunday, May 24, 2026 4:13 PM",Maximum Speed Limits - Freeways,Not Applicable,Not Applicable,2,Traffic Citation
40.3081857,-75.37263,"Friday, June 12, 2026 11:07 AM",Maximum Speed Limits - Freeways,Not Applicable,Not Applicable,2,Traffic Citation
40.3083451,-75.373006,"Saturday, July 5, 2025 6:09 AM",Maximum Speed Limits - Freeways,Not Applicable,Not Applicable,2,Traffic Citation
40.3084121,-76.947826,"Wednesday, December 24, 2025 10:21 AM",Maximum Speed Limits - Freeways,Not Applicable,Not Applicable,1,Traffic Citation
40.3092707,-78.817797,"Thursday, October 23, 2025 1:17 PM",Maximum Speed Limits - Freeways,Not Applicable,Not Applicable,1,Traffic Citation
40.3092716,-78.440712,"Thursday, July 17, 2025 10:32 AM",Maximum Speed Limits - Freeways,Not Applicable,Not Applicable,1,Traffic Citation
40.3095041,-78.440664,"Wednesday, November 26, 2025 8:46 AM",Maximum Speed Limits - Freeways,Not Applicable,Not Applicable,1,Traffic Citation
40.3095529,-78.440653,"Monday, August 11, 2025 2:30 PM",Maximum Speed Limits - Freeways,Not Applicable,Not Applicable,1,Traffic Citation
40.309665,-75.373479,"Sunday, May 10, 2026 10:18 PM",Maximum Speed Limits - Freeways,Not Applicable,Not Applicable,1,Traffic Citation
40.3097711,-78.440608,"Wednesday, December 31, 2025 1:39 PM",Maximum Speed Limits - Freeways,Not Applicable,Not Applicable,2,Traffic Citation
40.3101896,-76.89413,"Friday, February 27, 2026 12:07 PM",Maximum Speed Limits - Freeways,Not Applicable,Not Applicable,1,Traffic Citation
40.3103047,-75.373396,"Saturday, November 29, 2025 1:31 PM",Maximum Speed Limits - Freeways,Not Applicable,Not Applicable,2,Traffic Citation
40.3112688,-76.940166,"Saturday, August 30, 2025 9:03 AM",Maximum Speed Limits - Freeways,Not Applicable,Not Applicable,1,Traffic Citation
40.3115962,-78.813907,"Wednesday, July 30, 2025 5:29 AM",Maximum Speed Limits - Freeways,Not Applicable,Not Applicable,2,Traffic Citation
40.311621,-78.813859,"Thursday, July 10, 2025 6:34 AM",Maximum Speed Limits - Freeways,Not Applicable,Not Applicable,1,Traffic Citation
40.3117237,-78.812918,"Tuesday, July 8, 2025 6:49 AM",Maximum Speed Limits - Freeways,Not Applicable,Not Applicable,1,Traffic Citation
40.3117261,-75.37424,"Friday, April 10, 2026 11:28 AM",Maximum Speed Limits - Freeways,Not Applicable,Not Applicable,1,Traffic Citation
40.3117906,-78.812808,"Monday, March 23, 2026 4:47 PM",Maximum Speed Limits - Freeways,Not Applicable,Not Applicable,1,Traffic Citation
40.3118443,-76.937797,"Saturday, July 5, 2025 10:35 PM",Maximum Speed Limits - Freeways,Not Applicable,Not Applicable,1,Traffic Citation
40.3118688,-78.812682,"Wednesday, July 30, 2025 5:45 AM",Maximum Speed Limits - Freeways,Not Applicable,Not Applicable,1,Traffic Citation
40.3118937,-78.813351,"Tuesday, July 8, 2025 6:33 AM",Maximum Speed Limits - Freeways,Not Applicable,Not Applicable,1,Traffic Citation
40.3118975,-78.812637,"Sunday, March 8, 2026 2:52 PM",Maximum Speed Limits - Freeways,Not Applicable,Not Applicable,2,Traffic Citation
40.3118987,-78.812635,"Wednesday, November 19, 2025 5:02 PM",Maximum Speed Limits - Freeways,Not Applicable,Not Applicable,2,Traffic Citation
40.3119069,-78.812622,"Monday, March 30, 2026 2:14 PM",Maximum Speed Limits - Freeways,Not Applicable,Not Applicable,1,Traffic Citation
40.3119356,-78.812577,"Saturday, April 4, 2026 4:49 PM",Maximum Speed Limits - Freeways,Not Applicable,Not Applicable,1,Traffic Citation
40.3120939,-78.813012,"Tuesday, July 8, 2025 5:47 AM",Maximum Speed Limits - Freeways,Not Applicable,Not Applicable,1,Traffic Citation
40.312151,-78.440011,"Saturday, January 3, 2026 2:04 PM",Maximum Speed Limits - Freeways,Not Applicable,Not Applicable,1,Traffic Citation
40.3121632,-78.812246,"Friday, March 6, 2026 7:55 PM",Maximum Speed Limits - Freeways,Not Applicable,Not Applicable,1,Traffic Citation
40.3122222,-78.812164,"Sunday, September 28, 2025 2:24 PM",Maximum Speed Limits - Freeways,Not Applicable,Not Applicable,3,Traffic Citation
40.3123569,-78.811973,"Wednesday, November 19, 2025 5:38 PM",Maximum Speed Limits - Freeways,Not Applicable,Not Applicable,1,Traffic Citation
40.3124619,-78.811831,"Friday, April 3, 2026 8:49 AM",Maximum Speed Limits - Freeways,Not Applicable,Not Applicable,1,Traffic Citation
40.3124785,-78.81181,"Saturday, April 4, 2026 6:02 PM",Maximum Speed Limits - Freeways,Not Applicable,Not Applicable,1,Traffic Citation
40.3125692,-78.812308,"Wednesday, December 24, 2025 5:32 PM",Maximum Speed Limits - Freeways,Not Applicable,Not Applicable,1,Traffic Citation
40.3129061,-76.935012,"Sunday, January 4, 2026 7:28 PM",Maximum Speed Limits - Freeways,Not Applicable,Not Applicable,1,Traffic Citation
40.3132073,-75.374459,"Friday, November 28, 2025 6:29 PM",Maximum Speed Limits - Freeways,Not Applicable,Not Applicable,1,Traffic Citation
40.3133568,-76.933813,"Sunday, January 4, 2026 8:32 PM",Maximum Speed Limits - Freeways,Not Applicable,Not Applicable,1,Traffic Citation
40.3134511,-78.439573,"Sunday, January 4, 2026 2:33 PM",Maximum Speed Limits - Freeways,Not Applicable,Not Applicable,1,Traffic Citation
40.3138349,-75.375003,"Friday, June 5, 2026 7:26 PM",Maximum Speed Limits - Freeways,Not Applicable,Not Applicable,1,Traffic Citation
40.313997,-75.375061,"Sunday, December 28, 2025 2:01 PM",Maximum Speed Limits - Freeways,Not Applicable,Not Applicable,1,Traffic Citation
40.3140086,-75.375065,"Friday, May 22, 2026 10:18 AM",Maximum Speed Limits - Freeways,Not Applicable,Not Applicable,1,Traffic Citation
40.3141385,-76.931748,"Sunday, January 4, 2026 9:26 PM",Maximum Speed Limits - Freeways,Not Applicable,Not Applicable,1,Traffic Citation
40.3143705,-76.931931,"Friday, May 22, 2026 12:14 PM",Maximum Speed Limits - Freeways,Not Applicable,Not Applicable,1,Traffic Citation
40.3145563,-76.931305,"Monday, August 4, 2025 11:27 AM",Maximum Speed Limits - Freeways,Not Applicable,Not Applicable,1,Traffic Citation
40.314557,-76.931305,"Wednesday, July 23, 2025 6:44 PM",Maximum Speed Limits - Freeways,Not Applicable,Not Applicable,1,Traffic Citation
40.3146083,-75.375285,"Wednesday, December 10, 2025 5:56 AM",Maximum Speed Limits - Freeways,Not Applicable,Not Applicable,1,Traffic Citation
40.314643,-76.92995,"Friday, March 13, 2026 4:34 PM",Maximum Speed Limits - Freeways,Not Applicable,Not Applicable,1,Traffic Citation
40.3147735,-76.930864,"Tuesday, September 2, 2025 6:46 PM",Maximum Speed Limits - Freeways,Not Applicable,Not Applicable,1,Traffic Citation
40.3149427,-78.810008,"Wednesday, December 24, 2025 4:38 PM",Maximum Speed Limits - Freeways,Not Applicable,Not Applicable,1,Traffic Citation
40.3149589,-78.438968,"Sunday, March 8, 2026 4:24 PM",Maximum Speed Limits - Freeways,Not Applicable,Not Applicable,1,Traffic Citation
40.3151792,-75.375488,"Wednesday, September 10, 2025 7:03 PM",Maximum Speed Limits - Freeways,Not Applicable,Not Applicable,2,Traffic Citation
40.3152082,-76.928797,"Sunday, January 4, 2026 8:09 PM",Maximum Speed Limits - Freeways,Not Applicable,Not Applicable,1,Traffic Citation
40.3153721,-76.928246,"Sunday, January 4, 2026 9:03 PM",Maximum Speed Limits - Freeways,Not Applicable,Not Applicable,1,Traffic Citation
40.3154856,-76.927911,"Sunday, January 4, 2026 6:33 PM",Maximum Speed Limits - Freeways,Not Applicable,Not Applicable,1,Traffic Citation
40.3156105,-75.375641,"Monday, July 21, 2025 5:15 PM",Maximum Speed Limits - Freeways,Not Applicable,Not Applicable,2,Traffic Citation
40.3160358,-78.809169,"Monday, March 23, 2026 5:22 PM",Maximum Speed Limits - Freeways,Not Applicable,Not Applicable,1,Traffic Citation
40.3161168,-75.375826,"Monday, May 25, 2026 4:58 PM",Maximum Speed Limits - Freeways,Not Applicable,Not Applicable,3,Traffic Citation
40.3162007,-78.43839,"Saturday, July 5, 2025 3:47 PM",Maximum Speed Limits - Freeways,Not Applicable,Not Applicable,1,Traffic Citation
40.3173687,-78.437788,"Monday, August 11, 2025 3:15 PM",Maximum Speed Limits - Freeways,Not Applicable,Not Applicable,1,Traffic Citation
40.3174748,-78.437733,"Saturday, July 5, 2025 2:34 PM",Maximum Speed Limits - Freeways,Not Applicable,Not Applicable,2,Traffic Citation
40.3175398,-78.4377,"Sunday, July 6, 2025 8:39 PM",Maximum Speed Limits - Freeways,Not Applicable,Not Applicable,1,Traffic Citation
40.3175653,-78.437686,"Sunday, January 4, 2026 1:55 PM",Maximum Speed Limits - Freeways,Not Applicable,Not Applicable,1,Traffic Citation
40.3177054,-78.437614,"Sunday, March 8, 2026 4:40 PM",Maximum Speed Limits - Freeways,Not Applicable,Not Applicable,1,Traffic Citation
40.3177288,-75.376415,"Friday, June 12, 2026 12:09 PM",Maximum Speed Limits - Freeways,Not Applicable,Not Applicable,1,Traffic Citation
40.3183702,-75.376648,"Thursday, May 14, 2026 2:05 PM",Maximum Speed Limits - Freeways,Not Applicable,Not Applicable,1,Traffic Citation
40.3186866,-78.807122,"Saturday, January 3, 2026 4:00 PM",Maximum Speed Limits - Freeways,Not Applicable,Not Applicable,1,Traffic Citation
40.3193227,-75.37698,"Friday, June 12, 2026 1:22 PM",Maximum Speed Limits - Freeways,Not Applicable,Not Applicable,1,Traffic Citation
40.3195376,-78.43667,"Saturday, July 5, 2025 3:01 PM",Maximum Speed Limits - Freeways,Not Applicable,Not Applicable,1,Traffic Citation
40.3196601,-78.436607,"Sunday, July 6, 2025 8:18 PM",Maximum Speed Limits - Freeways,Not Applicable,Not Applicable,1,Traffic Citation
40.3197701,-78.43655,"Saturday, July 5, 2025 3:16 PM",Maximum Speed Limits - Freeways,Not Applicable,Not Applicable,1,Traffic Citation
40.3200115,-78.436426,"Saturday, January 3, 2026 12:10 PM",Maximum Speed Limits - Freeways,Not Applicable,Not Applicable,1,Traffic Citation
40.3202994,-75.377348,"Saturday, February 28, 2026 1:10 PM",Maximum Speed Limits - Freeways,Not Applicable,Not Applicable,3,Traffic Citation
40.3208196,-78.436009,"Sunday, January 4, 2026 12:25 PM",Maximum Speed Limits - Freeways,Not Applicable,Not Applicable,1,Traffic Citation
40.3212132,-80.146926,"Saturday, July 5, 2025 2:45 PM",Maximum Speed Limits - Freeways,Not Applicable,Not Applicable,1,Traffic Citation
40.3212789,-78.435773,"Saturday, January 3, 2026 1:10 PM",Maximum Speed Limits - Freeways,Not Applicable,Not Applicable,1,Traffic Citation
40.3213292,-78.804677,"Friday, August 29, 2025 7:35 PM",Maximum Speed Limits - Freeways,Not Applicable,Not Applicable,1,Traffic Citation
40.32146,-78.435679,"Saturday, July 5, 2025 3:33 PM",Maximum Speed Limits - Freeways,Not Applicable,Not Applicable,1,Traffic Citation
40.3218295,-78.435489,"Saturday, July 5, 2025 1:54 PM",Maximum Speed Limits - Freeways,Not Applicable,Not Applicable,1,Traffic Citation
40.3218581,-78.435474,"Monday, August 11, 2025 3:35 PM",Maximum Speed Limits - Freeways,Not Applicable,Not Applicable,1,Traffic Citation
40.3219104,-78.435447,"Monday, August 11, 2025 3:57 PM",Maximum Speed Limits - Freeways,Not Applicable,Not Applicable,3,Traffic Citation
40.3221282,-78.435335,"Sunday, January 4, 2026 12:39 PM",Maximum Speed Limits - Freeways,Not Applicable,Not Applicable,1,Traffic Citation
40.322736,-75.378016,"Thursday, July 3, 2025 9:20 PM",Maximum Speed Limits - Freeways,Not Applicable,Not Applicable,1,Traffic Citation
40.3238333,-75.37863,"Saturday, November 29, 2025 7:16 PM",Maximum Speed Limits - Freeways,Not Applicable,Not Applicable,1,Traffic Citation
40.3243768,-76.810557,"Monday, June 29, 2026 7:22 PM",Maximum Speed Limits - Freeways,Not Applicable,Not Applicable,1,Traffic Citation
40.3253463,-75.378959,"Tuesday, December 9, 2025 5:02 PM",Maximum Speed Limits - Freeways,Not Applicable,Not Applicable,1,Traffic Citation
40.3263308,-78.433182,"Saturday, August 30, 2025 9:54 AM",Maximum Speed Limits - Freeways,Not Applicable,Not Applicable,1,Traffic Citation
40.3265211,-75.379596,"Friday, May 1, 2026 12:44 PM",Maximum Speed Limits - Freeways,Not Applicable,Not Applicable,1,Traffic Citation
40.3274086,-76.785236,"Friday, May 22, 2026 9:29 AM",Maximum Speed Limits - Freeways,Not Applicable,Not Applicable,1,Traffic Citation
40.327672,-80.155739,"Wednesday, December 17, 2025 12:48 PM",Maximum Speed Limits - Freeways,Not Applicable,Not Applicable,1,Traffic Citation
40.3276887,-76.783897,"Saturday, December 27, 2025 9:02 AM",Maximum Speed Limits - Freeways,Not Applicable,Not Applicable,1,Traffic Citation
40.3279925,-75.379918,"Sunday, May 24, 2026 11:32 AM",Maximum Speed Limits - Freeways,Not Applicable,Not Applicable,1,Traffic Citation
40.3284272,-76.780348,"Saturday, January 31, 2026 8:13 AM",Maximum Speed Limits - Freeways,Not Applicable,Not Applicable,1,Traffic Citation
40.3292127,-76.776612,"Friday, August 22, 2025 7:30 AM",Maximum Speed Limits - Freeways,Not Applicable,Not Applicable,1,Traffic Citation
40.3292261,-78.431684,"Sunday, June 14, 2026 10:46 PM",Maximum Speed Limits - Freeways,Not Applicable,Not Applicable,1,Traffic Citation
40.3295469,-75.380699,"Friday, May 22, 2026 9:58 AM",Maximum Speed Limits - Freeways,Not Applicable,Not Applicable,1,Traffic Citation
40.3296801,-76.774052,"Monday, May 25, 2026 12:29 AM",Maximum Speed Limits - Freeways,Not Applicable,Not Applicable,1,Traffic Citation
40.3305271,-80.162282,"Monday, May 25, 2026 1:07 PM",Maximum Speed Limits - Freeways,Not Applicable,Not Applicable,1,Traffic Citation
40.3305372,-80.162326,"Monday, May 25, 2026 2:51 PM",Maximum Speed Limits - Freeways,Not Applicable,Not Applicable,1,Traffic Citation
40.3305378,-76.766711,"Sunday, May 24, 2026 8:30 AM",Maximum Speed Limits - Freeways,Not Applicable,Not Applicable,1,Traffic Citation
40.3305894,-80.162553,"Friday, May 15, 2026 4:28 PM",Maximum Speed Limits - Freeways,Not Applicable,Not Applicable,1,Traffic Citation
40.330712,-80.163087,"Sunday, May 17, 2026 8:18 PM",Maximum Speed Limits - Freeways,Not Applicable,Not Applicable,1,Traffic Citation
40.3307199,-80.163122,"Friday, February 20, 2026 8:14 PM",Maximum Speed Limits - Freeways,Not Applicable,Not Applicable,1,Traffic Citation
40.3307502,-76.762398,"Sunday, January 18, 2026 1:22 AM",Maximum Speed Limits - Freeways,Not Applicable,Not Applicable,1,Traffic Citation
40.3310168,-76.761355,"Friday, January 2, 2026 8:24 PM",Maximum Speed Limits - Freeways,Not Applicable,Not Applicable,1,Traffic Citation
40.3310319,-80.164483,"Friday, June 5, 2026 4:15 PM",Maximum Speed Limits - Freeways,Not Applicable,Not Applicable,1,Traffic Citation
40.3311597,-78.430679,"Wednesday, November 26, 2025 7:42 AM",Maximum Speed Limits - Freeways,Not Applicable,Not Applicable,1,Traffic Citation
40.331372,-80.164765,"Tuesday, October 28, 2025 7:02 AM",Maximum Speed Limits - Freeways,Not Applicable,Not Applicable,2,Traffic Citation
40.331415,-80.166172,"Friday, February 20, 2026 5:27 PM",Maximum Speed Limits - Freeways,Not Applicable,Not Applicable,1,Traffic Citation
40.3315122,-80.166601,"Sunday, October 19, 2025 12:48 PM",Maximum Speed Limits - Freeways,Not Applicable,Not Applicable,1,Traffic Citation
40.3315419,-80.166731,"Monday, May 25, 2026 3:35 PM",Maximum Speed Limits - Freeways,Not Applicable,Not Applicable,1,Traffic Citation
40.3326112,-76.758624,"Wednesday, December 24, 2025 3:28 PM",Maximum Speed Limits - Freeways,Not Applicable,Not Applicable,1,Traffic Citation
40.3338208,-75.382021,"Monday, May 25, 2026 6:16 PM",Maximum Speed Limits - Freeways,Not Applicable,Not Applicable,2,Traffic Citation
40.3341648,-78.795052,"Wednesday, November 26, 2025 7:59 AM",Maximum Speed Limits - Freeways,Not Applicable,Not Applicable,1,Traffic Citation
40.3341785,-78.794962,"Wednesday, November 26, 2025 8:12 AM",Maximum Speed Limits - Freeways,Not Applicable,Not Applicable,1,Traffic Citation
40.3344452,-76.75603,"Wednesday, December 24, 2025 6:48 AM",Maximum Speed Limits - Freeways,Not Applicable,Not Applicable,1,Traffic Citation
40.3354513,-80.177092,"Monday, January 5, 2026 4:08 PM",Maximum Speed Limits - Freeways,Not Applicable,Not Applicable,1,Traffic Citation
40.3355963,-75.382923,"Saturday, April 11, 2026 1:09 PM",Maximum Speed Limits - Freeways,Not Applicable,Not Applicable,1,Traffic Citation
40.3359496,-78.429257,"Tuesday, April 14, 2026 8:34 AM",Maximum Speed Limits - Freeways,Not Applicable,Not Applicable,1,Traffic Citation
40.3361138,-78.789632,"Wednesday, November 26, 2025 9:45 AM",Maximum Speed Limits - Freeways,Not Applicable,Not Applicable,1,Traffic Citation
40.3361206,-80.178383,"Friday, April 24, 2026 9:40 PM",Maximum Speed Limits - Freeways,Not Applicable,Not Applicable,2,Traffic Citation
40.3361328,-80.178406,"Monday, May 25, 2026 1:28 PM",Maximum Speed Limits - Freeways,Not Applicable,Not Applicable,1,Traffic Citation
40.3363232,-78.78918,"Sunday, September 28, 2025 4:40 PM",Maximum Speed Limits - Freeways,Not Applicable,Not Applicable,1,Traffic Citation
40.3364814,-75.383079,"Saturday, October 25, 2025 10:26 AM",Maximum Speed Limits - Freeways,Not Applicable,Not Applicable,1,Traffic Citation
40.3367733,-78.788206,"Tuesday, October 28, 2025 4:45 PM",Maximum Speed Limits - Freeways,Not Applicable,Not Applicable,1,Traffic Citation
40.3368898,-78.787944,"Friday, August 29, 2025 9:49 AM",Maximum Speed Limits - Freeways,Not Applicable,Not Applicable,1,Traffic Citation
40.3369276,-78.787863,"Friday, August 29, 2025 2:33 PM",Maximum Speed Limits - Freeways,Not Applicable,Not Applicable,1,Traffic Citation
40.3369283,-78.787861,"Wednesday, November 26, 2025 8:50 AM",Maximum Speed Limits - Freeways,Not Applicable,Not Applicable,1,Traffic Citation
40.3369758,-78.787759,"Friday, August 29, 2025 6:48 PM",Maximum Speed Limits - Freeways,Not Applicable,Not Applicable,1,Traffic Citation
40.3369943,-78.787719,"Friday, August 29, 2025 6:22 PM",Maximum Speed Limits - Freeways,Not Applicable,Not Applicable,1,Traffic Citation
40.3370071,-80.180057,"Friday, July 4, 2025 10:29 AM",Maximum Speed Limits - Freeways,Not Applicable,Not Applicable,1,Traffic Citation
40.3370991,-78.42934,"Thursday, July 3, 2025 7:23 AM",Maximum Speed Limits - Freeways,Not Applicable,Not Applicable,1,Traffic Citation
40.3371,-78.787491,"Friday, August 29, 2025 9:38 PM",Maximum Speed Limits - Freeways,Not Applicable,Not Applicable,1,Traffic Citation
40.3373306,-78.786995,"Sunday, July 6, 2025 6:28 PM",Maximum Speed Limits - Freeways,Not Applicable,Not Applicable,1,Traffic Citation
40.3373463,-75.383495,"Monday, May 25, 2026 4:02 PM",Maximum Speed Limits - Freeways,Not Applicable,Not Applicable,1,Traffic Citation
40.3374109,-78.786822,"Friday, May 22, 2026 8:56 AM",Maximum Speed Limits - Freeways,Not Applicable,Not Applicable,1,Traffic Citation
40.3374608,-78.786715,"Friday, August 29, 2025 9:17 PM",Maximum Speed Limits - Freeways,Not Applicable,Not Applicable,1,Traffic Citation
40.3376505,-78.786306,"Sunday, September 28, 2025 5:38 PM",Maximum Speed Limits - Freeways,Not Applicable,Not Applicable,1,Traffic Citation
40.3376517,-78.429445,"Monday, November 17, 2025 8:35 AM",Maximum Speed Limits - Freeways,Not Applicable,Not Applicable,1,Traffic Citation
40.3376604,-78.429447,"Monday, November 17, 2025 8:13 AM",Maximum Speed Limits - Freeways,Not Applicable,Not Applicable,1,Traffic Citation
40.3376756,-78.786252,"Tuesday, October 28, 2025 4:28 PM",Maximum Speed Limits - Freeways,Not Applicable,Not Applicable,1,Traffic Citation
40.3377611,-78.786068,"Thursday, July 3, 2025 7:56 AM",Maximum Speed Limits - Freeways,Not Applicable,Not Applicable,2,Traffic Citation
40.3378236,-78.785931,"Thursday, July 3, 2025 8:57 AM",Maximum Speed Limits - Freeways,Not Applicable,Not Applicable,1,Traffic Citation
40.337837,-78.785902,"Sunday, August 31, 2025 2:13 PM",Maximum Speed Limits - Freeways,Not Applicable,Not Applicable,1,Traffic Citation
40.3378447,-78.785885,"Friday, August 29, 2025 8:36 AM",Maximum Speed Limits - Freeways,Not Applicable,Not Applicable,1,Traffic Citation
40.3378448,-78.785885,"Tuesday, October 28, 2025 3:50 PM",Maximum Speed Limits - Freeways,Not Applicable,Not Applicable,1,Traffic Citation
40.3378845,-78.785797,"Thursday, February 12, 2026 1:01 PM",Maximum Speed Limits - Freeways,Not Applicable,Not Applicable,1,Traffic Citation
40.3378921,-78.785781,"Saturday, November 22, 2025 2:38 PM",Maximum Speed Limits - Freeways,Not Applicable,Not Applicable,1,Traffic Citation
40.3378949,-78.785775,"Monday, March 23, 2026 4:11 PM",Maximum Speed Limits - Freeways,Not Applicable,Not Applicable,1,Traffic Citation
40.3379065,-78.785749,"Wednesday, July 30, 2025 3:37 PM",Maximum Speed Limits - Freeways,Not Applicable,Not Applicable,1,Traffic Citation
40.3379086,-78.785745,"Saturday, July 5, 2025 9:25 PM",Maximum Speed Limits - Freeways,Not Applicable,Not Applicable,1,Traffic Citation
40.3379487,-78.785657,"Sunday, September 28, 2025 5:17 PM",Maximum Speed Limits - Freeways,Not Applicable,Not Applicable,1,Traffic Citation
40.3379618,-78.785628,"Thursday, July 3, 2025 5:27 AM",Maximum Speed Limits - Freeways,Not Applicable,Not Applicable,1,Traffic Citation
40.3379681,-78.785614,"Thursday, June 25, 2026 4:58 PM",Maximum Speed Limits - Freeways,Not Applicable,Not Applicable,1,Traffic Citation
40.3379733,-78.785603,"Tuesday, March 24, 2026 4:05 PM",Maximum Speed Limits - Freeways,Not Applicable,Not Applicable,1,Traffic Citation
40.3379738,-78.785602,"Saturday, November 22, 2025 1:52 PM",Maximum Speed Limits - Freeways,Not Applicable,Not Applicable,2,Traffic Citation
40.3379915,-78.785563,"Friday, August 29, 2025 2:07 PM",Maximum Speed Limits - Freeways,Not Applicable,Not Applicable,1,Traffic Citation
40.3380024,-80.182,"Sunday, February 22, 2026 3:27 PM",Maximum Speed Limits - Freeways,Not Applicable,Not Applicable,1,Traffic Citation
40.3380094,-78.785524,"Thursday, July 10, 2025 6:52 AM",Maximum Speed Limits - Freeways,Not Applicable,Not Applicable,1,Traffic Citation
40.3380096,-78.785523,"Wednesday, July 30, 2025 7:20 AM",Maximum Speed Limits - Freeways,Not Applicable,Not Applicable,1,Traffic Citation
40.3380225,-78.785495,"Friday, August 29, 2025 12:33 PM",Maximum Speed Limits - Freeways,Not Applicable,Not Applicable,1,Traffic Citation
40.3380478,-78.78544,"Tuesday, March 24, 2026 3:28 PM",Maximum Speed Limits - Freeways,Not Applicable,Not Applicable,1,Traffic Citation
40.3380489,-78.785437,"Friday, August 29, 2025 7:15 PM",Maximum Speed Limits - Freeways,Not Applicable,Not Applicable,1,Traffic Citation
40.3380554,-78.785423,"Saturday, March 7, 2026 4:12 PM",Maximum Speed Limits - Freeways,Not Applicable,Not Applicable,1,Traffic Citation
40.3380718,-78.785387,"Saturday, November 22, 2025 1:28 PM",Maximum Speed Limits - Freeways,Not Applicable,Not Applicable,1,Traffic Citation
40.3380802,-78.785368,"Tuesday, October 28, 2025 4:09 PM",Maximum Speed Limits - Freeways,Not Applicable,Not Applicable,1,Traffic Citation
40.3380901,-78.785347,"Saturday, November 22, 2025 2:56 PM",Maximum Speed Limits - Freeways,Not Applicable,Not Applicable,1,Traffic Citation
40.3381095,-78.785304,"Tuesday, March 24, 2026 3:09 PM",Maximum Speed Limits - Freeways,Not Applicable,Not Applicable,1,Traffic Citation
40.3381184,-78.785285,"Friday, August 29, 2025 1:49 PM",Maximum Speed Limits - Freeways,Not Applicable,Not Applicable,1,Traffic Citation
40.3381269,-78.785266,"Tuesday, October 28, 2025 3:27 PM",Maximum Speed Limits - Freeways,Not Applicable,Not Applicable,1,Traffic Citation
40.3381298,-78.78526,"Saturday, November 22, 2025 3:18 PM",Maximum Speed Limits - Freeways,Not Applicable,Not Applicable,1,Traffic Citation
40.3381369,-78.785244,"Tuesday, June 16, 2026 5:37 PM",Maximum Speed Limits - Freeways,Not Applicable,Not Applicable,2,Traffic Citation
40.3381402,-78.785237,"Thursday, June 25, 2026 5:23 PM",Maximum Speed Limits - Freeways,Not Applicable,Not Applicable,1,Traffic Citation
40.3381405,-78.785236,"Saturday, November 22, 2025 2:16 PM",Maximum Speed Limits - Freeways,Not Applicable,Not Applicable,1,Traffic Citation
40.3381421,-78.785233,"Tuesday, March 24, 2026 3:43 PM",Maximum Speed Limits - Freeways,Not Applicable,Not Applicable,1,Traffic Citation
40.3381495,-78.785216,"Thursday, February 12, 2026 1:50 PM",Maximum Speed Limits - Freeways,Not Applicable,Not Applicable,1,Traffic Citation
40.3381509,-78.785214,"Monday, March 23, 2026 3:51 PM",Maximum Speed Limits - Freeways,Not Applicable,Not Applicable,1,Traffic Citation
40.3381714,-78.785168,"Thursday, June 25, 2026 4:38 PM",Maximum Speed Limits - Freeways,Not Applicable,Not Applicable,1,Traffic Citation
40.3381719,-78.785167,"Thursday, July 3, 2025 5:52 AM",Maximum Speed Limits - Freeways,Not Applicable,Not Applicable,3,Traffic Citation
40.3381782,-78.785154,"Thursday, July 3, 2025 8:20 AM",Maximum Speed Limits - Freeways,Not Applicable,Not Applicable,1,Traffic Citation
40.338182,-78.785145,"Monday, March 23, 2026 3:28 PM",Maximum Speed Limits - Freeways,Not Applicable,Not Applicable,2,Traffic Citation
40.3381834,-78.785142,"Saturday, April 4, 2026 6:24 PM",Maximum Speed Limits - Freeways,Not Applicable,Not Applicable,1,Traffic Citation
40.3381841,-78.785141,"Wednesday, November 19, 2025 4:45 PM",Maximum Speed Limits - Freeways,Not Applicable,Not Applicable,1,Traffic Citation
40.3381897,-78.785128,"Friday, August 29, 2025 1:31 PM",Maximum Speed Limits - Freeways,Not Applicable,Not Applicable,1,Traffic Citation
40.3381977,-78.785111,"Tuesday, March 24, 2026 4:29 PM",Maximum Speed Limits - Freeways,Not Applicable,Not Applicable,1,Traffic Citation
40.3382023,-78.785101,"Thursday, June 25, 2026 3:51 PM",Maximum Speed Limits - Freeways,Not Applicable,Not Applicable,1,Traffic Citation
40.3382066,-78.785091,"Tuesday, June 16, 2026 4:19 PM",Maximum Speed Limits - Freeways,Not Applicable,Not Applicable,1,Traffic Citation
40.3382171,-78.785068,"Wednesday, July 30, 2025 6:41 AM",Maximum Speed Limits - Freeways,Not Applicable,Not Applicable,1,Traffic Citation
40.3382195,-78.785063,"Friday, April 3, 2026 9:12 AM",Maximum Speed Limits - Freeways,Not Applicable,Not Applicable,2,Traffic Citation
40.33823,-78.78504,"Wednesday, July 30, 2025 3:18 PM",Maximum Speed Limits - Freeways,Not Applicable,Not Applicable,1,Traffic Citation
40.338232,-78.785036,"Thursday, February 12, 2026 1:29 PM",Maximum Speed Limits - Freeways,Not Applicable,Not Applicable,1,Traffic Citation
40.3382372,-78.785024,"Friday, May 22, 2026 9:53 AM",Maximum Speed Limits - Freeways,Not Applicable,Not Applicable,2,Traffic Citation
40.3382381,-78.785022,"Thursday, October 23, 2025 10:31 AM",Maximum Speed Limits - Freeways,Not Applicable,Not Applicable,1,Traffic Citation
40.3382575,-78.78498,"Friday, April 3, 2026 3:28 PM",Maximum Speed Limits - Freeways,Not Applicable,Not Applicable,1,Traffic Citation
40.3382599,-78.784975,"Wednesday, April 8, 2026 12:23 PM",Maximum Speed Limits - Freeways,Not Applicable,Not Applicable,1,Traffic Citation
40.338266,-78.784961,"Thursday, July 3, 2025 11:29 AM",Maximum Speed Limits - Freeways,Not Applicable,Not Applicable,2,Traffic Citation
40.338285,-78.784919,"Friday, April 3, 2026 3:08 PM",Maximum Speed Limits - Freeways,Not Applicable,Not Applicable,2,Traffic Citation
40.3382909,-78.784906,"Tuesday, June 16, 2026 4:44 PM",Maximum Speed Limits - Freeways,Not Applicable,Not Applicable,1,Traffic Citation
40.3382949,-78.784898,"Wednesday, November 19, 2025 6:00 PM",Maximum Speed Limits - Freeways,Not Applicable,Not Applicable,1,Traffic Citation
40.3382969,-78.784893,"Friday, November 28, 2025 5:13 PM",Maximum Speed Limits - Freeways,Not Applicable,Not Applicable,1,Traffic Citation
40.3383062,-78.784873,"Friday, April 3, 2026 3:50 PM",Maximum Speed Limits - Freeways,Not Applicable,Not Applicable,2,Traffic Citation
40.338357,-78.78476,"Friday, November 28, 2025 7:13 PM",Maximum Speed Limits - Freeways,Not Applicable,Not Applicable,1,Traffic Citation
40.3383714,-78.784728,"Tuesday, June 16, 2026 5:06 PM",Maximum Speed Limits - Freeways,Not Applicable,Not Applicable,1,Traffic Citation
40.3383882,-78.784691,"Thursday, July 3, 2025 6:26 AM",Maximum Speed Limits - Freeways,Not Applicable,Not Applicable,2,Traffic Citation
40.3383952,-78.784675,"Thursday, June 25, 2026 3:27 PM",Maximum Speed Limits - Freeways,Not Applicable,Not Applicable,1,Traffic Citation
40.3389259,-78.783903,"Friday, April 3, 2026 4:10 PM",Maximum Speed Limits - Freeways,Not Applicable,Not Applicable,1,Traffic Citation
40.3389533,-78.783669,"Friday, May 22, 2026 7:17 AM",Maximum Speed Limits - Freeways,Not Applicable,Not Applicable,2,Traffic Citation
40.3390921,-80.184183,"Wednesday, June 3, 2026 8:32 PM",Maximum Speed Limits - Freeways,Not Applicable,Not Applicable,1,Traffic Citation
40.3392028,-80.184404,"Sunday, December 7, 2025 12:28 PM",Maximum Speed Limits - Freeways,Not Applicable,Not Applicable,1,Traffic Citation
40.3393236,-78.783347,"Monday, March 30, 2026 1:43 PM",Maximum Speed Limits - Freeways,Not Applicable,Not Applicable,1,Traffic Citation
40.3393728,-78.783289,"Saturday, April 4, 2026 5:05 PM",Maximum Speed Limits - Freeways,Not Applicable,Not Applicable,1,Traffic Citation
40.3394155,-78.783238,"Friday, May 22, 2026 8:08 AM",Maximum Speed Limits - Freeways,Not Applicable,Not Applicable,1,Traffic Citation
40.3395969,-78.78304,"Tuesday, June 16, 2026 3:19 PM",Maximum Speed Limits - Freeways,Not Applicable,Not Applicable,3,Traffic Citation
40.339639,-80.184651,"Sunday, November 2, 2025 12:54 PM",Maximum Speed Limits - Freeways,Not Applicable,Not Applicable,2,Traffic Citation
40.339664,-78.782978,"Friday, November 28, 2025 6:11 PM",Maximum Speed Limits - Freeways,Not Applicable,Not Applicable,1,Traffic Citation
40.3398944,-75.384867,"Tuesday, December 9, 2025 6:28 PM",Maximum Speed Limits - Freeways,Not Applicable,Not Applicable,1,Traffic Citation
40.339963,-78.7827,"Friday, May 22, 2026 7:00 AM",Maximum Speed Limits - Freeways,Not Applicable,Not Applicable,1,Traffic Citation
40.3400536,-78.782629,"Friday, November 28, 2025 5:41 PM",Maximum Speed Limits - Freeways,Not Applicable,Not Applicable,1,Traffic Citation
40.3402885,-76.749362,"Wednesday, November 5, 2025 5:28 AM",Maximum Speed Limits - Freeways,Not Applicable,Not Applicable,1,Traffic Citation
40.3412006,-78.781955,"Friday, November 28, 2025 9:07 AM",Maximum Speed Limits - Freeways,Not Applicable,Not Applicable,1,Traffic Citation
40.3416505,-76.747107,"Saturday, May 23, 2026 6:02 PM",Maximum Speed Limits - Freeways,Not Applicable,Not Applicable,1,Traffic Citation
40.3421314,-75.386324,"Friday, May 22, 2026 9:40 AM",Maximum Speed Limits - Freeways,Not Applicable,Not Applicable,2,Traffic Citation
40.342188,-75.386125,"Monday, March 2, 2026 12:05 PM",Maximum Speed Limits - Freeways,Not Applicable,Not Applicable,1,Traffic Citation
40.342296,-76.746669,"Monday, June 8, 2026 12:51 PM",Maximum Speed Limits - Freeways,Not Applicable,Not Applicable,2,Traffic Citation
40.3426731,-76.745411,"Wednesday, February 4, 2026 1:07 PM",Maximum Speed Limits - Freeways,Not Applicable,Not Applicable,1,Traffic Citation
40.3439239,-75.387073,"Saturday, June 27, 2026 6:26 PM",Maximum Speed Limits - Freeways,Not Applicable,Not Applicable,1,Traffic Citation
40.3441638,-80.194411,"Friday, November 21, 2025 2:28 PM",Maximum Speed Limits - Freeways,Not Applicable,Not Applicable,1,Traffic Citation
40.3449626,-76.741612,"Sunday, January 4, 2026 2:02 PM",Maximum Speed Limits - Freeways,Not Applicable,Not Applicable,1,Traffic Citation
40.3450206,-80.196244,"Sunday, July 6, 2025 4:43 PM",Maximum Speed Limits - Freeways,Not Applicable,Not Applicable,1,Traffic Citation
40.3451696,-75.387982,"Monday, May 25, 2026 4:21 PM",Maximum Speed Limits - Freeways,Not Applicable,Not Applicable,1,Traffic Citation
40.3469648,-76.738926,"Friday, March 13, 2026 8:32 PM",Maximum Speed Limits - Freeways,Not Applicable,Not Applicable,1,Traffic Citation
40.3472381,-79.567705,"Monday, May 25, 2026 1:49 PM",Maximum Speed Limits - Freeways,Not Applicable,Not Applicable,1,Traffic Citation
40.3480674,-76.737101,"Saturday, August 16, 2025 4:03 AM",Maximum Speed Limits - Freeways,Not Applicable,Not Applicable,2,Traffic Citation
40.3484126,-75.38975,"Friday, June 12, 2026 8:30 PM",Maximum Speed Limits - Freeways,Not Applicable,Not Applicable,2,Traffic Citation
40.3491396,-75.39014,"Friday, June 5, 2026 7:02 PM",Maximum Speed Limits - Freeways,Not Applicable,Not Applicable,1,Traffic Citation
40.350789,-76.726986,"Friday, December 26, 2025 7:30 AM",Maximum Speed Limits - Freeways,Not Applicable,Not Applicable,1,Traffic Citation
40.3508768,-75.39087,"Tuesday, October 7, 2025 9:31 AM",Maximum Speed Limits - Freeways,Not Applicable,Not Applicable,1,Traffic Citation
40.350888,-75.390876,"Saturday, April 11, 2026 12:34 PM",Maximum Speed Limits - Freeways,Not Applicable,Not Applicable,1,Traffic Citation
40.3512267,-78.772728,"Saturday, June 13, 2026 12:55 AM",Maximum Speed Limits - Freeways,Not Applicable,Not Applicable,1,Traffic Citation
40.351472,-80.205888,"Wednesday, June 3, 2026 1:22 PM",Maximum Speed Limits - Freeways,Not Applicable,Not Applicable,1,Traffic Citation
40.3521631,-76.722286,"Sunday, May 24, 2026 8:50 AM",Maximum Speed Limits - Freeways,Not Applicable,Not Applicable,1,Traffic Citation
40.3524441,-80.207371,"Friday, November 21, 2025 6:09 PM",Maximum Speed Limits - Freeways,Not Applicable,Not Applicable,1,Traffic Citation
40.3524843,-80.206953,"Thursday, August 14, 2025 11:40 AM",Maximum Speed Limits - Freeways,Not Applicable,Not Applicable,1,Traffic Citation
40.3528884,-76.720267,"Monday, January 19, 2026 2:17 PM",Maximum Speed Limits - Freeways,Not Applicable,Not Applicable,1,Traffic Citation
40.354083,-76.71913,"Friday, August 29, 2025 12:01 AM",Maximum Speed Limits - Freeways,Not Applicable,Not Applicable,1,Traffic Citation
40.354221,-75.392834,"Sunday, March 1, 2026 10:07 AM",Maximum Speed Limits - Freeways,Not Applicable,Not Applicable,1,Traffic Citation
40.3542802,-76.718841,"Sunday, April 5, 2026 9:03 PM",Maximum Speed Limits - Freeways,Not Applicable,Not Applicable,1,Traffic Citation
40.3542846,-75.392868,"Saturday, March 7, 2026 11:07 AM",Maximum Speed Limits - Freeways,Not Applicable,Not Applicable,1,Traffic Citation
40.3546551,-80.209687,"Saturday, November 8, 2025 4:25 PM",Maximum Speed Limits - Freeways,Not Applicable,Not Applicable,1,Traffic Citation
40.3546696,-75.392943,"Friday, December 12, 2025 8:14 AM",Maximum Speed Limits - Freeways,Not Applicable,Not Applicable,1,Traffic Citation
40.356781,-76.71468,"Monday, May 25, 2026 7:40 PM",Maximum Speed Limits - Freeways,Not Applicable,Not Applicable,1,Traffic Citation
40.3569551,-76.715058,"Monday, December 8, 2025 8:57 PM",Maximum Speed Limits - Freeways,Not Applicable,Not Applicable,1,Traffic Citation
40.3571781,-76.714732,"Wednesday, December 31, 2025 10:54 AM",Maximum Speed Limits - Freeways,Not Applicable,Not Applicable,1,Traffic Citation
40.3574198,-75.394444,"Wednesday, February 4, 2026 7:49 AM",Maximum Speed Limits - Freeways,Not Applicable,Not Applicable,2,Traffic Citation
40.3581073,-75.394824,"Friday, November 21, 2025 2:50 PM",Maximum Speed Limits - Freeways,Not Applicable,Not Applicable,1,Traffic Citation
40.3588053,-80.251011,"Wednesday, February 25, 2026 8:17 PM",Maximum Speed Limits - Freeways,Not Applicable,Not Applicable,1,Traffic Citation
40.3589019,-76.711631,"Sunday, May 17, 2026 5:50 AM",Maximum Speed Limits - Freeways,Not Applicable,Not Applicable,1,Traffic Citation
40.35895,-75.395401,"Tuesday, June 23, 2026 9:22 PM",Maximum Speed Limits - Freeways,Not Applicable,Not Applicable,1,Traffic Citation
40.3594196,-76.711489,"Saturday, May 23, 2026 6:32 PM",Maximum Speed Limits - Freeways,Not Applicable,Not Applicable,1,Traffic Citation
40.3609877,-80.239203,"Monday, September 29, 2025 6:42 AM",Maximum Speed Limits - Freeways,Not Applicable,Not Applicable,2,Traffic Citation
40.3610599,-80.236037,"Wednesday, December 17, 2025 4:25 PM",Maximum Speed Limits - Freeways,Not Applicable,Not Applicable,1,Traffic Citation
40.3623094,-76.706745,"Sunday, December 28, 2025 11:27 AM",Maximum Speed Limits - Freeways,Not Applicable,Not Applicable,1,Traffic Citation
40.3623936,-80.25882,"Monday, September 29, 2025 9:27 AM",Maximum Speed Limits - Freeways,Not Applicable,Not Applicable,1,Traffic Citation
40.3624559,-80.258874,"Thursday, July 3, 2025 4:29 PM",Maximum Speed Limits - Freeways,Not Applicable,Not Applicable,1,Traffic Citation
40.362702,-80.259589,"Tuesday, February 3, 2026 6:56 AM",Maximum Speed Limits - Freeways,Not Applicable,Not Applicable,4,Traffic Citation
40.3637543,-75.398043,"Thursday, May 21, 2026 2:24 PM",Maximum Speed Limits - Freeways,Not Applicable,Not Applicable,1,Traffic Citation
40.3640592,-75.398216,"Saturday, November 15, 2025 2:32 PM",Maximum Speed Limits - Freeways,Not Applicable,Not Applicable,1,Traffic Citation
40.364128,-75.398139,"Saturday, November 15, 2025 12:28 PM",Maximum Speed Limits - Freeways,Not Applicable,Not Applicable,1,Traffic Citation
40.3645053,-80.260685,"Thursday, February 5, 2026 7:21 PM",Maximum Speed Limits - Freeways,Not Applicable,Not Applicable,1,Traffic Citation
40.3646952,-75.398567,"Friday, June 12, 2026 5:54 PM",Maximum Speed Limits - Freeways,Not Applicable,Not Applicable,1,Traffic Citation
40.3662713,-76.698726,"Saturday, April 4, 2026 9:23 PM",Maximum Speed Limits - Freeways,Not Applicable,Not Applicable,1,Traffic Citation
40.3664482,-76.697959,"Friday, May 15, 2026 10:47 AM",Maximum Speed Limits - Freeways,Not Applicable,Not Applicable,1,Traffic Citation
40.3665049,-76.697709,"Friday, January 2, 2026 8:57 AM",Maximum Speed Limits - Freeways,Not Applicable,Not Applicable,1,Traffic Citation
40.3665527,-76.697498,"Friday, January 2, 2026 9:33 AM",Maximum Speed Limits - Freeways,Not Applicable,Not Applicable,1,Traffic Citation
40.3666283,-80.261561,"Monday, April 20, 2026 8:31 AM",Maximum Speed Limits - Freeways,Not Applicable,Not Applicable,2,Traffic Citation
40.3667556,-76.696609,"Sunday, April 5, 2026 1:24 AM",Maximum Speed Limits - Freeways,Not Applicable,Not Applicable,1,Traffic Citation
40.3668127,-75.399741,"Sunday, April 12, 2026 8:50 AM",Maximum Speed Limits - Freeways,Not Applicable,Not Applicable,1,Traffic Citation
40.366822,-76.696326,"Wednesday, March 25, 2026 9:16 PM",Maximum Speed Limits - Freeways,Not Applicable,Not Applicable,1,Traffic Citation
40.3669048,-80.261732,"Thursday, October 9, 2025 7:24 AM",Maximum Speed Limits - Freeways,Not Applicable,Not Applicable,4,Traffic Citation
40.3670153,-76.695504,"Sunday, March 22, 2026 1:13 AM",Maximum Speed Limits - Freeways,Not Applicable,Not Applicable,1,Traffic Citation
40.3670656,-76.695293,"Saturday, April 4, 2026 9:00 PM",Maximum Speed Limits - Freeways,Not Applicable,Not Applicable,1,Traffic Citation
40.3670869,-76.695204,"Saturday, February 7, 2026 1:11 AM",Maximum Speed Limits - Freeways,Not Applicable,Not Applicable,1,Traffic Citation
40.3670929,-76.695179,"Saturday, March 21, 2026 8:20 PM",Maximum Speed Limits - Freeways,Not Applicable,Not Applicable,1,Traffic Citation
40.3671237,-76.69505,"Thursday, August 28, 2025 11:03 PM",Maximum Speed Limits - Freeways,Not Applicable,Not Applicable,1,Traffic Citation
40.3674059,-76.693768,"Saturday, April 4, 2026 1:19 AM",Maximum Speed Limits - Freeways,Not Applicable,Not Applicable,1,Traffic Citation
40.3675454,-76.693128,"Thursday, February 5, 2026 12:45 AM",Maximum Speed Limits - Freeways,Not Applicable,Not Applicable,1,Traffic Citation
40.3713781,-76.682401,"Friday, May 8, 2026 12:39 AM",Maximum Speed Limits - Freeways,Not Applicable,Not Applicable,1,Traffic Citation
40.3722198,-76.680699,"Sunday, December 28, 2025 12:07 PM",Maximum Speed Limits - Freeways,Not Applicable,Not Applicable,1,Traffic Citation
40.3731191,-75.403029,"Friday, November 28, 2025 6:49 PM",Maximum Speed Limits - Freeways,Not Applicable,Not Applicable,1,Traffic Citation
40.3742935,-80.26687,"Tuesday, December 16, 2025 9:12 PM",Maximum Speed Limits - Freeways,Not Applicable,Not Applicable,1,Traffic Citation
40.3750589,-80.266923,"Monday, November 17, 2025 3:59 PM",Maximum Speed Limits - Freeways,Not Applicable,Not Applicable,1,Traffic Citation
40.3758457,-80.26784,"Monday, February 2, 2026 8:02 AM",Maximum Speed Limits - Freeways,Not Applicable,Not Applicable,1,Traffic Citation
40.376021,-80.267536,"Thursday, January 1, 2026 1:03 PM",Maximum Speed Limits - Freeways,Not Applicable,Not Applicable,1,Traffic Citation
40.3768791,-75.405284,"Sunday, May 24, 2026 2:34 PM",Maximum Speed Limits - Freeways,Not Applicable,Not Applicable,1,Traffic Citation
40.3769355,-80.268118,"Thursday, May 7, 2026 7:13 AM",Maximum Speed Limits - Freeways,Not Applicable,Not Applicable,3,Traffic Citation
40.3790562,-80.269847,"Thursday, January 1, 2026 1:03 PM",Maximum Speed Limits - Freeways,Not Applicable,Not Applicable,1,Traffic Citation
40.3807345,-76.659473,"Wednesday, December 24, 2025 7:09 AM",Maximum Speed Limits - Freeways,Not Applicable,Not Applicable,1,Traffic Citation
40.381469,-76.658039,"Friday, August 15, 2025 1:02 AM",Maximum Speed Limits - Freeways,Not Applicable,Not Applicable,2,Traffic Citation
40.3819487,-80.271654,"Tuesday, December 9, 2025 8:49 PM",Maximum Speed Limits - Freeways,Not Applicable,Not Applicable,1,Traffic Citation
40.3827338,-76.654114,"Thursday, January 1, 2026 4:16 PM",Maximum Speed Limits - Freeways,Not Applicable,Not Applicable,1,Traffic Citation
40.3830628,-76.653417,"Thursday, January 1, 2026 4:53 PM",Maximum Speed Limits - Freeways,Not Applicable,Not Applicable,1,Traffic Citation
40.3834764,-78.764183,"Thursday, February 12, 2026 2:05 PM",Maximum Speed Limits - Freeways,Not Applicable,Not Applicable,1,Traffic Citation
40.3854743,-80.274783,"Wednesday, July 23, 2025 8:18 AM",Maximum Speed Limits - Freeways,Not Applicable,Not Applicable,1,Traffic Citation
40.3867256,-75.409818,"Wednesday, June 3, 2026 8:14 AM",Maximum Speed Limits - Freeways,Not Applicable,Not Applicable,1,Traffic Citation
40.3869535,-75.409853,"Friday, May 22, 2026 9:13 AM",Maximum Speed Limits - Freeways,Not Applicable,Not Applicable,2,Traffic Citation
40.388692,-75.410046,"Thursday, June 4, 2026 6:31 PM",Maximum Speed Limits - Freeways,Not Applicable,Not Applicable,2,Traffic Citation
40.3888928,-76.640809,"Tuesday, May 5, 2026 11:45 PM",Maximum Speed Limits - Freeways,Not Applicable,Not Applicable,1,Traffic Citation
40.389247,-76.640818,"Sunday, December 28, 2025 1:58 AM",Maximum Speed Limits - Freeways,Not Applicable,Not Applicable,1,Traffic Citation
40.3923202,-75.410717,"Tuesday, April 28, 2026 6:17 PM",Maximum Speed Limits - Freeways,Not Applicable,Not Applicable,1,Traffic Citation
40.3932362,-80.28502,"Tuesday, June 16, 2026 8:19 AM",Maximum Speed Limits - Freeways,Not Applicable,Not Applicable,1,Traffic Citation
40.3933313,-79.689336,"Monday, May 11, 2026 4:28 PM",Maximum Speed Limits - Freeways,Not Applicable,Not Applicable,1,Traffic Citation
40.3947394,-76.626543,"Wednesday, January 14, 2026 7:46 AM",Maximum Speed Limits - Freeways,Not Applicable,Not Applicable,1,Traffic Citation
40.3972371,-76.61911,"Sunday, March 22, 2026 2:53 PM",Maximum Speed Limits - Freeways,Not Applicable,Not Applicable,1,Traffic Citation
40.4001739,-75.411963,"Saturday, March 21, 2026 7:25 AM",Maximum Speed Limits - Freeways,Not Applicable,Not Applicable,1,Traffic Citation
40.4007668,-78.764419,"Friday, August 29, 2025 10:17 AM",Maximum Speed Limits - Freeways,Not Applicable,Not Applicable,1,Traffic Citation
40.4009692,-75.41199,"Wednesday, June 3, 2026 4:28 PM",Maximum Speed Limits - Freeways,Not Applicable,Not Applicable,1,Traffic Citation
40.4017354,-76.608988,"Wednesday, June 10, 2026 5:57 AM",Maximum Speed Limits - Freeways,Not Applicable,Not Applicable,1,Traffic Citation
40.4025397,-76.607681,"Sunday, November 30, 2025 6:57 AM",Maximum Speed Limits - Freeways,Not Applicable,Not Applicable,1,Traffic Citation
40.4028504,-78.764724,"Wednesday, November 19, 2025 6:25 PM",Maximum Speed Limits - Freeways,Not Applicable,Not Applicable,1,Traffic Citation
40.4037508,-75.412526,"Wednesday, May 13, 2026 8:04 PM",Maximum Speed Limits - Freeways,Not Applicable,Not Applicable,1,Traffic Citation
40.4038116,-75.412442,"Sunday, May 24, 2026 2:46 PM",Maximum Speed Limits - Freeways,Not Applicable,Not Applicable,1,Traffic Citation
40.4038273,-76.605589,"Tuesday, May 5, 2026 11:26 PM",Maximum Speed Limits - Freeways,Not Applicable,Not Applicable,1,Traffic Citation
40.4045072,-79.711169,"Monday, May 11, 2026 4:12 PM",Maximum Speed Limits - Freeways,Not Applicable,Not Applicable,1,Traffic Citation
40.4045924,-75.412567,"Wednesday, June 3, 2026 10:15 AM",Maximum Speed Limits - Freeways,Not Applicable,Not Applicable,1,Traffic Citation
40.4068573,-80.304719,"Saturday, November 29, 2025 9:44 AM",Maximum Speed Limits - Freeways,Not Applicable,Not Applicable,1,Traffic Citation
40.4091885,-75.413386,"Wednesday, February 25, 2026 6:42 AM",Maximum Speed Limits - Freeways,Not Applicable,Not Applicable,1,Traffic Citation
40.4091897,-75.413386,"Saturday, November 22, 2025 1:21 PM",Maximum Speed Limits - Freeways,Not Applicable,Not Applicable,1,Traffic Citation
40.4092045,-75.413388,"Friday, May 22, 2026 6:22 AM",Maximum Speed Limits - Freeways,Not Applicable,Not Applicable,1,Traffic Citation
40.4092258,-75.413392,"Thursday, June 11, 2026 6:34 PM",Maximum Speed Limits - Freeways,Not Applicable,Not Applicable,1,Traffic Citation
40.4110351,-80.3129,"Wednesday, October 22, 2025 6:34 AM",Maximum Speed Limits - Freeways,Not Applicable,Not Applicable,1,Traffic Citation
40.4128932,-75.414391,"Saturday, July 5, 2025 6:32 PM",Maximum Speed Limits - Freeways,Not Applicable,Not Applicable,2,Traffic Citation
40.4130632,-78.762617,"Thursday, March 12, 2026 2:36 PM",Maximum Speed Limits - Freeways,Not Applicable,Not Applicable,1,Traffic Citation
40.414054,-76.569728,"Tuesday, February 10, 2026 1:29 AM",Maximum Speed Limits - Freeways,Not Applicable,Not Applicable,1,Traffic Citation
40.4153049,-80.315246,"Monday, September 29, 2025 6:41 AM",Maximum Speed Limits - Freeways,Not Applicable,Not Applicable,2,Traffic Citation
